-- Generation time: Wed, 03 Jun 2020 23:26:25 +0000
-- Host: mysql.hostinger.ro
-- DB name: u574849695_24
/*!40030 SET NAMES UTF8 */;
/*!40101 SET @OLD_CHARACTER_SET_CLIENT=@@CHARACTER_SET_CLIENT */;
/*!40101 SET @OLD_CHARACTER_SET_RESULTS=@@CHARACTER_SET_RESULTS */;
/*!40101 SET @OLD_COLLATION_CONNECTION=@@COLLATION_CONNECTION */;
/*!40103 SET @OLD_TIME_ZONE=@@TIME_ZONE */;
/*!40103 SET TIME_ZONE='+00:00' */;
/*!40014 SET @OLD_UNIQUE_CHECKS=@@UNIQUE_CHECKS, UNIQUE_CHECKS=0 */;
/*!40014 SET @OLD_FOREIGN_KEY_CHECKS=@@FOREIGN_KEY_CHECKS, FOREIGN_KEY_CHECKS=0 */;
/*!40101 SET @OLD_SQL_MODE=@@SQL_MODE, SQL_MODE='NO_AUTO_VALUE_ON_ZERO' */;
/*!40111 SET @OLD_SQL_NOTES=@@SQL_NOTES, SQL_NOTES=0 */;

DROP TABLE IF EXISTS `accounts`;
CREATE TABLE `accounts` (
  `id` bigint(20) unsigned NOT NULL AUTO_INCREMENT,
  `order_id` bigint(20) unsigned DEFAULT NULL,
  `customer_id` bigint(20) unsigned NOT NULL,
  `total` decimal(11,2) DEFAULT NULL,
  `status` enum('waiting pay','success','error pay') DEFAULT NULL,
  `created_at` datetime DEFAULT current_timestamp(),
  `updated_at` datetime DEFAULT current_timestamp() ON UPDATE current_timestamp(),
  PRIMARY KEY (`id`)
) ENGINE=InnoDB AUTO_INCREMENT=257 DEFAULT CHARSET=utf8;

INSERT INTO `accounts` VALUES ('1','1','1',NULL,'waiting pay','2017-05-12 06:20:01','2015-03-06 19:48:39'),
('2','2','2',NULL,'success','2003-09-02 07:51:59','1980-04-12 12:07:33'),
('3','3','3',NULL,'waiting pay','2014-11-14 05:16:30','2014-05-13 12:22:27'),
('4','4','4',NULL,'error pay','2013-10-16 06:53:48','2019-06-30 13:41:37'),
('5','5','5',NULL,'waiting pay','1999-05-11 03:52:57','2013-11-15 05:25:47'),
('6','6','6',NULL,'error pay','2003-03-05 02:06:51','1992-11-24 21:22:58'),
('7','7','7',NULL,'error pay','1970-04-09 10:22:37','1971-04-24 01:04:13'),
('8','8','8',NULL,'waiting pay','1994-06-29 04:16:18','2014-05-07 01:58:15'),
('9','9','9',NULL,'success','1975-07-27 10:44:47','1989-03-26 19:49:26'),
('10','10','10',NULL,'waiting pay','2004-07-29 05:52:40','1990-01-27 18:56:14'),
('11','11','11',NULL,'waiting pay','1975-04-02 20:52:13','1971-06-14 17:12:43'),
('12','12','12',NULL,'success','1970-03-03 03:13:01','1992-10-13 05:16:41'),
('13','13','13',NULL,'waiting pay','2015-03-04 08:55:02','2020-01-16 12:10:50'),
('14','14','14',NULL,'success','1974-04-24 15:25:24','1975-12-25 05:12:56'),
('15','15','15',NULL,'waiting pay','2000-07-21 23:32:18','1994-11-04 23:41:26'),
('16','16','16',NULL,'success','1992-03-09 11:59:45','2004-03-23 06:24:11'),
('17','17','17',NULL,'waiting pay','1977-07-29 14:50:40','2006-08-03 14:43:34'),
('18','18','18',NULL,'waiting pay','2019-04-11 10:46:47','1992-03-15 08:01:25'),
('19','19','19',NULL,'error pay','1978-03-20 21:15:57','1998-10-29 08:29:26'),
('20','20','20',NULL,'error pay','2014-09-14 06:41:34','1995-10-17 13:09:19'),
('21','21','21',NULL,'error pay','1995-07-06 14:11:42','2001-04-23 07:11:42'),
('22','22','22',NULL,'success','1978-12-18 18:06:23','1992-03-04 12:38:36'),
('23','23','23',NULL,'success','2017-01-29 05:50:19','2002-10-20 21:55:58'),
('24','24','24',NULL,'error pay','1973-11-01 16:57:52','2017-03-19 03:42:04'),
('25','25','25',NULL,'success','2010-05-25 04:28:44','1993-02-04 15:34:12'),
('26','26','26',NULL,'error pay','1976-05-17 01:33:56','1992-10-31 05:09:52'),
('27','27','27',NULL,'success','2018-11-29 01:35:44','1991-02-12 23:11:26'),
('28','28','28',NULL,'success','1998-11-28 21:08:06','1980-10-26 23:11:52'),
('29','29','29',NULL,'waiting pay','2008-03-31 09:46:30','1999-01-23 16:07:19'),
('30','30','30',NULL,'waiting pay','2018-06-06 15:52:44','1973-04-07 23:48:42'),
('31','31','31',NULL,'waiting pay','2003-03-23 05:54:13','1986-06-27 21:21:42'),
('32','32','32',NULL,'error pay','1998-09-15 09:43:37','2006-04-26 10:18:44'),
('33','33','33',NULL,'error pay','2014-06-23 14:08:41','1992-09-12 21:50:48'),
('34','34','34',NULL,'waiting pay','1999-05-18 17:04:28','1982-07-16 14:35:41'),
('35','35','35',NULL,'waiting pay','1979-11-24 20:42:57','1976-07-15 12:02:48'),
('36','36','36',NULL,'waiting pay','2006-11-18 04:15:29','2017-10-12 22:12:27'),
('37','37','37',NULL,'error pay','1990-10-13 03:09:23','1991-03-02 10:55:09'),
('38','38','38',NULL,'error pay','2017-07-12 03:32:50','2013-06-20 18:14:48'),
('39','39','39',NULL,'waiting pay','1974-12-03 18:22:13','2009-05-16 16:41:26'),
('40','40','40',NULL,'success','1987-04-03 00:53:48','1981-11-05 21:08:15'),
('41','41','41',NULL,'waiting pay','1990-04-27 11:03:56','2010-09-08 08:32:01'),
('42','42','42',NULL,'waiting pay','1984-11-29 14:11:47','1973-07-07 00:50:43'),
('43','43','43',NULL,'success','2010-11-28 07:34:06','1994-04-24 11:07:43'),
('44','44','44',NULL,'error pay','1975-04-03 08:56:37','1994-06-06 06:06:27'),
('45','45','45',NULL,'success','1990-07-04 02:16:37','2012-07-07 09:45:26'),
('46','46','46',NULL,'success','1996-03-23 02:05:32','1999-03-30 21:07:13'),
('47','47','47',NULL,'waiting pay','1986-12-13 18:29:32','2012-08-23 11:35:33'),
('48','48','48',NULL,'waiting pay','2019-01-02 22:03:30','1999-12-11 22:41:16'),
('49','49','49',NULL,'success','2015-04-01 08:54:38','1981-12-04 02:36:24'),
('50','50','50',NULL,'success','1990-10-19 07:10:34','1989-08-11 23:03:45'),
('51','51','51',NULL,'waiting pay','2009-02-04 14:30:07','2018-07-11 14:18:28'),
('52','52','52',NULL,'error pay','1987-10-01 23:37:09','1992-08-25 04:23:38'),
('53','53','53',NULL,'error pay','1998-04-22 20:42:29','2013-10-29 09:49:49'),
('54','54','54',NULL,'error pay','1997-05-08 00:49:14','1991-06-20 21:08:36'),
('55','55','55',NULL,'error pay','2013-05-22 14:46:22','1982-05-22 18:57:20'),
('56','56','56',NULL,'waiting pay','1997-04-06 07:39:16','2004-10-11 10:07:26'),
('57','57','57',NULL,'success','2019-09-22 03:59:11','1979-05-07 09:07:53'),
('58','58','58',NULL,'waiting pay','1978-09-17 11:58:10','1980-02-29 12:39:34'),
('59','59','59',NULL,'error pay','1992-12-07 03:29:16','2011-01-11 07:31:12'),
('60','60','60',NULL,'error pay','1999-05-12 04:12:03','2007-03-14 10:50:22'),
('61','61','61',NULL,'waiting pay','1991-06-08 13:38:56','2018-04-25 12:46:12'),
('62','62','62',NULL,'error pay','2006-04-14 14:03:08','1994-03-31 00:03:32'),
('63','63','63',NULL,'waiting pay','2018-11-01 01:27:10','1995-11-07 13:23:31'),
('64','64','64',NULL,'waiting pay','1993-12-11 10:46:59','2012-02-20 15:51:11'),
('65','65','65',NULL,'waiting pay','1975-01-21 13:58:30','1985-03-13 14:04:52'),
('66','66','66',NULL,'success','1978-04-05 20:12:43','1983-12-15 21:31:48'),
('67','67','67',NULL,'success','1985-08-03 12:34:03','1985-01-08 15:14:53'),
('68','68','68',NULL,'waiting pay','2001-08-01 01:48:51','1982-01-29 13:54:25'),
('69','69','69',NULL,'error pay','1978-03-02 16:49:48','2002-04-14 23:19:42'),
('70','70','70',NULL,'success','2000-01-10 18:43:25','1990-11-09 19:00:17'),
('71','71','71',NULL,'waiting pay','1989-07-26 02:05:29','2019-09-27 12:09:29'),
('72','72','72',NULL,'waiting pay','2011-05-03 23:38:48','1971-09-23 00:17:37'),
('73','73','73',NULL,'error pay','1994-08-27 10:36:10','2015-09-17 01:27:48'),
('74','74','74',NULL,'error pay','1976-11-05 00:19:40','2010-12-24 13:19:57'),
('75','75','75',NULL,'error pay','2000-08-26 23:27:38','2010-08-01 09:44:25'),
('76','76','76',NULL,'success','1970-12-27 15:02:45','1972-10-12 12:50:05'),
('77','77','77',NULL,'error pay','1985-03-11 23:51:08','2003-06-10 02:28:20'),
('78','78','78',NULL,'success','2002-07-30 11:55:32','2019-03-15 05:32:35'),
('79','79','79',NULL,'waiting pay','1999-03-03 10:22:48','1982-09-23 02:34:09'),
('80','80','80',NULL,'waiting pay','2010-12-12 20:47:23','1987-02-23 15:14:31'),
('81','81','81',NULL,'success','2003-11-29 09:02:34','1991-05-02 22:37:40'),
('82','82','82',NULL,'success','1979-03-20 00:24:23','1987-01-02 20:50:35'),
('83','83','83',NULL,'error pay','1980-05-24 04:09:48','2007-05-12 13:42:49'),
('84','84','84',NULL,'waiting pay','1996-08-03 17:18:49','2000-06-10 10:13:58'),
('85','85','85',NULL,'waiting pay','2018-03-05 19:45:10','1996-01-12 11:59:27'),
('86','86','86',NULL,'error pay','1975-03-18 12:44:11','2002-01-30 07:41:40'),
('87','87','87',NULL,'waiting pay','2015-12-08 03:07:28','2007-08-14 19:33:46'),
('88','88','88',NULL,'success','1989-12-19 22:50:53','1997-05-11 23:44:20'),
('89','89','89',NULL,'error pay','1974-02-08 23:28:57','1982-11-22 13:19:57'),
('90','90','90',NULL,'error pay','2002-10-05 20:15:58','2015-07-04 08:13:21'),
('91','91','91',NULL,'success','1995-08-02 01:17:34','1995-04-03 05:03:52'),
('92','92','92',NULL,'error pay','2010-06-16 04:32:58','2008-07-06 23:06:52'),
('93','93','93',NULL,'error pay','2009-03-03 00:38:26','2016-02-20 00:31:35'),
('94','94','94',NULL,'error pay','2009-09-23 13:09:11','1996-07-28 14:53:29'),
('95','95','95',NULL,'waiting pay','1971-06-02 04:15:07','1993-12-16 09:11:42'),
('96','96','96',NULL,'waiting pay','1974-05-28 07:55:55','1983-08-28 00:47:51'),
('97','97','97',NULL,'success','1972-09-25 22:44:29','1982-05-25 14:14:52'),
('98','98','1',NULL,'waiting pay','2007-06-06 03:52:55','2016-07-15 03:03:00'),
('99','99','2',NULL,'error pay','1999-06-20 02:57:34','1996-11-02 12:46:01'),
('100','100','3',NULL,'success','1996-03-17 17:08:30','1985-08-06 05:33:50'),
('101','101','4',NULL,'error pay','1976-05-03 18:47:47','2001-01-13 17:56:44'),
('102','102','5',NULL,'waiting pay','1986-01-18 22:57:27','2008-04-16 18:17:36'),
('103','103','6',NULL,'error pay','2002-09-05 09:33:56','2003-03-27 04:24:01'),
('104','104','7',NULL,'success','1998-11-05 18:09:48','1999-10-19 14:04:50'),
('105','105','8',NULL,'success','1997-11-26 16:06:21','2003-06-09 06:27:55'),
('106','106','9',NULL,'waiting pay','2002-09-13 04:06:14','1984-07-27 13:50:12'),
('107','107','10',NULL,'success','2012-06-10 15:35:43','2019-12-20 09:28:32'),
('108','108','11',NULL,'error pay','1983-09-22 08:24:36','1982-08-27 11:46:15'),
('109','109','12',NULL,'waiting pay','2007-07-27 06:04:54','2019-06-04 17:52:46'),
('110','110','13',NULL,'error pay','2000-08-15 18:59:37','2005-08-31 04:46:25'),
('111','111','14',NULL,'waiting pay','1998-12-14 15:24:25','1975-11-11 15:45:03'),
('112','112','15',NULL,'success','2009-07-23 14:12:11','1970-03-19 16:55:05'),
('113','113','16',NULL,'error pay','1974-05-05 08:49:14','2017-06-09 02:18:47'),
('114','114','17',NULL,'error pay','1972-07-03 10:15:53','1982-02-12 10:09:24'),
('115','115','18',NULL,'success','1983-02-09 22:09:19','1998-09-18 04:51:46'),
('116','116','19',NULL,'success','1998-08-29 23:40:46','2008-02-09 20:55:19'),
('117','117','20',NULL,'success','2014-07-21 22:40:05','1972-10-06 13:38:38'),
('118','118','21',NULL,'success','1999-04-14 19:45:30','1995-07-16 07:38:28'),
('119','119','22',NULL,'error pay','1986-07-10 19:06:54','2008-06-13 12:03:03'),
('120','120','23',NULL,'waiting pay','1979-10-29 11:17:03','1989-10-20 08:58:21'),
('121','121','24',NULL,'waiting pay','2005-01-31 04:27:29','1985-05-15 11:05:53'),
('122','122','25',NULL,'error pay','1977-04-12 07:43:04','2018-03-10 20:07:50'),
('123','123','26',NULL,'success','1981-09-21 07:36:40','1982-07-21 06:55:54'),
('124','124','27',NULL,'waiting pay','2019-12-14 07:19:51','1985-02-02 18:04:53'),
('125','125','28',NULL,'success','2003-06-05 16:05:00','1990-12-28 21:13:47'),
('126','126','29',NULL,'error pay','1995-01-01 07:05:24','1977-11-19 02:56:27'),
('127','127','30',NULL,'error pay','1972-07-08 08:46:53','1991-10-14 14:30:56'),
('128','128','31',NULL,'waiting pay','1995-07-22 19:41:23','1981-10-30 07:01:48'),
('129','129','32',NULL,'success','1980-10-16 21:22:24','2013-05-01 18:45:48'),
('130','130','33',NULL,'success','1979-08-09 04:14:45','1975-06-18 07:34:26'),
('131','131','34',NULL,'waiting pay','1982-08-17 05:22:32','1980-09-14 00:42:10'),
('132','132','35',NULL,'error pay','2007-10-13 07:17:24','2008-09-16 09:27:49'),
('133','133','36',NULL,'waiting pay','1987-10-20 12:52:40','2018-08-21 16:21:00'),
('134','134','37',NULL,'error pay','1994-10-27 12:26:06','1993-03-30 07:27:08'),
('135','135','38',NULL,'error pay','2012-04-06 17:07:20','2011-11-04 19:55:18'),
('136','136','39',NULL,'success','2010-02-22 03:49:57','1998-11-08 15:05:49'),
('137','137','40',NULL,'success','2014-03-20 05:21:37','1996-09-24 04:01:24'),
('138','138','41',NULL,'success','1990-06-16 03:49:39','2015-10-29 21:23:20'),
('139','139','42',NULL,'waiting pay','1972-05-20 00:18:57','2007-09-03 04:06:34'),
('140','140','43',NULL,'waiting pay','1989-08-12 17:22:42','1994-08-27 12:10:47'),
('141','141','44',NULL,'waiting pay','1997-09-14 14:56:45','2003-01-12 17:17:09'),
('142','142','45',NULL,'waiting pay','1988-08-23 05:56:54','1973-05-06 23:01:14'),
('143','143','46',NULL,'waiting pay','1972-11-21 06:29:05','2007-11-02 13:19:13'),
('144','144','47',NULL,'success','1977-03-18 04:22:43','2019-09-21 03:58:47'),
('145','145','48',NULL,'error pay','1994-08-09 01:07:48','1982-01-11 09:17:22'),
('146','146','49',NULL,'error pay','1974-07-08 07:17:49','1980-05-05 04:02:57'),
('147','147','50',NULL,'waiting pay','2008-04-24 10:26:12','1971-11-11 03:55:04'),
('148','148','51',NULL,'error pay','1980-12-29 13:26:04','1982-01-27 07:42:27'),
('149','149','52',NULL,'success','2010-05-22 09:12:16','2018-01-27 09:49:34'),
('150','150','53',NULL,'success','2017-07-28 06:45:13','1983-04-24 18:32:24'),
('151','151','54',NULL,'error pay','2011-09-02 19:50:24','2012-05-28 12:09:19'),
('152','152','55',NULL,'waiting pay','1989-07-24 09:49:53','1988-11-03 17:51:13'),
('153','153','56',NULL,'waiting pay','2003-07-18 20:10:19','2010-10-19 06:25:04'),
('154','154','57',NULL,'success','1979-04-13 09:30:14','2018-10-14 02:30:53'),
('155','155','58',NULL,'error pay','1993-10-16 19:46:39','2005-08-30 15:32:37'),
('156','156','59',NULL,'waiting pay','1995-01-02 11:46:01','1975-09-26 10:02:52'),
('157','157','60',NULL,'success','2015-09-19 16:03:05','1993-02-09 08:39:09'),
('158','158','61',NULL,'waiting pay','1985-01-07 23:21:57','1995-03-01 20:22:36'),
('159','159','62',NULL,'success','2017-12-07 10:26:36','1989-04-07 12:01:05'),
('160','160','63',NULL,'waiting pay','2016-08-23 08:53:54','2010-07-03 12:07:50'),
('161','161','64',NULL,'waiting pay','1988-12-19 11:01:28','2018-06-29 21:07:44'),
('162','162','65',NULL,'error pay','1975-07-31 03:20:33','1982-09-19 17:04:23'),
('163','163','66',NULL,'waiting pay','2002-10-16 15:01:52','1987-04-04 21:43:58'),
('164','164','67',NULL,'error pay','1993-05-02 01:36:20','2014-03-14 19:43:15'),
('165','165','68',NULL,'error pay','1998-05-29 03:15:00','2005-01-26 10:51:20'),
('166','166','69',NULL,'waiting pay','2013-03-27 16:21:01','2015-03-07 16:50:35'),
('167','167','70',NULL,'waiting pay','1972-07-04 21:05:03','1980-05-06 17:44:07'),
('168','168','71',NULL,'waiting pay','2012-03-12 09:46:45','1977-09-02 12:40:03'),
('169','169','72',NULL,'waiting pay','1976-01-25 15:27:19','1984-09-11 02:56:21'),
('170','170','73',NULL,'waiting pay','1972-11-01 12:44:04','1981-03-26 14:19:38'),
('171','171','74',NULL,'error pay','1991-07-09 16:15:11','1993-04-21 16:09:59'),
('172','172','75',NULL,'waiting pay','2017-03-07 07:16:36','1989-09-05 23:18:55'),
('173','173','76',NULL,'waiting pay','2007-03-14 09:57:25','1998-02-25 02:03:39'),
('174','174','77',NULL,'error pay','1995-02-10 17:52:14','1992-04-14 20:52:37'),
('175','175','78',NULL,'error pay','1981-04-05 16:29:27','1971-07-24 08:42:42'),
('176','176','79',NULL,'success','1991-01-05 22:04:56','2018-08-21 04:29:54'),
('177','177','80',NULL,'waiting pay','2008-06-09 05:31:22','1991-03-02 09:20:34'),
('178','178','81',NULL,'success','2020-02-24 22:42:55','2006-11-19 17:55:49'),
('179','179','82',NULL,'success','2010-04-25 19:06:20','2012-08-03 16:31:22'),
('180','180','83',NULL,'success','1985-08-12 19:13:54','1989-11-29 17:48:06'),
('181','181','84',NULL,'error pay','1976-02-13 00:21:01','1974-11-05 14:17:15'),
('182','182','85',NULL,'success','2018-03-30 14:17:21','1989-02-02 17:04:08'),
('183','183','86',NULL,'error pay','2001-07-12 14:54:10','2001-02-19 23:41:43'),
('184','184','87',NULL,'error pay','2003-03-21 07:16:15','1978-12-29 21:10:41'),
('185','185','88',NULL,'success','2006-12-17 04:45:37','2014-10-14 18:50:06'),
('186','186','89',NULL,'waiting pay','2007-02-04 19:41:38','1980-02-14 03:51:26'),
('187','187','90',NULL,'error pay','2012-09-27 05:04:38','1988-08-03 03:30:36'),
('188','188','91',NULL,'success','2018-02-09 10:22:03','2013-02-28 16:42:46'),
('189','189','92',NULL,'success','1978-06-06 09:52:04','1993-04-16 00:49:39'),
('190','190','93',NULL,'waiting pay','1994-05-24 14:00:18','2011-11-14 00:59:41'),
('191','191','94',NULL,'waiting pay','1975-07-24 18:25:18','1974-07-01 05:45:48'),
('192','192','95',NULL,'waiting pay','1971-05-20 20:23:55','1990-03-10 03:19:46'),
('193','193','96',NULL,'error pay','1995-01-14 00:03:02','2001-03-21 21:10:36'),
('194','194','97',NULL,'error pay','1971-12-11 16:13:45','2018-06-30 19:59:12'),
('195','195','1',NULL,'error pay','2005-09-10 14:12:10','2004-02-15 12:46:10'),
('196','196','2',NULL,'success','1998-02-15 21:01:50','1973-11-30 00:12:41'),
('197','197','3',NULL,'success','2019-06-03 21:32:54','2011-05-27 02:21:58'),
('198','198','4',NULL,'waiting pay','1995-11-16 05:46:11','1994-03-25 08:10:46'),
('199','199','5',NULL,'waiting pay','1975-01-16 07:44:15','1978-03-25 15:19:49'),
('200','200','6',NULL,'success','1984-01-01 06:34:57','1996-12-10 22:42:18'),
('201','201','7',NULL,'waiting pay','1973-05-19 09:44:20','2009-01-23 17:56:07'),
('202','202','8',NULL,'error pay','1971-07-09 12:37:26','1978-09-08 02:30:25'),
('203','203','9',NULL,'success','2011-03-27 09:19:57','2013-07-26 04:35:55'),
('204','204','10',NULL,'error pay','2014-09-25 11:44:53','1995-06-06 15:15:16'),
('205','205','11',NULL,'error pay','2015-06-06 04:35:21','1997-12-28 18:17:03'),
('206','206','12',NULL,'waiting pay','1990-02-24 11:13:10','2011-08-01 00:33:27'),
('207','207','13',NULL,'waiting pay','2012-04-17 10:52:33','1997-05-09 15:27:13'),
('208','208','14',NULL,'success','1973-04-05 21:19:30','2002-09-28 00:53:30'),
('209','209','15',NULL,'success','1981-04-07 17:37:32','2011-10-22 12:19:17'),
('210','210','16',NULL,'success','1981-02-18 10:48:02','2010-12-02 22:30:39'),
('211','211','17',NULL,'error pay','2007-11-14 11:09:22','2004-02-18 16:51:26'),
('212','212','18',NULL,'success','2000-06-27 06:13:43','1983-02-05 22:55:05'),
('213','213','19',NULL,'error pay','2001-08-13 10:59:36','1990-09-11 23:29:17'),
('214','214','20',NULL,'waiting pay','2014-10-18 00:41:09','1974-08-19 21:39:05'),
('215','215','21',NULL,'error pay','1992-12-01 10:18:03','2004-04-09 10:14:49'),
('216','216','22',NULL,'waiting pay','2001-05-23 15:20:53','2019-07-29 21:58:55'),
('217','217','23',NULL,'waiting pay','1970-12-15 02:10:04','1991-09-14 17:26:00'),
('218','218','24',NULL,'error pay','2008-12-19 23:34:05','1982-12-06 08:16:02'),
('219','219','25',NULL,'error pay','1995-07-29 07:21:32','2006-12-18 04:14:53'),
('220','220','26',NULL,'success','2004-05-27 17:50:24','2010-04-02 19:17:47'),
('221','221','27',NULL,'success','1981-06-16 14:32:10','1977-06-28 11:29:34'),
('222','222','28',NULL,'error pay','1988-09-18 13:38:27','2017-04-18 23:36:05'),
('223','223','29',NULL,'error pay','1979-10-13 14:06:33','2014-11-27 17:21:15'),
('224','224','30',NULL,'waiting pay','2009-05-02 00:50:49','2000-04-29 17:00:41'),
('225','225','31',NULL,'error pay','2017-04-11 04:37:32','1971-05-27 10:36:05'),
('226','226','32',NULL,'success','2010-05-08 16:15:59','2001-05-12 10:44:37'),
('227','227','33',NULL,'success','1992-02-01 17:31:38','1990-12-04 18:24:15'),
('228','228','34',NULL,'success','1987-11-08 03:28:43','1996-11-18 15:17:04'),
('229','229','35',NULL,'waiting pay','1982-08-08 01:45:36','1984-09-29 02:40:47'),
('230','230','36',NULL,'error pay','1980-10-02 13:47:18','2019-11-22 21:00:52'),
('231','231','37',NULL,'success','1992-12-22 09:33:43','2001-11-22 19:27:06'),
('232','232','38',NULL,'error pay','1993-11-07 12:31:07','1989-02-02 06:24:13'),
('233','233','39',NULL,'error pay','1992-06-06 14:59:52','1986-02-22 23:10:10'),
('234','234','40',NULL,'waiting pay','1973-08-21 14:35:02','2019-05-07 18:32:55'),
('235','235','41',NULL,'error pay','1972-08-29 19:55:14','2005-10-03 10:19:22'),
('236','236','42',NULL,'error pay','2002-09-18 18:05:24','1997-04-12 13:25:08'),
('237','237','43',NULL,'waiting pay','1983-05-21 14:45:37','2010-02-24 16:38:23'),
('238','238','44',NULL,'error pay','2008-11-01 00:19:02','2012-05-14 07:07:48'),
('239','239','45',NULL,'error pay','1976-03-10 02:38:11','1972-07-13 03:42:31'),
('240','240','46',NULL,'success','2007-07-05 14:26:14','1985-08-15 13:25:56'),
('241','241','47',NULL,'waiting pay','2014-11-30 00:15:23','1999-02-07 07:58:54'),
('242','242','48',NULL,'success','1988-05-05 15:50:18','1973-09-12 03:23:03'),
('243','243','49',NULL,'waiting pay','2008-08-19 23:20:38','1983-10-14 12:38:57'),
('244','244','50',NULL,'waiting pay','1995-04-17 20:04:25','1986-06-17 20:57:05'),
('245','245','51',NULL,'success','1990-11-25 19:14:42','1996-05-06 03:50:18'),
('246','246','52',NULL,'error pay','1971-01-12 11:06:52','2007-07-15 11:13:23'),
('247','247','53',NULL,'waiting pay','1986-04-01 10:17:27','1973-01-03 21:14:13'),
('248','248','54',NULL,'waiting pay','1990-05-22 22:56:03','2004-04-30 01:02:51'),
('249','249','55',NULL,'success','2009-03-28 04:48:43','1975-02-06 05:55:15'),
('250','250','56',NULL,'waiting pay','1987-08-26 01:14:10','1990-11-13 03:49:54'),
('251','251','57',NULL,'error pay','1979-01-23 18:13:24','2016-09-29 03:00:56'),
('252','252','58',NULL,'success','1971-02-04 12:57:59','1973-07-27 08:32:25'),
('253','253','59',NULL,'error pay','2007-02-10 19:16:44','1970-02-06 19:06:19'),
('254','254','60',NULL,'waiting pay','1983-04-14 05:35:16','1994-01-02 11:36:24'),
('255','255','61',NULL,'error pay','2020-03-26 08:40:38','1987-01-03 19:50:18'),
('256','256','62',NULL,'error pay','1990-09-25 12:22:19','2010-01-31 09:37:15'); 


DROP TABLE IF EXISTS `accounts1`;
CREATE TABLE `accounts1` (
  `id` bigint(20) unsigned NOT NULL AUTO_INCREMENT,
  `order_id` bigint(20) unsigned DEFAULT NULL,
  `customer_id` bigint(20) unsigned NOT NULL,
  `total` decimal(11,2) DEFAULT NULL COMMENT 'Ñ÷åò',
  `status` enum('waiting pay','success','error pay') COLLATE utf8_unicode_ci DEFAULT NULL,
  `created_at` datetime DEFAULT current_timestamp(),
  `updated_at` datetime DEFAULT current_timestamp() ON UPDATE current_timestamp(),
  PRIMARY KEY (`id`),
  KEY `index_of_customer_id` (`customer_id`),
  KEY `index_of_order_id` (`order_id`),
  CONSTRAINT `fk_accounts_customers` FOREIGN KEY (`customer_id`) REFERENCES `customers` (`customer_id`) ON UPDATE CASCADE,
  CONSTRAINT `fk_accounts_orders` FOREIGN KEY (`order_id`) REFERENCES `orders2` (`id`) ON UPDATE CASCADE
) ENGINE=InnoDB AUTO_INCREMENT=513 DEFAULT CHARSET=utf8 COLLATE=utf8_unicode_ci COMMENT='Ñ÷åòà ïîëüçîâàòåëåé';



DROP TABLE IF EXISTS `additions`;
CREATE TABLE `additions` (
  `customer_id` bigint(20) unsigned NOT NULL AUTO_INCREMENT,
  `gender` char(1) COLLATE utf8_unicode_ci DEFAULT NULL COMMENT 'Ïîë',
  `birthday` date DEFAULT NULL,
  `home` varchar(100) COLLATE utf8_unicode_ci DEFAULT NULL,
  `create_at` datetime DEFAULT current_timestamp(),
  PRIMARY KEY (`customer_id`),
  CONSTRAINT `fk_customer_additions` FOREIGN KEY (`customer_id`) REFERENCES `customers` (`customer_id`) ON UPDATE CASCADE
) ENGINE=InnoDB AUTO_INCREMENT=98 DEFAULT CHARSET=utf8 COLLATE=utf8_unicode_ci;

INSERT INTO `additions` VALUES ('1','M','1990-11-01','Natalia Fields','1992-12-20 19:40:27'),
('2','D','1984-07-19','Schulist Terrace','1979-05-01 17:44:12'),
('3','M','1980-10-10','Torphy Freeway','1974-01-14 17:59:06'),
('4','D','2020-04-02','Thalia Expressway','1976-09-28 11:59:52'),
('5','D','2012-06-24','Aurore Crossing','1971-01-24 07:04:03'),
('6','M','1984-01-09','Earlene Branch','1984-07-20 10:55:16'),
('7','P','1971-12-29','Koch Hollow','2012-10-11 15:36:33'),
('8','P','1994-08-20','Considine Lodge','1991-06-25 13:00:05'),
('9','P','2009-08-15','Stroman Prairie','2003-07-21 19:59:37'),
('10','M','1990-06-16','Llewellyn Mission','1981-10-08 14:49:02'),
('11','M','1984-10-03','Kuhlman Summit','2015-12-17 05:30:04'),
('12','D','2002-01-29','Sanford Avenue','2004-01-28 14:15:11'),
('13','M','1986-01-14','Cleora Rue','2012-02-17 22:36:10'),
('14','D','1978-06-17','Lempi Expressway','1979-04-17 12:43:29'),
('15','D','2014-06-13','Magnolia Island','1984-08-30 19:57:15'),
('16','P','2010-10-01','Mariana Drive','2003-11-26 23:43:29'),
('17','D','2019-06-26','Clarissa Mission','2001-02-11 08:07:25'),
('18','M','1997-08-19','Ned Fall','2012-04-12 04:43:42'),
('19','D','1991-03-26','Moore Creek','1974-10-25 23:33:26'),
('20','P','1980-04-25','Maggio Port','1987-07-24 11:41:44'),
('21','M','2006-03-22','Skiles Roads','1997-09-06 11:19:34'),
('22','P','1973-10-16','Carleton Way','1998-11-18 11:19:40'),
('23','P','1987-11-20','Botsford Oval','2016-01-28 13:09:57'),
('24','D','1990-09-21','Towne Fields','2000-11-09 16:39:01'),
('25','D','1999-10-09','Nia Greens','1983-06-06 07:13:51'),
('26','M','2004-07-02','Junior Green','1971-10-12 08:56:48'),
('27','M','1982-02-09','Laila Manor','2010-05-01 14:27:44'),
('28','P','1995-03-10','Rickie Hills','1976-04-16 11:33:31'),
('29','D','2010-10-31','Kailee Track','1997-05-22 04:07:25'),
('30','P','1979-05-02','Pattie Station','1988-10-06 23:10:13'),
('31','D','1995-11-07','Tyrel Creek','1970-08-06 11:43:13'),
('32','D','2002-10-24','Purdy Shores','1981-01-31 08:16:04'),
('33','D','1971-03-02','Carter Cliffs','2017-04-17 04:57:32'),
('34','P','1992-07-20','Audreanne Tunnel','1974-10-18 02:08:56'),
('35','M','1999-09-11','Ethyl Crescent','1990-11-30 07:23:58'),
('36','P','1992-02-21','Rogahn Oval','1981-07-07 11:43:00'),
('37','D','1986-05-16','Graham Mountains','2006-12-25 14:40:50'),
('38','D','1987-04-12','Miller Stream','1977-07-14 00:25:37'),
('39','P','1977-07-09','Teagan Brooks','2012-11-15 05:13:40'),
('40','P','2015-08-04','Eleazar Springs','2019-07-27 02:50:28'),
('41','D','1988-06-09','Stiedemann Point','1993-10-24 21:10:22'),
('42','D','2011-04-20','Olson Rue','2010-09-06 14:09:40'),
('43','P','1975-01-27','Ratke Circles','2012-04-01 18:51:49'),
('44','M','1980-07-28','Kozey Prairie','1977-02-12 21:05:40'),
('45','D','2008-10-06','Nolan Springs','2012-09-07 05:48:09'),
('46','M','1996-05-26','Eleazar Rapids','2015-05-03 22:54:48'),
('47','P','1981-09-28','Magdalena Island','2015-01-28 12:08:11'),
('48','M','1999-03-30','Alfreda Ranch','1977-04-02 07:37:34'),
('49','M','1973-08-05','Wolff Mews','2009-01-15 20:36:05'),
('50','P','2010-12-13','Abbott Vista','1994-05-17 16:18:14'),
('51','M','2007-07-18','Adams Row','1991-07-14 04:07:43'),
('52','D','2013-03-14','Nicolas Square','2011-11-24 16:52:46'),
('53','M','1974-09-19','Trever View','2015-01-16 03:40:00'),
('54','P','1993-10-21','Candace Fort','1989-05-13 18:47:29'),
('55','D','2012-01-22','Conn Lock','2007-02-02 10:47:52'),
('56','M','1994-05-15','Buckridge Light','1982-10-15 14:46:06'),
('57','M','2006-11-18','Jamir Highway','1987-12-04 01:09:27'),
('58','D','2007-06-20','Bogisich Course','2017-08-15 22:41:25'),
('59','D','1994-07-07','Daniella Street','2019-03-10 16:17:29'),
('60','P','2005-12-30','Lila Roads','2005-02-12 00:39:39'),
('61','P','1978-06-29','Aliyah Inlet','1971-05-26 21:28:56'),
('62','M','2015-06-27','Mario Ports','1990-09-21 12:50:44'),
('63','M','1987-10-12','Ortiz Loop','2001-01-01 11:01:37'),
('64','D','1984-11-17','Dicki Ways','2019-12-27 07:25:16'),
('65','P','1977-06-13','Gibson Forest','1976-04-24 23:25:28'),
('66','P','2007-07-07','Robel Glen','1990-10-31 18:00:27'),
('67','M','1979-11-28','Skiles Lodge','1999-02-11 05:29:15'),
('68','M','1997-11-12','Mills Trail','1979-12-27 10:23:08'),
('69','D','1988-07-02','Dooley Club','2014-01-23 06:23:55'),
('70','M','2008-09-22','Jaida Cliffs','1990-02-09 12:00:12'),
('71','P','1977-04-10','Jaylen Summit','2008-11-10 03:30:20'),
('72','M','1995-11-15','Hoppe Keys','2003-04-05 05:32:30'),
('73','P','2019-10-24','Hickle Locks','2006-07-27 08:01:15'),
('74','D','1975-01-05','Dickinson Parkway','1998-10-23 13:05:25'),
('75','P','1983-02-12','Schamberger Neck','2012-05-19 12:45:03'),
('76','M','2014-03-05','Bergstrom Roads','1999-11-25 09:38:04'),
('77','D','1998-04-26','Paucek Harbors','2011-03-18 02:06:08'),
('78','P','1974-11-19','Rutherford Pines','1977-05-27 21:35:48'),
('79','P','1994-11-02','Jacobson Vista','2001-02-17 18:15:48'),
('80','M','2010-02-18','Vida Hill','2005-06-20 16:20:39'),
('81','D','2001-07-31','Beverly Dam','1984-05-19 15:56:20'),
('82','M','1975-06-04','Wava Mount','1996-05-14 01:42:48'),
('83','P','1975-01-20','Francisca Flats','2006-02-17 20:51:19'),
('84','M','1977-12-04','Hertha Valley','1980-06-06 07:52:44'),
('85','P','1971-02-01','Savannah Causeway','2019-03-23 04:16:53'),
('86','P','2005-04-02','Modesta Circles','1996-01-23 03:51:35'),
('87','P','1985-01-01','Stokes Mission','1986-02-05 09:32:18'),
('88','D','1989-09-02','Pagac Courts','1995-10-27 09:36:25'),
('89','P','1981-03-19','Kautzer Haven','2004-03-12 03:21:53'),
('90','D','2011-10-13','Mosciski Ports','2006-04-21 10:19:30'),
('91','M','2019-07-20','Jameson Glen','2013-03-19 20:29:30'),
('92','P','1995-10-30','Hahn Course','2016-02-09 11:48:59'),
('93','D','1992-02-23','Stroman Orchard','2005-07-01 00:54:20'),
('94','M','2002-03-06','Moore Run','1979-07-04 16:09:26'),
('95','P','2018-12-01','Effie Mountain','1992-10-24 14:35:34'),
('96','P','2010-05-09','Kiehn Walk','2004-05-01 11:34:08'),
('97','P','2008-03-06','Romaguera Common','1993-11-20 19:31:03'); 


DROP TABLE IF EXISTS `address`;
CREATE TABLE `address` (
  `address_id` bigint(20) unsigned NOT NULL AUTO_INCREMENT,
  `address` varchar(50) COLLATE utf8_unicode_ci NOT NULL,
  `district` varchar(20) COLLATE utf8_unicode_ci NOT NULL,
  `city_id` bigint(20) unsigned NOT NULL,
  `postal_code` varchar(10) COLLATE utf8_unicode_ci DEFAULT NULL,
  `phone` varchar(20) COLLATE utf8_unicode_ci NOT NULL,
  `last_update` timestamp NOT NULL DEFAULT current_timestamp() ON UPDATE current_timestamp(),
  PRIMARY KEY (`address_id`),
  KEY `idx_fk_city_id` (`city_id`),
  CONSTRAINT `fk_address_city` FOREIGN KEY (`city_id`) REFERENCES `cities` (`city_id`) ON UPDATE CASCADE
) ENGINE=InnoDB AUTO_INCREMENT=1001 DEFAULT CHARSET=utf8 COLLATE=utf8_unicode_ci;

INSERT INTO `address` VALUES ('1','57342 Rogahn Passage\nProsaccoville, MS 94492-8588','California','1','52744-3049','(824)395-2660','1993-09-29 18:49:39'),
('2','103 Green Summit Suite 616\nLacychester, SC 30599','Indiana','2','36877','1-832-193-2099x9590','1993-06-23 10:52:59'),
('3','70472 Bergstrom Harbor Apt. 439\nNorth Adahhaven, U','Illinois','3','31219-4142','291-626-2537x908','2017-10-16 19:23:09'),
('4','7938 Muller Summit Suite 189\nNorth Elyse, UT 72645','Iowa','4','24883-5783','932.900.2468','2009-11-19 11:06:51'),
('5','02447 Harvey Path\nChadberg, MO 61965-9446','NewMexico','5','22975-9362','1-198-881-1021','1977-04-08 08:53:56'),
('6','56339 Jacobi Summit Apt. 616\nLake Amarifort, TX 49','Nebraska','6','73138-2243','922.552.7006x588','2009-05-10 07:24:38'),
('7','1760 Rogahn Underpass Apt. 817\nKylieburgh, NM 8954','Michigan','7','96514-5593','930.751.2747x055','1984-09-27 18:32:42'),
('8','711 Santino Grove Suite 348\nPort Alyson, PA 49267-','Alabama','8','26912-5092','06897587914','1983-08-23 12:41:20'),
('9','80036 Raul Avenue Suite 172\nHegmannbury, NV 95899','Minnesota','9','03705-6658','04531908971','1991-07-19 21:39:45'),
('10','5475 O\'Hara Mount\nStanfordberg, RI 34940','Oklahoma','10','29155-8020','097.185.9908x3523','1989-11-03 12:56:37'),
('11','526 Ryder Route\nNew Hassanburgh, RI 18603-9589','Florida','11','55040-7589','05014977223','2014-08-10 09:52:12'),
('12','298 Mraz Orchard\nPort Brandynberg, PA 01470-5621','Pennsylvania','12','61108-0949','1-413-259-1419x91475','1976-07-10 14:47:10'),
('13','466 Christiansen Keys Suite 015\nWest Dejonmouth, I','Texas','13','65432','515.204.6499','1975-07-01 07:16:20'),
('14','029 Robert Terrace\nHaleymouth, MO 35354-4072','Idaho','14','88311','912.389.2207x769','2006-10-12 05:57:47'),
('15','0036 Walsh Shores Suite 973\nLake Alexys, FL 39084','Pennsylvania','15','83420','1-307-985-7601x7100','1984-03-01 20:57:02'),
('16','4101 Haskell Trail\nEast Hettie, AK 39429-8851','Ohio','16','41241','1-486-279-3978x3998','1975-05-31 15:41:39'),
('17','329 Cooper Shore Suite 332\nTristonfort, CT 47322-5','Alabama','17','44112-8782','+18(9)0566422642','1994-01-01 07:05:53'),
('18','53314 Michel Overpass Suite 921\nEast Otto, TN 1169','Georgia','18','72100','317-293-9453x215','2019-11-07 08:35:39'),
('19','71758 Cole Spurs\nNorth Melbafurt, OR 52916','Utah','19','42823-5349','906.853.4093','2000-08-02 01:11:49'),
('20','8565 Mayer Throughway Apt. 142\nCrookschester, IA 1','Arizona','20','73012','(630)172-9012','1983-10-31 00:46:06'),
('21','10463 Clint Dale\nCartwrightshire, FL 06370','Mississippi','21','84079','06108597600','2015-04-01 04:57:53'),
('22','285 Von Gateway\nPort Alvaland, NE 52237','Alaska','22','46848-2888','852.451.3438','2013-12-25 13:26:42'),
('23','4528 Zemlak Corners\nJackiefort, OH 98687','Nevada','23','52008','377.189.8199','1988-07-21 22:45:52'),
('24','9926 Coby Squares Apt. 689\nOsbaldoshire, CT 70662','Indiana','24','21350','(048)981-7955','1996-08-11 05:03:26'),
('25','235 Lauren Neck\nMyrlfurt, KY 20149','NewJersey','25','09367-2906','+45(7)1777484477','1981-10-14 19:01:34'),
('26','47167 Raynor Turnpike Apt. 670\nLake Angeloside, ME','Washington','26','64041-1989','566-122-1898x042','1996-01-08 06:48:00'),
('27','2618 Goyette Brooks Suite 367\nBernitabury, MI 0873','Florida','27','17500','418-991-6510','1996-06-18 21:31:45'),
('28','238 Derick Throughway\nWest Dockfurt, IL 06017','Pennsylvania','28','32353','(002)989-9814','1986-08-09 17:31:13'),
('29','24927 Botsford Spur\nKutchchester, AL 48889-4233','NorthDakota','29','96863-2369','384.060.6174','2008-09-24 20:02:31'),
('30','83366 Alverta Mews Apt. 552\nSouth Nikitaport, NV 5','Louisiana','30','52969','854.807.4778x967','2002-10-31 10:23:29'),
('31','98411 Harvey Garden\nEast Sheldon, AZ 45621','NorthDakota','31','87484-9915','04399409232','1998-08-03 07:26:27'),
('32','39058 Zboncak Plains\nMichaelashire, WY 07499','NewJersey','32','55945-4803','033-096-2648x7264','1994-12-19 16:11:57'),
('33','51831 Levi Mills\nWest Sydnie, WI 29715-6745','Maryland','33','53604','1-013-785-0446x454','2010-06-30 19:59:39'),
('34','860 Blanda Prairie\nHermistonport, SD 21535-8294','NewMexico','34','39340-2096','(220)167-1372x5239','1972-01-03 05:33:09'),
('35','75647 Elinor Cliff Suite 014\nPort Flo, WI 63632-76','Louisiana','35','51189-0447','06479043525','1990-07-25 17:47:09'),
('36','78215 Zander Inlet Apt. 966\nNew Diamond, NE 68167-','Nebraska','36','53540','1-230-789-0857','1995-08-13 13:16:40'),
('37','743 Nikita Circles Suite 759\nSouth Floport, SD 168','Nebraska','37','77219','1-546-016-2827x1841','2014-05-15 07:43:25'),
('38','70441 Langosh Track Suite 052\nKemmershire, VA 6695','Missouri','38','71479-1647','1-279-985-6580','2012-02-01 14:18:39'),
('39','8849 Emmett Points\nEffiechester, WV 22219','Florida','39','06805','884.653.8514x1317','2014-09-16 20:52:37'),
('40','92075 Sauer Ports\nEast Luciousshire, OR 21808','NorthCarolina','40','00642-6696','+44(9)8182793052','1993-06-06 12:09:28'),
('41','556 Arlene Islands\nNew Marquiseton, OH 50889-6470','Montana','41','32952-2946','(645)331-8392','1979-09-21 04:22:51'),
('42','4390 O\'Conner Bridge Suite 985\nEast Grantstad, IN ','Missouri','42','17747','415.994.8364x03942','2013-03-10 23:08:12'),
('43','1156 Bruen Circles\nDonavonport, SC 20328','Arkansas','43','52590','1-863-766-6549','1978-01-03 19:56:49'),
('44','7862 Buckridge Shoal Suite 125\nNorth Burley, ID 21','Oklahoma','44','86001','1-633-946-4187x8485','2015-01-24 05:56:12'),
('45','82822 Jacey Divide\nNorth Verda, NC 06741','Idaho','45','91032-1612','(832)416-7543','1980-07-23 13:37:57'),
('46','8186 Joanie Views\nEast May, DC 26819-2563','Delaware','46','71084','(191)904-9019','1970-09-16 03:33:22'),
('47','2859 Murray Track\nHillsville, ME 30165','NorthDakota','47','54376','901-589-3205','1972-04-30 17:39:27'),
('48','4421 Schroeder Alley Apt. 191\nReingerhaven, AZ 262','Montana','48','02648-1664','04281501315','2011-12-06 17:52:05'),
('49','9711 Maggie Bridge\nEast Arvilla, RI 13315-8841','Wyoming','49','44540','797-530-0888x0658','1988-12-05 18:53:32'),
('50','2705 Kshlerin Park\nLamontberg, NC 57687-7824','Vermont','50','02886-2399','891-921-5222x03383','2007-08-10 10:53:38'),
('51','62186 Kohler Drive\nAnissamouth, MO 62774','Washington','51','89121-0080','1-346-995-9482','1991-10-27 04:55:13'),
('52','27821 Demarco Village\nBahringerchester, MA 62074','Arizona','52','61373','569-985-6801x56676','1989-04-03 09:21:56'),
('53','8667 Hildegard Garden Suite 107\nPollichbury, NC 20','NorthCarolina','53','88867-0631','1-831-862-1895','2006-03-29 22:34:25'),
('54','642 Graham Forges\nNorth Sophieville, VT 82551-6923','SouthDakota','54','91626','1-760-966-1629x71946','2016-09-11 08:41:41'),
('55','5973 Thiel Forest\nSouth Keeleyfurt, HI 72417-5346','California','55','21892-5996','733.786.9057','2012-10-21 16:36:48'),
('56','8251 Kiehn Route\nWest Jessycabury, VA 13198-8422','Georgia','56','30156-1094','1-755-247-6859','1974-10-07 06:04:51'),
('57','920 Metz Lodge\nPort Jacinto, KS 48689','NorthDakota','57','83328-5010','385-148-7626x562','1979-04-01 11:29:17'),
('58','751 Samara Lock Suite 137\nSouth Maida, NC 12408-88','Michigan','58','01398-8326','1-458-629-4414','1976-06-05 12:05:24'),
('59','51819 Hyatt Ports Apt. 861\nNew Weston, KS 16250','Alaska','59','97572','+86(5)6598998705','1979-10-23 00:19:03'),
('60','5792 Lueilwitz River\nKeelyfurt, NY 85322','California','60','80939','519.135.9409x886','1987-03-11 14:11:38'),
('61','3046 Leuschke Road Suite 616\nMurrayview, OH 08857','Florida','61','66603','(231)226-0801','2016-10-16 03:57:15'),
('62','064 Frederick Valleys\nHettingermouth, MN 47609-915','Illinois','62','22479-6750','(698)827-2461x103','1978-03-22 10:30:59'),
('63','760 Keshaun Causeway Apt. 604\nEast Caraville, MO 5','California','63','91937-0621','318.918.1062','1997-11-22 00:48:02'),
('64','315 Kamren Pines\nSouth Westley, NE 92121-7876','NewMexico','64','94323-9749','450.688.2971','1993-03-20 07:22:22'),
('65','1969 Blanda Extensions Suite 652\nHeidenreichberg, ','Louisiana','65','98689-9549','749.633.9325x64753','1999-03-04 13:10:19'),
('66','378 Hamill Mountain Suite 555\nEast Kennedyberg, NH','Texas','66','09522-7142','1-892-788-3535','1972-12-08 13:08:36'),
('67','098 Cathryn Keys\nZiemannburgh, AK 15508-3168','Arizona','67','07013-5617','629-267-0570','2009-01-29 12:11:06'),
('68','3299 Winona Cape Apt. 338\nRandichester, MD 15008','Arizona','68','63154','(357)519-7956x74784','2005-04-27 05:25:37'),
('69','640 Malcolm Curve Suite 491\nJohnstonstad, MO 39666','Alaska','69','12480-9801','(232)810-5345x87643','2020-03-29 09:25:53'),
('70','546 Schmeler Falls\nNorth Autumn, CT 21018','Maryland','70','48668','275-457-4488x632','1988-04-24 03:05:18'),
('71','58035 Danielle Bridge\nKuhicchester, OK 91953-0297','Wisconsin','71','01318-8934','(140)510-4268x42259','1996-09-07 00:54:39'),
('72','0703 Flatley Flats\nEast Shannon, FL 07686-8896','Wisconsin','72','97099','(005)575-0670x84983','1990-01-27 00:54:49'),
('73','047 Bartholome Plaza\nBashirianhaven, IA 07582-1155','Wisconsin','73','35428-8615','794.732.3944','1999-09-30 23:56:14'),
('74','72824 Nannie Shoal Suite 674\nPort Andy, WI 79871-2','Louisiana','74','61233-0275','+74(2)2181796567','1996-10-14 09:24:46'),
('75','9962 Rollin Wall\nSouth Birdieland, MO 14637','Virginia','75','03547','786.277.6846x5387','1989-05-04 03:05:16'),
('76','55312 Muhammad Terrace Suite 999\nAnnabelshire, NC ','Missouri','76','77943','(351)362-1420','2020-02-01 18:48:19'),
('77','0066 Terry Parkways Apt. 410\nMcClureshire, ME 2402','Arkansas','77','86475','+21(1)0500505027','1982-01-09 08:05:48'),
('78','7876 Bennie Flat\nWest Kariane, HI 01069','Wisconsin','78','98354-3080','719-916-8573','1988-03-28 02:47:44'),
('79','30503 Laila Overpass Apt. 289\nHudsonborough, IN 27','Hawaii','79','17097-5443','274-022-7836','1992-08-25 08:07:48'),
('80','30490 Reilly Shoals\nReynoldfort, SD 21473','Minnesota','80','12618-5339','711.828.3600','2017-06-10 06:19:06'),
('81','0287 Murazik Valleys Apt. 191\nZulaufmouth, TN 5418','Washington','81','23418-9336','229-905-3194','1970-02-23 05:15:32'),
('82','2187 Kautzer Walk\nPort Jaunita, TX 39457-6698','Arkansas','82','02332','1-496-346-7848x1251','1996-03-25 09:59:33'),
('83','30549 Sim Inlet Apt. 752\nLake Garnettberg, VT 0205','Connecticut','83','56056','(727)469-0857','1989-12-08 11:18:13'),
('84','362 Anderson Avenue\nKellenmouth, NH 76023-9033','Nebraska','84','15454-8790','730-837-7582','1988-10-31 17:40:50'),
('85','48436 Waino Road Suite 400\nEast Missouri, MI 01012','California','85','52097-9632','(452)086-3007x7658','2004-12-06 18:15:05'),
('86','14327 Estel Ramp Suite 471\nUlicesport, WV 81334','Ohio','86','93161','119.444.8736x49440','1988-02-11 09:29:34'),
('87','014 Jerel Creek Suite 837\nLake Athenafort, AL 8723','RhodeIsland','87','42413-1082','200.179.6349x196','2005-02-25 23:44:05'),
('88','75096 Huels Alley\nStiedemannborough, WY 78818-4094','Ohio','88','01962','367.731.6290x6078','1983-05-26 02:17:24'),
('89','5621 Leannon Corner Apt. 919\nBorerstad, SD 81337-2','Vermont','89','16397-0137','03916883130','2019-07-18 04:54:58'),
('90','71624 Hickle Garden Suite 088\nLoweland, MO 86599-9','RhodeIsland','90','06367-3629','04882485536','1979-03-13 10:59:46'),
('91','0097 Dane Dam Suite 742\nSouth Nedra, CA 39067','Indiana','91','29530-9908','01806168207','1972-09-02 04:09:15'),
('92','5497 Sanford Plain\nRosamouth, AL 35273-8432','California','92','56553','(061)606-4486x54498','1978-08-25 19:47:52'),
('93','0032 Vaughn Ville Suite 373\nVeummouth, ID 69065-72','NewJersey','93','04657','375-855-9635x56986','1974-10-18 22:40:44'),
('94','331 Greenholt Parkway Suite 410\nLulafurt, DC 65589','Iowa','94','86959-5918','388-688-3621','1991-11-01 06:46:18'),
('95','8811 Parisian Rest\nTerrychester, IN 43620','Washington','95','95916-3770','583.364.7188','2018-04-18 09:29:09'),
('96','75535 Mozell Run\nLake Joelborough, CO 92232','Colorado','96','69019','724-712-6830x43718','1971-07-07 08:00:35'),
('97','5193 Lowe Plains Apt. 653\nSouth Karianeborough, TN','Tennessee','97','82378-7540','00188463657','1996-10-22 06:52:20'),
('98','319 Camryn Villages\nAmericabury, AK 70835-9553','Arkansas','98','22694','768-933-4548x1696','2008-08-14 02:21:18'),
('99','0883 Raina Estate\nEast Humbertohaven, MI 22418-829','Missouri','99','47995','+83(5)8750754051','1978-05-03 22:47:06'),
('100','495 Dibbert Roads Suite 614\nPort Natalia, MA 18543','Michigan','100','61565-6097','(966)498-5388','2016-10-17 15:59:55'),
('101','027 Reid Burgs Apt. 688\nWizaborough, DC 69337-2719','SouthDakota','1','55471-6195','+84(7)5844835758','1980-09-13 16:45:31'),
('102','20727 Matteo Haven\nDooleyfurt, SD 79398','Missouri','2','80228-5746','(821)702-6729x2668','2010-03-05 15:08:31'),
('103','2413 Kuphal Cove\nNew Emmett, SD 48577','Kentucky','3','60224-5918','118.939.8125','2007-11-08 14:01:33'),
('104','268 Little Keys Apt. 153\nPort Aidenhaven, WI 67471','Kentucky','4','20165','144-620-5662x5424','1979-08-08 04:41:39'),
('105','840 White Spurs Suite 196\nJohnathonside, NV 94072-','Mississippi','5','45554-7150','(312)325-0129','2008-02-01 08:22:21'),
('106','62881 Blick Ranch\nStromanview, SC 22732-5548','Massachusetts','6','41426','(739)224-6568x60691','2010-01-25 16:42:49'),
('107','4774 Vella Course\nWest Ursula, MA 29943','Kentucky','7','89958-5840','018-710-7234x8816','1990-05-16 17:22:08'),
('108','756 Hilpert Point Suite 827\nLynchview, ND 96893-66','California','8','93614','552-843-3399x612','1999-11-25 19:33:00'),
('109','5142 Winnifred Route\nNorth Joana, MD 16123-0390','Kansas','9','04684-8268','1-771-911-9124x2169','1984-09-29 06:30:18'),
('110','702 Pagac Drives\nKuvalisville, PA 62833','District of Columbia','10','97044-0537','+63(4)6700332174','1995-05-21 16:32:03'),
('111','36617 Barton Ferry\nHollisview, ID 90539','Texas','11','75933-1482','215.514.0010x878','1977-08-27 20:29:40'),
('112','2819 Greenholt Hills Suite 605\nBrooklynmouth, NE 8','Maryland','12','23401-1958','897-570-8136x2652','1982-04-05 21:51:49'),
('113','791 Amie Station Apt. 893\nWehnerfurt, MS 57179','Tennessee','13','02728-8844','+06(3)9594163924','1995-06-22 15:43:35'),
('114','7707 Kathryne Valley Apt. 510\nWizaborough, NE 2641','Nebraska','14','59108','952.250.9335x41281','1971-05-05 19:04:38'),
('115','239 Hermann Junction Suite 031\nFurmanland, FL 1663','Idaho','15','11217-1641','(200)662-7291','1975-03-13 17:22:38'),
('116','052 Morissette Bypass\nWest Gennaro, MT 42849-0411','Missouri','16','38511','(627)556-1581x361','1978-01-06 21:35:19'),
('117','2536 Kevon Radial\nLake Demarcusmouth, WA 12624','California','17','95227-0228','073.841.0578x84909','2019-03-30 15:44:46'),
('118','193 Alessandra Club\nEbertbury, MD 25293-2419','Arizona','18','04783-5356','(058)107-0975x780','2010-05-21 10:15:35'),
('119','2814 Dorothy Divide\nPort Sabina, KS 85242-2187','Kentucky','19','02902','167-252-9916x631','1977-08-05 23:30:12'),
('120','67903 Anne Harbors\nWest Jacey, RI 03077-8666','Ohio','20','00386-7712','1-483-229-8913','2008-10-28 18:15:25'),
('121','5232 Travon Alley Apt. 932\nBeattytown, OR 78011','Iowa','21','71733','847.858.3716x5840','1983-01-28 23:52:55'),
('122','53286 Kerluke Parkway\nDomenicaside, DE 11298','Colorado','22','39733','687-110-8894x5010','2012-12-20 11:11:51'),
('123','6659 Kassulke Summit Apt. 772\nBreanaview, NM 40969','Nevada','23','95162-0100','1-197-149-0642','1998-06-19 08:57:16'),
('124','8131 Gutmann Track Suite 365\nDinoshire, OH 52313-3','Louisiana','24','58181-4079','+44(9)1525142963','1981-09-15 06:45:34'),
('125','821 Maymie Tunnel\nCarolynville, NE 30867','Mississippi','25','46909-9535','208-093-5412x081','1992-10-17 03:10:15'),
('126','8719 Prosacco Crossing\nLake Makenziefurt, WV 98408','Montana','26','76236-9801','+94(2)0613178179','1976-12-21 03:49:43'),
('127','363 Pfeffer Crest Apt. 992\nEast Maegan, NH 54782-5','Illinois','27','77208','811-716-0190x347','2002-09-01 16:15:09'),
('128','8593 Tracy Underpass\nMoseschester, KY 96059-0315','Utah','28','77679-6876','1-346-617-1163x9889','1987-12-19 05:09:32'),
('129','1548 Daisha Track Suite 540\nDareton, NH 80142-3232','Maryland','29','92746','1-844-976-7232x221','1972-06-06 01:59:39'),
('130','19655 Brendan Views Suite 979\nSouth Orville, MI 87','Ohio','30','90279-5912','284-811-0792x822','2006-11-13 01:21:19'),
('131','49852 VonRueden Tunnel\nWest Evalyn, WI 02197','Idaho','31','89262','532-520-3661x47008','2011-01-31 16:17:11'),
('132','299 Kaleigh Course\nKatelynhaven, ME 46412-5873','Arkansas','32','59860','396-056-8394','2002-01-31 21:57:41'),
('133','95317 Violette Courts Apt. 681\nLake Yvonne, TX 115','Maryland','33','13199-5252','(469)334-1941','1972-12-21 08:46:37'),
('134','16299 Kertzmann Centers Suite 367\nWest Leonardfurt','Washington','34','55081-3279','(969)004-5652x1393','1973-12-27 17:19:14'),
('135','73127 Wunsch Shores\nLake Deshaun, MT 82373','Montana','35','16146','1-010-224-3769','1988-06-21 09:57:46'),
('136','325 Jazmyne Squares Suite 417\nRobertshaven, CA 231','Oregon','36','55801-3841','(443)936-4080','1982-01-28 19:04:17'),
('137','758 Caden Cove Apt. 500\nDurganchester, ID 69979-42','Louisiana','37','76671','(572)214-7822x768','2002-01-29 06:54:51'),
('138','864 Kiara Gardens Apt. 132\nPort Vitobury, MD 29715','Texas','38','18546-0309','01915371110','2010-01-25 00:12:44'),
('139','39499 Makenna View\nLake Alexanderland, ND 15732-23','Massachusetts','39','77548','(911)488-3405','2011-11-26 02:02:46'),
('140','509 Freddie Park\nPort Jeramieville, AL 82649-5364','Kansas','40','24805-2103','967.436.3938','2002-04-25 23:52:23'),
('141','3378 O\'Connell Forest Suite 340\nWest Ciceroville, ','Ohio','41','11997','1-017-910-4559','2013-04-24 22:46:07'),
('142','7245 Billie Light\nLoniechester, UT 18249-8762','Virginia','42','40278','855.601.0290x546','1998-05-31 09:50:43'),
('143','590 Selena Pike\nNorwoodchester, WI 76014','Maine','43','21463','423-271-9590x134','1981-05-15 08:45:00'),
('144','58023 Darrel Garden\nLake Ethelynville, NH 75143-32','Delaware','44','69277-3999','1-308-486-4411x602','2001-08-10 05:18:21'),
('145','144 Leanne Causeway\nAshleeland, ME 13300','Maine','45','98316','065.178.5226','2003-04-02 14:32:57'),
('146','5017 Walker Knolls Apt. 665\nBeierhaven, MD 82082-5','Hawaii','46','63218','01342999454','2018-08-26 15:44:49'),
('147','982 Jakubowski Mountain Suite 749\nEast Laurashire,','Colorado','47','13639-6427','(542)269-1697x60826','2019-12-16 00:29:55'),
('148','634 Blanca Mills Suite 855\nWest Virgilside, WA 075','Idaho','48','19444-5687','(119)615-1112','2011-10-07 11:29:20'),
('149','55793 Murl Road\nHagenesland, KS 95018','Oregon','49','85518','1-850-637-0136x70428','1982-12-27 20:01:51'),
('150','28252 Johnathan Radial\nNorth Kennith, IN 79903','Tennessee','50','58027','(299)379-7149x930','2020-01-26 12:32:19'),
('151','84509 Gerhold Glens\nEast Chynamouth, GA 84620','Oregon','51','47088-6846','1-324-483-0451x8055','2016-09-14 14:24:20'),
('152','2377 Kuvalis Locks\nEast Wilfridport, IA 30268','Minnesota','52','84272','014-963-4831x34252','2003-04-22 21:51:11'),
('153','02804 Franecki Square Apt. 204\nEast Jessika, ND 88','Tennessee','53','43774','1-043-938-3330','2015-06-01 17:00:30'),
('154','2415 Mazie Haven Apt. 170\nParkershire, SC 26219','NewYork','54','03743','01877273090','2005-02-12 03:29:42'),
('155','892 Ebony Corner Suite 351\nMilfordmouth, SD 85395-','Ohio','55','42874','04447105680','2005-12-01 17:25:32'),
('156','22730 Murphy Lodge Apt. 255\nNew Tressie, NY 19503','Michigan','56','69670','641.125.1915','1972-07-15 02:11:10'),
('157','80151 Schmeler Shores Apt. 274\nAracelyton, VA 2104','Virginia','57','05265','(775)879-2504x673','2005-05-26 18:02:46'),
('158','43318 Considine Mission\nRatkestad, MA 08164-4748','Utah','58','06414-5602','(342)050-0777x1259','1973-01-09 09:40:54'),
('159','41148 Wiley Vista Suite 526\nBurdettetown, WA 24733','Arkansas','59','55847-4272','06793382224','2008-05-23 15:57:34'),
('160','664 Mafalda Well Apt. 453\nEast Gunner, LA 55431-19','Iowa','60','26574-4144','1-798-276-6299x306','2016-05-01 06:14:45'),
('161','46856 Beahan Rapids\nEast Zenachester, LA 12593','Florida','61','80208','07520150378','1984-02-21 15:47:08'),
('162','1086 Koss Mission Suite 657\nGutmannport, WY 56512-','Vermont','62','29993','083.769.6329x4985','2016-08-24 04:48:21'),
('163','2806 Carol Parks Suite 943\nSauerburgh, MT 35364-10','Indiana','63','12760-1370','(864)405-8166x81055','2016-09-21 05:07:20'),
('164','24890 Keagan Lights\nJaskolskiton, NE 38580-3608','SouthDakota','64','61888','574-068-2242','1998-10-12 13:28:55'),
('165','553 Jeramy Spurs Suite 112\nShieldsshire, NJ 93865','Washington','65','13712','819-720-7004x530','1984-05-18 21:30:55'),
('166','36779 Herzog Plaza\nHauckside, AK 86556','Texas','66','93163','1-343-767-0448x7118','1997-10-16 14:47:42'),
('167','6634 Easton Bridge Suite 633\nBednarshire, SD 65496','Wyoming','67','37954','02278869823','2005-01-05 15:41:46'),
('168','3350 Shields Lights Apt. 604\nNew Jaunita, NY 87378','Florida','68','06067','1-283-920-6058','2000-08-28 23:32:26'),
('169','749 Arvilla Court\nArielletown, WY 22213-0038','Idaho','69','96935','1-379-135-2680x769','2014-11-27 10:15:42'),
('170','08950 Jadyn Dale\nLake Maribel, VA 80426-6259','Hawaii','70','14213','418-944-1424x842','2010-01-07 15:27:43'),
('171','85281 Erdman Row\nSouth Gretaside, MN 65131','Delaware','71','03999','112-228-4655x66474','1978-06-20 00:46:49'),
('172','9437 Whitney Tunnel Suite 594\nWest Estella, VA 170','Idaho','72','84451','137.028.1968','1980-07-12 18:20:24'),
('173','65717 Elyssa Divide Suite 043\nNew Jayceburgh, AR 2','Washington','73','94025','1-559-877-4173x6316','1990-09-19 08:11:37'),
('174','8000 Elnora Locks\nSwifttown, RI 31974-4916','Virginia','74','54546','444-043-5818x316','1973-12-18 11:06:05'),
('175','6427 Dickinson Lock\nLeuschkeville, VT 12698','Connecticut','75','08969','1-002-928-3365','2003-09-04 10:50:23'),
('176','6926 Greta Mount Apt. 053\nDonavonbury, NM 20630','Vermont','76','44364-2485','+51(3)3147096951','1970-12-14 21:00:10'),
('177','61573 Zaria Harbors\nCarolinashire, NH 06191','Illinois','77','49939','760-559-2204x638','1976-03-22 13:00:05'),
('178','2291 Zboncak Flats Suite 848\nMarkshaven, LA 83411-','Alaska','78','50961','065.710.4872x986','1997-10-10 09:02:34'),
('179','853 Walsh Groves Suite 449\nBoscoville, MA 73132','Michigan','79','78228-9225','(017)666-5508','1988-05-14 07:32:42'),
('180','38997 Keagan Skyway\nFlatleyfort, CA 97436','Idaho','80','47712','08053846846','2016-12-25 11:41:49'),
('181','566 Mante Forges Suite 530\nColemouth, TX 49562-165','Virginia','81','86696-4743','633.675.3881x5607','1977-09-06 22:30:30'),
('182','65495 Janiya Pine\nJohnsport, TN 19019','NewMexico','82','45548-3617','(597)484-9406x6236','1972-01-05 15:42:24'),
('183','96593 Vance Wells Suite 700\nNew Orrin, AK 45607','Alaska','83','34583','1-343-356-6770x69459','1981-12-14 01:07:11'),
('184','39563 Schulist Way Apt. 212\nNew Marcelleview, DC 6','NewMexico','84','34620-7639','1-520-066-8022x6680','1999-03-22 13:51:02'),
('185','4046 Carlo Wells Apt. 766\nNorth Susan, NM 76006','Texas','85','82431','296-280-5321x891','1997-01-06 07:14:15'),
('186','576 Kulas Stravenue Apt. 412\nSchmittborough, DE 48','Utah','86','39312-4848','660.568.9121','1970-08-02 23:37:44'),
('187','251 Torp Lodge\nNorth Alysson, NV 40051','Kentucky','87','86196','(782)340-9496x7261','1971-08-31 06:52:47'),
('188','71126 Schroeder Mission Suite 533\nStrosinfurt, ND ','SouthDakota','88','79960','02414978484','2010-11-16 08:41:26'),
('189','744 Donnell Hills Apt. 192\nEast Gardnerstad, MA 77','NewHampshire','89','38739-6970','685.566.2661','2019-03-05 18:54:01'),
('190','146 Schiller Land\nNew Mercedes, NY 69921-3981','NorthCarolina','90','36307-6741','(360)502-6815','2001-10-25 01:27:31'),
('191','37990 Willis Tunnel Suite 247\nEast Natalieton, GA ','Iowa','91','24920','938.153.4456','2002-08-13 05:09:48'),
('192','3244 Greenfelder Mountains Apt. 506\nGerlachland, T','Georgia','92','00871-3115','376-296-8909x6612','1981-10-15 15:27:14'),
('193','444 Sydney Square Suite 703\nNew Lorenzoland, ND 04','Hawaii','93','89206-9682','326.799.5733x417','2010-06-11 22:01:29'),
('194','33154 Sadye Square\nMarvinmouth, IN 84403','Illinois','94','78477-1946','1-216-683-1641x621','1991-07-01 10:27:48'),
('195','889 Johns Plains\nEmiliaview, VT 29634-6724','Iowa','95','74743','(909)687-9659','1996-01-16 07:26:38'),
('196','079 Abbie Square Apt. 286\nSouth Trisha, OK 09787-9','NewJersey','96','09500-3336','+49(7)6478022749','1990-01-11 03:14:01'),
('197','7199 Quigley Mission\nNew Linneafort, NM 73202-3735','Nebraska','97','39891','1-963-366-9740x8891','1990-01-08 21:47:32'),
('198','15737 Fisher Spurs\nNew Germanberg, DE 77050','Colorado','98','35407','1-578-506-7654x925','2020-02-23 22:00:12'),
('199','68164 Elenora View\nNorth Jovany, NV 48610','WestVirginia','99','94059-3775','+89(3)3215509991','2017-09-02 23:19:18'),
('200','194 Batz Mount Apt. 729\nKrajcikville, HI 95724-378','NorthCarolina','100','98532-1479','1-018-944-9232x491','1974-01-07 05:04:23'),
('201','05923 DuBuque Ville\nBalistrerishire, ND 08815-1830','Arizona','1','36982-3016','313-223-6249x7301','2017-09-24 10:44:13'),
('202','007 Kennedy Harbors Suite 004\nPort Tatyanatown, HI','Virginia','2','43313','(624)958-5510','1997-03-18 03:15:51'),
('203','4953 Homenick Pike\nRaynorside, WV 80641-9556','Louisiana','3','08096','122.211.2140','1986-12-02 11:43:52'),
('204','227 Dach Park\nVeumberg, DC 17993','Missouri','4','50523-8645','(812)272-6806','2003-08-06 08:56:53'),
('205','1418 Stephany Club Suite 526\nNorth Vincent, AZ 861','Washington','5','71829','1-015-753-4830x394','1982-01-19 05:45:54'),
('206','7554 Susana Brooks\nEast Magali, MS 97852-4014','NewYork','6','41764-3586','241.420.7692','1990-09-24 20:54:32'),
('207','96862 Runolfsson Forge Suite 900\nEast Susanna, LA ','Florida','7','81697-9742','615-705-0742x8050','1980-01-10 07:36:53'),
('208','0748 Heathcote Valley\nPort Ashton, KS 24379-6939','RhodeIsland','8','74501','924.283.6498x018','1986-05-11 15:04:17'),
('209','8977 Smitham Views Suite 753\nJacobsonport, OH 5309','Montana','9','26075','+99(1)8767537633','2008-10-14 01:54:23'),
('210','21628 Ansel Locks Apt. 929\nWest Christianafurt, SD','Maine','10','78895','(246)529-7231x8445','1976-03-20 23:46:12'),
('211','1377 Talia Summit Apt. 454\nEast Kendallshire, SC 9','NewMexico','11','12651','319-369-6396','1981-07-18 08:01:12'),
('212','32224 Schowalter Rue\nWest Isabelle, NV 29143-9766','SouthCarolina','12','41536-4305','469.818.3865','1971-07-29 00:51:38'),
('213','36174 Spinka Spur\nPort Teagan, TX 15758-7895','SouthDakota','13','99341','490-215-4840','2003-12-19 19:59:47'),
('214','26437 McKenzie Fall\nPort Deion, OR 43262-1099','NorthDakota','14','98575','420.705.2853x09763','2011-04-01 02:05:40'),
('215','26010 Keebler Station Apt. 268\nVickieberg, WV 3193','Minnesota','15','52636','671.579.3522x1898','1992-09-23 22:54:08'),
('216','6486 Griffin Forest Suite 565\nEast Candidoland, OH','Connecticut','16','81439-5862','(493)944-2698x463','1987-01-30 14:36:09'),
('217','197 Julien Circle\nSouth Melisa, NY 35230-9347','Alabama','17','79414','1-966-865-6768x366','1994-10-20 01:20:08'),
('218','28371 Regan Burg Apt. 237\nThelmaberg, NV 62026','NewHampshire','18','79071-7561','451.997.8262x435','1993-08-24 19:57:55'),
('219','25977 Kaycee Ramp\nZboncakmouth, IN 33907','Alabama','19','32981','1-638-016-5845','2004-06-25 09:19:34'),
('220','67146 Schumm Pass\nOrtizborough, UT 98821','Alaska','20','90549','1-969-225-3183x913','2001-03-08 08:23:55'),
('221','16924 Rosina Spring\nNorth Myrticestad, DE 89174-59','NorthCarolina','21','03755-3196','776-540-0948','1987-09-28 21:59:56'),
('222','070 Abagail Keys\nMacieberg, NC 14782','SouthDakota','22','43355-0662','1-621-372-8143x8637','2004-02-05 10:13:30'),
('223','3329 Jed Heights\nDixiechester, UT 23206-1121','Illinois','23','36732-0228','889-607-8217x7960','1973-09-25 23:36:25'),
('224','0833 Haag Skyway Apt. 502\nHelenmouth, AZ 01166-276','Michigan','24','65314','263.369.9425x95014','2008-01-10 07:35:21'),
('225','257 Raynor Ports\nNew Rodolfoville, MS 91295-7112','Idaho','25','97340','(185)259-5818','2011-04-11 14:38:23'),
('226','7193 Wisozk Cove\nPort Robin, VT 85719-0217','RhodeIsland','26','19396-7815','(538)220-5082','1987-12-01 06:02:43'),
('227','27742 Zechariah Club\nJastfurt, TN 26804','Kentucky','27','54633','(749)163-9216x30417','1988-12-11 16:00:59'),
('228','2536 Audie Course\nNew Kathryn, KS 47532-3415','NewHampshire','28','13683-4388','281.650.8801','2019-05-02 06:05:13'),
('229','30902 Heller Springs Apt. 451\nBatzland, KS 59029-5','Pennsylvania','29','86654','(928)850-8553x78168','1977-04-09 02:17:16'),
('230','14362 Maria Causeway Suite 995\nDaphneyport, VT 229','Pennsylvania','30','92952','107-622-4336x556','1984-03-18 17:46:25'),
('231','09000 Bahringer Underpass Apt. 974\nSouth Montana, ','Tennessee','31','11272','093.363.3705','2008-09-23 23:55:23'),
('232','98620 Madalyn Centers Apt. 955\nWalterside, ND 9936','Arkansas','32','82073','023-687-0450x1314','2001-01-07 21:46:42'),
('233','72777 Myrna Estate Suite 445\nPacochaview, OR 92554','District of Columbia','33','11518','699.851.6794','2006-07-31 04:25:45'),
('234','865 Brown Crossroad\nNew Orinton, UT 88195-1333','Maine','34','51457-6343','377-237-3656x43366','2009-12-19 10:22:51'),
('235','24549 Huels Coves Suite 200\nWhiteview, CA 63603-02','NewYork','35','75694','(653)922-6196','1986-10-06 17:54:50'),
('236','516 Genoveva Fords Apt. 637\nMurrayshire, NV 20018-','Wyoming','36','23421-0138','1-372-530-5966x39183','2015-06-22 17:56:31'),
('237','6136 Tyler Oval Suite 239\nSouth Evelineburgh, VA 4','Minnesota','37','27370-5137','+20(0)6683741409','1995-08-05 02:15:38'),
('238','2142 Hammes Camp Apt. 355\nLake Kaycee, UT 21657','WestVirginia','38','74725-8133','1-475-516-0569x9540','1971-09-07 20:11:17'),
('239','6496 Gerlach Corners Suite 315\nLake Riverport, HI ','Texas','39','48856-4044','1-410-662-7901','1996-05-11 20:46:48'),
('240','8982 Reynolds Coves Suite 620\nLake Christberg, WA ','Idaho','40','03747','490-667-9235','1974-11-05 20:17:36'),
('241','128 Shana Dale Suite 574\nHailieshire, AZ 22847-844','Pennsylvania','41','41837','127-750-4660x78607','1989-10-18 05:45:01'),
('242','6182 Hessel Islands\nNew Scot, MT 30527','Arkansas','42','31971','1-446-949-5091','2000-06-23 04:38:35'),
('243','7227 Chester Street Apt. 356\nLake Lorenmouth, DE 2','Virginia','43','46659-7168','1-795-972-1309x90519','1993-09-09 12:07:29'),
('244','0058 Leuschke Knolls Apt. 216\nWest Alize, SC 60233','RhodeIsland','44','60267-2065','548-462-6275','2001-12-25 04:44:00'),
('245','141 Jacinthe Avenue\nReneburgh, IL 12817','Texas','45','51204-9981','1-075-847-0495x5839','1975-12-11 01:36:44'),
('246','45795 Cassin Landing\nSouth Maria, DC 70629-6348','Missouri','46','02201-3723','01104120647','1975-02-11 00:41:10'),
('247','0725 Paucek Walk Suite 400\nSouth Yoshikomouth, KY ','Maryland','47','99746','00119149788','1974-06-23 18:36:27'),
('248','1703 Avis Dale\nLinwoodfurt, NM 69221-5319','Massachusetts','48','66062','1-492-008-7177','2019-11-05 22:40:33'),
('249','6064 Mills Tunnel Suite 293\nDenesikfurt, SD 32296-','California','49','75707-5068','342.167.2830x5299','2004-02-13 14:34:39'),
('250','33221 Ratke River\nSouth Laurie, NM 38726','Oregon','50','55033-0491','480-059-2037x33722','2007-06-26 11:43:08'),
('251','1089 Hilpert Junction\nWest Kattie, AZ 64458-0883','Alaska','51','83166','1-346-730-9558','1993-10-31 23:32:17'),
('252','85193 Israel Course\nEleanorafurt, CO 64345-8769','Missouri','52','05422-9213','1-690-988-3175x4114','1982-12-25 23:59:17'),
('253','049 Wyman Trail Suite 818\nLake Alexmouth, MI 63494','Virginia','53','09604','653.430.6164x58535','2019-12-23 08:33:13'),
('254','05757 Hanna Turnpike\nNorth Kiana, DC 64827-6092','Alaska','54','62204','195-731-3395','1980-02-09 23:47:48'),
('255','89591 Ortiz Unions Suite 990\nSchusterton, WA 15179','Massachusetts','55','23898-1675','(617)307-7211','2018-10-05 02:40:07'),
('256','793 Schaefer Crest\nEast Glenniestad, PA 33902-6628','California','56','25672','1-832-426-1891x56390','2016-07-16 18:13:56'),
('257','3233 Imelda Circle Suite 829\nOllieville, WI 54109','NewMexico','57','70088-8513','(057)864-5704x616','2000-09-24 03:08:07'),
('258','6569 Hoppe Tunnel Suite 053\nEast Marilynetown, AR ','SouthDakota','58','09983','03065719696','1990-01-15 05:38:07'),
('259','31535 Greenholt Ports Apt. 925\nLake Selena, HI 744','Pennsylvania','59','28212-5103','812.658.3153x999','2012-05-12 07:36:29'),
('260','491 Emilio Summit\nOrenburgh, KS 29205','Tennessee','60','29101-5117','+77(4)6108046019','1994-09-27 23:39:04'),
('261','772 Goodwin Roads Apt. 484\nWest Hester, AK 71055-8','SouthDakota','61','03596','(281)496-4132','2020-01-31 17:09:18'),
('262','30396 Kuphal Turnpike\nIzabellafurt, VA 07723-4306','SouthDakota','62','95258-0962','1-961-854-8803','1974-12-22 12:14:47'),
('263','810 Kunde Trail\nSouth Mallorybury, MI 23773','Washington','63','90060-1072','(912)085-9878x2868','1990-08-19 12:41:24'),
('264','6968 Wintheiser Street Apt. 111\nFriesenmouth, VT 1','Oregon','64','86536','(959)406-4100','2016-10-14 16:40:14'),
('265','26921 Katarina Terrace Suite 802\nWest Earlton, WA ','Iowa','65','80181-8466','1-375-273-6197','1995-01-20 02:57:18'),
('266','784 Jamarcus Trace\nEast Makenzie, WA 86228-9547','NewJersey','66','78211','1-761-801-1611x95478','2018-07-22 18:35:13'),
('267','2907 Hilma Grove Apt. 968\nWest Aiyanastad, SD 8260','NorthDakota','67','31301','+43(2)2927197717','2013-11-15 08:16:13'),
('268','506 Ortiz Extensions Suite 770\nNew Linnie, WV 2344','Alabama','68','01203-1155','158.769.2650x823','1989-12-19 16:35:21'),
('269','575 Finn Run Apt. 095\nLake Mafaldaland, AL 81508-1','Utah','69','09706','281.895.8286x3392','1993-09-06 07:38:14'),
('270','3167 Ned Extension Apt. 446\nLeannonfurt, TX 72730-','District of Columbia','70','77847','+35(2)2430690218','1996-12-17 06:10:58'),
('271','195 Bauch Branch Suite 217\nWintheiserbury, MS 0247','Wyoming','71','96132-5118','(236)245-2209x3903','1994-02-11 08:44:29'),
('272','5798 Lea Ford Apt. 735\nPort Daisha, WI 11140-5369','Minnesota','72','22986-3649','1-182-343-8432','2013-09-20 09:20:33'),
('273','0883 Mike Glen Apt. 907\nGreenholtstad, WY 77096','Iowa','73','13184','(686)978-7633','1990-03-20 20:23:23'),
('274','22062 Holden Light Apt. 396\nPort Enosland, TN 9695','NorthDakota','74','25850-5115','+65(3)3146898660','2003-08-11 23:38:18'),
('275','8981 Rippin Points Suite 981\nAydenborough, NY 6934','Washington','75','13314','223-023-5471x759','2018-12-06 13:58:15'),
('276','484 Zulauf Estates\nVanland, NJ 50133','Texas','76','30968','572.655.3998','1977-01-14 08:29:05'),
('277','0746 Leilani Causeway\nReichertville, UT 90387-2156','NorthDakota','77','77487','1-846-850-0928x2292','2006-07-06 16:50:33'),
('278','973 Anderson Views Apt. 202\nPort Jeffery, SC 61859','NewYork','78','16478-4287','733-551-9483x214','1984-10-23 11:00:52'),
('279','07874 Cormier Pine Apt. 053\nPort Benedict, MA 3046','Alabama','79','38121','(811)991-5756','1998-12-02 07:18:53'),
('280','98982 Toy Glen\nEast Deloresfort, NE 67341','Hawaii','80','42938-6263','033-028-0326','1986-05-03 03:01:02'),
('281','60342 Durgan Oval Suite 765\nBayerberg, KY 43273-26','RhodeIsland','81','49655-0414','01905051150','1970-06-30 17:00:55'),
('282','5856 Price Knolls\nWolffton, NE 66680-3494','Kansas','82','97703-0965','360-877-5109x513','2003-09-21 04:06:57'),
('283','8191 Wiegand Underpass Apt. 686\nRempelchester, MT ','Montana','83','12533-8232','06754764788','1999-12-24 07:19:47'),
('284','525 Braulio Mountain\nNew Rheaville, GA 73965-0492','Pennsylvania','84','32349','251-539-4538x273','2017-03-12 15:06:29'),
('285','143 Krystal Trail\nEast Rowland, AZ 72284-5217','Vermont','85','82677-0283','(401)416-8456x47867','2008-05-15 13:33:19'),
('286','6429 Oral Cliffs\nPort Eduardofurt, HI 66429','Georgia','86','23224-4627','1-551-841-5468x83375','1983-09-17 00:17:11'),
('287','7011 Verla Ranch Suite 971\nAndreton, MA 54958','NewMexico','87','52785','05837773717','2003-12-10 17:41:26'),
('288','928 Theresia Street\nHudsonview, OK 44768','Montana','88','66922','+35(8)0287520210','1976-07-15 00:15:49'),
('289','58413 Erdman Lock\nSouth Wendell, TN 67195-8766','California','89','72532-3932','1-239-079-0492x880','2003-10-20 16:54:32'),
('290','83141 Bennie Road\nPort Aylashire, AK 32198-8434','Colorado','90','04751','07761709325','2019-12-16 22:04:29'),
('291','2176 Pfeffer Harbor\nNew Angiemouth, MN 54166','Pennsylvania','91','91899','+24(0)0053133441','1974-12-07 10:49:11'),
('292','342 Bednar Plain\nPatsyfort, OR 69616','WestVirginia','92','42467','03102653649','1977-06-12 03:06:18'),
('293','407 Kohler Divide\nWest Turnerberg, UT 87513','NewYork','93','39087','(787)881-7201','2018-06-10 04:19:42'),
('294','6343 VonRueden Inlet Apt. 223\nLaruemouth, MA 46317','Illinois','94','76423','01369090654','1984-06-20 07:25:14'),
('295','6980 Etha Alley\nPort Angusbury, WV 19566-6647','Virginia','95','10919','142-609-3011x39827','2014-09-20 03:14:50'),
('296','6790 Stark Isle Apt. 935\nEast Cristopherton, RI 61','Oklahoma','96','76099-2736','08586229108','2008-12-18 08:42:56'),
('297','34881 Amira Manors Apt. 297\nLittelton, VT 84891-92','Colorado','97','53023','1-275-695-4586x2412','2003-10-08 14:29:53'),
('298','354 Moen Views Suite 556\nLake Lonnyberg, SC 67770','Montana','98','98691','1-054-638-2772','1999-08-07 02:11:41'),
('299','9738 Lang Land\nSoniamouth, MN 26221-9128','Kentucky','99','54332-5963','508-496-9625','1973-04-27 03:59:19'),
('300','84733 Lindgren Mount Apt. 533\nLebsackside, OH 8048','Kentucky','100','24175','020.891.0145','1994-02-04 11:44:10'),
('301','1517 Derick Radial\nGrahamland, WA 45364','Maine','1','86542-0129','861.203.7702x542','2004-10-02 13:17:09'),
('302','663 Oceane Run\nNorth Henrifurt, NE 06127-7734','NewHampshire','2','85824-8874','1-949-472-7249x046','1994-01-13 06:17:01'),
('303','75346 Lila Dam Suite 330\nGutmannbury, NM 07114-563','Arkansas','3','04520-6309','(202)653-6659x925','1990-01-12 14:21:13'),
('304','94008 Marcelina Mall\nNataliafurt, MA 87836','Florida','4','38244','1-218-596-6338x9796','2006-11-25 10:52:11'),
('305','3049 Hartmann Gateway\nGerlachside, AK 30842-4211','Wisconsin','5','35755','983.244.0028x8224','1990-11-22 00:22:17'),
('306','10882 Orn River Suite 055\nNew Alana, VT 65998','Texas','6','31882','(234)571-3783','1988-07-31 16:03:01'),
('307','30923 Kiel Walks\nCormierchester, UT 58894','Oregon','7','89868','1-971-403-0276x9075','1988-09-20 03:28:10'),
('308','1266 Joelle Shoals\nSouth Urbanland, CA 95545-5739','NewHampshire','8','15982','752.914.9603','1974-10-24 05:10:26'),
('309','55038 Goyette Knolls\nDevynland, IN 59483','Nevada','9','45227','719-444-2622x8234','2016-07-22 02:35:35'),
('310','47885 Pfeffer Trace\nLake Hershelborough, RI 20855','NewMexico','10','28402-3006','875.806.3503x3600','2019-03-22 08:41:39'),
('311','8574 Jody Underpass Apt. 219\nSouth Raul, DE 48847','Washington','11','80446-3435','014.361.0021x9938','2004-07-31 03:37:16'),
('312','63740 Marquardt Island\nBednarville, NY 85416','Missouri','12','18203','309.955.7105','2002-04-29 17:56:41'),
('313','26244 Thiel Shoal\nSchmelerfurt, SC 59621-2809','Connecticut','13','71639-4283','01624018749','1980-11-07 21:07:32'),
('314','47456 Peyton Garden\nMarcellehaven, KY 82860','Minnesota','14','91624','(691)461-2862x0121','2001-03-29 15:10:19'),
('315','28095 Bart Valleys\nEmardfort, KY 48168-3655','Idaho','15','39556','457-744-2746','2004-09-25 23:05:51'),
('316','0997 Rath Shoal Suite 816\nLake Annabel, ID 17961-2','NewMexico','16','46384','02513341605','2013-07-09 14:12:43'),
('317','485 Schulist Summit Suite 344\nWest Maritza, AR 690','NewMexico','17','29975','(971)300-1608x3934','1995-10-11 08:34:27'),
('318','03020 Houston Valleys\nSouth Harryside, WA 30279','Maine','18','67707-4209','1-530-576-2678','1995-01-13 09:40:58'),
('319','0546 Cole Mews\nCreminbury, AZ 34173','Pennsylvania','19','22063','134.091.2677x0026','2002-04-03 17:09:24'),
('320','13639 Laverne Port Suite 125\nPort Natside, KY 7120','Vermont','20','97261-3357','(674)674-2421','2012-01-04 21:01:10'),
('321','42219 Kihn Grove\nSouth Maiya, MA 59063-0824','Georgia','21','14984','1-191-079-3499x5452','2017-04-29 05:10:51'),
('322','875 Nia Lakes Suite 562\nRussburgh, MN 90262','Idaho','22','81049','(921)872-2716','1988-03-11 17:27:52'),
('323','96900 Cloyd Loaf Apt. 366\nHeaneyview, IA 94220','Ohio','23','43227','024-606-1564x019','2014-12-06 11:14:21'),
('324','931 Cremin Stream Apt. 137\nBeahanfort, WV 61764','Indiana','24','69871','05761578000','1977-11-19 04:35:07'),
('325','070 Alfonzo Street Suite 108\nLake Emelie, AZ 04977','Pennsylvania','25','70267-1938','1-920-196-0372','1972-04-23 14:39:00'),
('326','616 Tremblay Cliff\nPort Guyhaven, NH 82367-6268','SouthDakota','26','93830-2863','136-037-9046','1982-03-18 18:27:03'),
('327','32052 Hegmann Fall Suite 684\nPort Harvey, KS 21048','NorthCarolina','27','02782-7768','612.767.8605','1981-11-20 09:06:19'),
('328','327 Mante Mission\nSwiftstad, TX 82406-1974','Virginia','28','12898','(533)643-8099','1996-01-13 21:13:04'),
('329','0024 Kunze Meadow\nSouth Tiffany, SD 96839-6678','NorthDakota','29','75270-4626','(658)178-0896x37132','1974-05-22 07:14:43'),
('330','4246 Liana Court Suite 371\nNorth Kayleestad, KY 44','Washington','30','93254-6489','837-272-7399','2005-03-31 08:09:30'),
('331','9433 Gerlach Hills\nSouth Terrellchester, SD 53584','Massachusetts','31','71802','633-368-5926x25299','2011-07-10 21:32:17'),
('332','29886 Willms Inlet Apt. 508\nKubburgh, IL 38400-929','Idaho','32','72263-8090','225.831.4279','1999-10-26 08:30:00'),
('333','5922 Heidenreich Islands Suite 993\nSporerburgh, OK','Utah','33','87423','885-991-3879','1970-11-08 13:18:39'),
('334','81653 Sigurd Roads\nIsmaelhaven, KY 84189-7646','SouthDakota','34','74864-7760','1-733-399-0885','1979-10-19 22:49:30'),
('335','91962 Vaughn Plains\nPort Josieview, OK 71704','Iowa','35','97315','936-439-1473','2017-04-26 14:12:46'),
('336','3137 Pauline Shores Suite 568\nBashirianton, UT 142','SouthDakota','36','40010','829.673.2749','2000-07-12 16:24:08'),
('337','19810 Gutmann Rest\nElissatown, IL 35833-0740','Illinois','37','58205','622.804.3602','2010-06-04 16:00:50'),
('338','721 Justus Plaza Apt. 537\nSouth Sharonton, IA 3543','Wyoming','38','67759-7026','1-708-298-1420','2018-02-18 23:20:19'),
('339','931 Ruthe Forest\nPort Alicia, NM 44861','Delaware','39','80225-2093','1-813-443-0714x708','2014-02-25 20:58:24'),
('340','305 Blick Valleys Apt. 523\nFaymouth, NE 69566','Pennsylvania','40','45940','486-805-2207','2013-04-04 04:52:53'),
('341','9135 Veda Canyon Suite 082\nNew Fletcher, CO 20204','NorthCarolina','41','81207','+87(8)4235698561','1990-01-30 12:22:38'),
('342','841 Berta Light Suite 672\nLake Davion, KY 34336-93','Pennsylvania','42','77096-9638','241.942.9378x95107','2003-12-02 12:08:53'),
('343','23788 Cummerata Squares\nLake Nataliaburgh, MO 4319','Pennsylvania','43','33863','012-566-6380','1994-12-30 08:53:26'),
('344','71791 Murphy Flat Apt. 822\nLockmanberg, AL 41032','Iowa','44','49260','069.152.0072x325','1974-03-17 15:57:37'),
('345','66414 Ericka Mount\nPort Bernard, IL 08675-2577','NewYork','45','52292-5815','(969)493-3849','2002-10-18 17:22:10'),
('346','83963 Rhett Tunnel Suite 741\nSouth Kavonton, RI 54','Nebraska','46','15752-6736','1-872-532-9092x02745','1983-04-24 12:03:29'),
('347','3400 Schimmel Groves\nCharleyberg, KY 72944','Florida','47','45091','+73(5)8236898888','2009-11-29 15:55:54'),
('348','03067 Beulah Lakes\nEast Lavada, MI 71267','Oklahoma','48','39814','(524)081-8037','2016-02-04 10:24:06'),
('349','1138 Jacobs Islands\nEast Christine, NJ 94927-0491','Alaska','49','90536-7677','(194)524-3580','2001-06-14 02:38:03'),
('350','43002 Brenda Extension\nDulceburgh, WA 31714','Alabama','50','65764','1-569-309-1138x80945','2011-11-27 22:04:14'),
('351','0418 Rhianna Circle Suite 649\nSchadenside, SD 1579','Indiana','51','66528','323.890.1467x598','1988-07-01 20:02:04'),
('352','6036 Stanton Road\nNorth Marisa, ID 81721-4163','Tennessee','52','43803-4229','07761619135','1999-07-23 06:35:37'),
('353','600 Cummings Manors Suite 451\nWest Raven, MN 19189','Kansas','53','72165','799.340.4066x629','2016-06-15 09:46:19'),
('354','1846 Mozell Mountain\nHettingerland, CA 01626-7950','Colorado','54','57130-5384','02028744097','1991-04-05 11:54:09'),
('355','0369 Lehner Point Apt. 387\nWest Biankachester, MD ','Iowa','55','47715-6623','559-247-9391','1996-10-06 07:20:18'),
('356','0510 Chloe Trafficway Suite 539\nDarebury, MS 15790','Maine','56','25031','510-711-5034x40967','1998-09-11 01:36:22'),
('357','133 Vladimir Drive Apt. 784\nLarkinshire, VT 62685','District of Columbia','57','10488','1-427-603-1450x45416','1999-08-04 16:10:14'),
('358','65560 Flatley Forges\nMonahanland, CO 34364','Maryland','58','06195-0542','02481866864','2013-06-05 02:27:55'),
('359','95598 Kennedi Lake\nArmandtown, NV 08849-2313','Massachusetts','59','04917','1-949-534-8332x837','2014-03-03 14:06:38'),
('360','066 Schulist Mountain Suite 997\nPort Skyeberg, CT ','Illinois','60','22884','+19(6)3152309519','1976-04-14 18:02:48'),
('361','7816 Deckow Springs\nWest Dominic, DE 49678-1111','Alaska','61','44162-6981','(102)716-2133x4893','1974-06-11 04:55:35'),
('362','6282 Jon Brook\nNew Kirstenfort, DE 48609','Iowa','62','35751','657-411-3745','1989-12-12 17:23:35'),
('363','1126 Flatley Extensions\nNew Corbin, WY 42331-7794','WestVirginia','63','60706-2030','(875)566-8171','1982-03-05 04:09:37'),
('364','1357 Orrin Meadow Suite 088\nMorganhaven, MO 61516','Arkansas','64','13292','(652)083-9137x90383','1984-07-25 12:27:18'),
('365','900 Fisher Square\nNew Gusland, MN 67191-2448','Washington','65','18068-8054','+88(8)4544558341','2019-10-09 21:57:39'),
('366','1203 Brady Isle Apt. 937\nJalynfort, NV 41650-1403','Ohio','66','61350-6361','1-632-030-5489x49103','2008-10-28 18:05:58'),
('367','7566 Kshlerin Centers Suite 772\nOpalport, WV 22959','Vermont','67','74956','114-292-0545','1992-01-03 15:03:02'),
('368','6941 Reginald Centers\nVonRuedenshire, TN 29965-714','Alabama','68','29717','03287067396','1985-05-29 19:05:28'),
('369','1501 Burley Neck\nNew Felipe, AR 33622-3122','Michigan','69','71168-8285','1-827-724-6508x6948','1984-06-21 23:17:55'),
('370','27201 Abshire Junction\nSouth Harvey, RI 54502-2406','Maryland','70','42818','103-760-5776x81398','1977-12-18 09:46:16'),
('371','2119 Kilback Lane Suite 343\nGoyettehaven, SD 63821','Georgia','71','80568-3897','1-322-597-6243x23717','1987-01-18 10:16:09'),
('372','997 Kenton Creek\nTeresaport, NC 66391-8943','Montana','72','28955','(268)969-1168x2213','2000-08-30 08:55:19'),
('373','81049 Antonette Views\nShanahanland, NE 97586-9156','Utah','73','29527-6093','(902)486-4218x43034','1975-03-05 04:42:50'),
('374','205 Daniel Unions\nSouth Horacioland, AZ 61678','Michigan','74','38994','1-924-329-9002','1980-10-27 03:26:20'),
('375','962 Nitzsche Shoals\nDaviston, IL 92534-0677','Montana','75','45491-0568','124.353.3235x24366','1978-03-02 20:21:18'),
('376','06157 Emely Spurs Apt. 439\nSouth Modesta, ND 19474','Montana','76','97519-0473','04814127872','2002-03-23 20:05:20'),
('377','28725 Romaguera Bridge Apt. 529\nSchneiderstad, IA ','NewYork','77','97495','1-182-829-7778','2019-12-26 00:58:04'),
('378','69087 Boehm Greens\nHettingermouth, IN 38328-3020','Tennessee','78','16418-0621','(693)286-2067','1982-01-18 22:01:25'),
('379','552 O\'Kon Squares\nLake Jade, LA 81161-2861','Nevada','79','00538','1-090-080-8321','1975-02-26 03:13:06'),
('380','68060 Abdiel Fields Apt. 831\nRubiechester, ME 2010','Arkansas','80','77885','670-427-2362x30353','2018-09-08 08:15:09'),
('381','7675 Camilla Stravenue\nCortneyshire, AZ 90842','Ohio','81','39269','668.468.9589x84025','1972-04-10 05:58:45'),
('382','3196 Rozella Creek Suite 712\nJohnathonborough, SD ','NorthCarolina','82','95407-4935','854.125.5584','2013-11-21 05:58:53'),
('383','68846 Friesen Burg\nAlanisfurt, VA 10093-5626','NewYork','83','71980-5238','1-831-875-7446','2005-11-05 21:44:36'),
('384','612 Jody Squares\nSouth Alba, UT 40533-7202','RhodeIsland','84','91166-2930','1-933-459-1407','2006-07-26 01:58:01'),
('385','438 Shanahan Overpass Suite 547\nEast Marcelinastad','NewJersey','85','27395-6030','034-279-2986x8762','1970-05-13 15:39:28'),
('386','270 Birdie View\nBricehaven, TN 07327','Montana','86','57980','600.800.7906','2009-07-04 23:41:32'),
('387','1884 Homenick Coves Suite 013\nWest Eltonside, MS 8','Kansas','87','93321','07874339209','1981-02-05 11:33:11'),
('388','5724 Paxton Union Suite 450\nAbrahamfort, TX 37344-','Wisconsin','88','33591','(944)959-4069','1971-03-02 18:57:46'),
('389','776 Jessyca Parks Suite 272\nWilmerstad, MS 13951','Alaska','89','51916','(692)660-2320x740','2017-09-12 21:23:37'),
('390','07562 Margarita Ramp Apt. 423\nWest Rashawn, LA 082','Kansas','90','12205-4686','1-211-341-5774x95694','2012-09-29 08:32:50'),
('391','813 Daron Burgs Apt. 475\nHartmannborough, NE 30743','SouthDakota','91','94749-4202','092.319.3718x39797','2010-11-08 22:58:03'),
('392','088 Christiana Oval\nArjunstad, NV 87242','Virginia','92','02317-7434','821.056.5297x42045','2009-01-19 14:20:56'),
('393','88467 Hermiston Heights\nEast Gudrun, NY 48229','NewJersey','93','70898-2770','(691)631-3079x336','1990-06-21 03:13:57'),
('394','06540 Sanford Forks Suite 398\nWest Ahmed, MI 90984','Wisconsin','94','90344-7833','(185)312-1918x32096','2001-07-03 06:11:30'),
('395','270 Wiegand Via Suite 022\nPort Philipchester, VT 2','Virginia','95','43049-8821','1-027-296-0924x0194','2017-09-06 10:52:26'),
('396','0045 Shyann Mall\nMadilynbury, UT 85131','Texas','96','98200-8221','01836139816','1972-07-09 23:00:16'),
('397','056 Bins Mews Suite 810\nNew Verdie, CA 50182-8685','Wyoming','97','92962-5732','230-009-3472x028','2018-05-04 08:02:56'),
('398','9952 Gerlach Isle Suite 218\nNorth Alexandrineburgh','Oklahoma','98','94817-9591','+97(6)8593091861','1993-10-13 08:03:53'),
('399','0461 Braun Brooks\nLake Flavie, DE 95379-2363','Pennsylvania','99','77137-7988','688-401-7699x30984','1987-10-16 03:52:34'),
('400','9759 Kozey Trail\nEast Cordieburgh, NY 71982','Illinois','100','93843','(256)907-2341x997','1980-12-30 00:15:56'),
('401','101 Sebastian Mission Apt. 145\nNorth Francesco, CA','Wyoming','1','20994-9604','1-238-410-7056','2020-05-03 02:56:01'),
('402','299 General Branch Suite 614\nSkilesport, MN 35240-','Alaska','2','28459-0976','08472030171','1982-12-09 06:13:23'),
('403','356 Haskell Port Apt. 752\nPort Noemieshire, RI 847','Illinois','3','12707-2850','(074)658-6108','2019-11-02 22:34:04'),
('404','8161 Cartwright Meadows Suite 840\nDurganburgh, NC ','California','4','43431-3750','437.906.9719x38507','1978-05-10 17:53:59'),
('405','30892 Cassidy Throughway\nNew Jordyn, AZ 04659','RhodeIsland','5','82618','(723)654-6780x703','1970-07-22 04:27:53'),
('406','9324 Breitenberg Hollow Apt. 682\nSouth Lupe, TX 42','Louisiana','6','77648','(956)489-3811','2015-05-27 04:53:47'),
('407','8572 Roel Green Suite 711\nFadelfort, FL 06013-1769','NewHampshire','7','03714-1587','+52(5)1542015799','1976-01-17 07:42:40'),
('408','2260 Constance Mall\nEast Corene, VT 64312','Delaware','8','85496','(390)758-8982','1972-09-26 16:38:28'),
('409','2711 Keebler Courts Apt. 720\nClaymouth, MS 56333-1','Florida','9','49012-6215','967.148.1595','1988-08-21 07:31:55'),
('410','3608 Jeffry Course Suite 555\nNew Wilfredo, OR 0980','Indiana','10','02030','1-638-036-0507x7502','1994-08-02 21:55:12'),
('411','7041 Johnson Mall Apt. 351\nSouth Jessikaport, CT 7','Idaho','11','27733-3674','(760)933-6904x03079','2001-06-25 06:18:32'),
('412','51661 Roxanne Lane\nKuhicport, MT 33088-9926','Massachusetts','12','41230','832-080-2775x15816','1979-04-30 20:05:35'),
('413','665 Bradtke Prairie\nLake Heather, NH 32831','NorthCarolina','13','11737','(254)153-6316','2014-04-08 21:07:19'),
('414','9941 Lehner Square\nWest Alena, SD 04172','Maine','14','94594-1064','+87(6)7949938622','2004-03-23 09:37:09'),
('415','04774 Koss Cliff\nChesleybury, KS 10348','California','15','21074','1-011-029-9711x51096','2010-02-26 08:32:33'),
('416','002 Karianne Extensions Suite 068\nEleanorefort, SC','Michigan','16','88471','(419)174-5671x178','1981-05-18 07:52:48'),
('417','20570 Shields Knolls\nSouth Princeville, LA 33922','Arkansas','17','74475','(519)981-6093','2008-05-13 08:23:00'),
('418','81659 Wiegand Knoll Apt. 363\nVontown, GA 72923-006','NorthDakota','18','28101','(711)567-4091x040','1991-01-16 19:09:23'),
('419','01017 Oda Radial\nSouth Brody, NE 36358-3764','Missouri','19','22052-4451','1-827-775-9403x2600','1982-03-22 02:18:08'),
('420','33298 Olson Route\nCummeratabury, NJ 98146-7865','Oklahoma','20','16366','08492806328','2000-06-27 14:36:39'),
('421','734 Fay Mall\nRoweport, MO 97506-8581','Missouri','21','96922','1-786-514-0454','1989-10-31 11:59:13'),
('422','32121 Addison Prairie Suite 627\nPort Mathilde, KS ','SouthCarolina','22','41888','1-952-257-9335x8939','1987-04-15 05:50:36'),
('423','737 Jaylen Mall Suite 059\nNew Maya, MT 00536-9293','Montana','23','18018','+68(4)8408482726','2018-10-30 14:42:17'),
('424','16511 Crona Plains\nReillytown, NY 88259','Maine','24','51017','1-674-928-3528','1980-04-23 13:18:03'),
('425','735 Hammes Course Suite 484\nLake Josuemouth, OK 63','Montana','25','16862-4412','+87(2)8749323790','1984-08-09 22:58:26'),
('426','644 Peter Squares Apt. 646\nNorth Edmund, NH 53927','Wyoming','26','58070','484.370.4167x3969','2019-12-23 16:17:12'),
('427','09629 Armando Island\nAnnaborough, ND 51805','Oregon','27','56172-5892','(625)146-4261x718','1985-04-06 01:38:14'),
('428','5870 Larson Greens Apt. 486\nPaigefurt, NE 71379','Arizona','28','27595','935-425-7939','1999-09-15 16:35:06'),
('429','0295 Mateo Ranch\nBufordside, AK 27041','California','29','03849','(571)872-3390x658','2017-11-25 10:55:30'),
('430','6002 VonRueden Extension\nEast Luraburgh, LA 40355-','RhodeIsland','30','80857','310.530.9410x69914','2017-10-13 06:05:03'),
('431','40647 Bernier Fork Apt. 019\nLake Dandre, CA 82421-','Iowa','31','14392-3611','967-786-2264','1976-05-17 18:29:15'),
('432','4654 Elena Common Suite 464\nKristinabury, WA 02638','Nevada','32','62547-5938','(313)180-5248x621','1976-12-09 08:53:20'),
('433','052 Leora Station Apt. 030\nSouth Clifton, IN 38275','Washington','33','13924','978-995-3712','2006-05-15 11:19:59'),
('434','260 Schumm Ville Apt. 236\nNew Mercedesview, ID 607','NorthDakota','34','44442-4287','(768)333-6085','2014-04-03 15:31:02'),
('435','09493 Nitzsche Gateway\nWest Arno, IA 56509-5945','Virginia','35','11126-9895','(175)751-3089x4589','2015-08-30 09:27:13'),
('436','433 Boyle Viaduct\nMorissettemouth, SD 46660-1686','Alabama','36','19331-3530','1-231-996-3972x66547','1988-05-08 05:53:54'),
('437','787 Kovacek Heights\nSouth Damon, SD 51415-4751','Ohio','37','88842','(788)920-6946x140','2000-03-27 06:52:29'),
('438','023 Olin Passage Suite 101\nWest Rosalinda, NV 5580','NewYork','38','34706','(019)626-5030','1995-12-14 23:35:07'),
('439','237 Gustave Turnpike\nSouth Breanne, NY 03843-3633','Georgia','39','86504','+38(6)1694140883','2008-05-13 19:28:09'),
('440','90959 Glenna Tunnel Suite 123\nNorvalbury, AR 67060','Missouri','40','62623-7243','1-732-181-6849x9206','2000-08-27 12:34:29'),
('441','516 Herman Grove\nHermannside, DC 22548','Pennsylvania','41','82312-9153','1-806-007-4467x59242','1998-08-29 22:10:00'),
('442','29319 Stella Ranch\nCollierbury, UT 13693','Minnesota','42','98118-8898','920.457.5117x2304','2009-09-06 04:15:28'),
('443','7242 Smith Lodge Suite 902\nNew Aniyaborough, NV 85','Colorado','43','01577-3413','185-791-8662x178','1979-01-31 16:49:18'),
('444','19194 Zemlak Crossroad\nAbernathychester, IL 79848','Minnesota','44','93812-1972','08494998564','1990-11-19 13:06:59'),
('445','9765 McClure Corner Suite 671\nWest Demetriston, ND','Pennsylvania','45','39081','1-136-040-1873','1995-09-11 01:15:29'),
('446','3537 Zoey Prairie Suite 476\nWest Yolandaview, KY 5','California','46','28025','159-348-8069x83734','1991-11-11 11:33:52'),
('447','5777 Verona Path Suite 151\nEsperanzafurt, NM 63112','Delaware','47','94149','086.686.7939x52659','1990-05-05 04:14:05'),
('448','46052 Yost Creek\nLake Keeleyborough, TN 66067-2420','Nevada','48','58616-4802','(953)455-6660x35142','1980-01-22 23:09:14'),
('449','510 Ellsworth Estate Suite 380\nSouth Willowhaven, ','Florida','49','72363','(960)315-7403','1978-10-07 00:54:26'),
('450','5780 O\'Connell Creek Apt. 839\nPort Camille, CT 833','Georgia','50','32577-7412','+68(9)5222199595','2006-05-31 22:53:38'),
('451','2110 Una Camp\nNew Lindseyton, HI 42208','Kansas','51','74799','1-193-965-6921','1981-10-02 07:28:03'),
('452','6394 Crist Green\nFriesenberg, OK 95314-0116','NewHampshire','52','67917-9343','202-957-6848x41930','2018-07-24 16:54:33'),
('453','41496 Hammes Curve\nSouth Brycen, DE 35755-3031','Georgia','53','35674','138.979.4785x1993','1970-04-29 08:14:37'),
('454','234 Everett Roads\nGerdashire, MI 10285','Colorado','54','35306-2725','099-778-6990x675','2013-03-25 02:41:36'),
('455','9162 Frami Trace\nLarsonville, SD 06710','Ohio','55','32670','(680)427-7712x89565','1988-03-12 19:06:51'),
('456','95216 Howell Groves Suite 941\nNorth Clementineport','Oklahoma','56','55079-0600','(400)333-3560','1987-07-08 03:39:13'),
('457','7942 Pouros Courts Suite 727\nAnkundingmouth, NJ 01','Arkansas','57','56792','1-220-537-1328x3324','2001-02-15 23:57:40'),
('458','305 Armand Springs Apt. 894\nSouth Elmomouth, PA 41','Washington','58','32847','(717)968-3697','1987-08-06 14:55:27'),
('459','311 Vilma Extensions Apt. 827\nYundtmouth, NY 61255','Kansas','59','13685-4368','(853)883-0696','1973-11-25 16:55:47'),
('460','3626 Leanne Estate Suite 811\nPort Beth, ID 81614','Iowa','60','21133','326-090-9736','1985-06-22 08:02:25'),
('461','2066 Turcotte Motorway\nCeceliastad, VA 34624','Tennessee','61','71162','(718)451-7833x28658','1971-07-15 06:32:42'),
('462','712 Kulas Fort\nBernardburgh, HI 39323','Connecticut','62','73610','438.872.1452x5742','2020-01-17 22:05:55'),
('463','52698 Schuppe Mountain Suite 615\nLake Haleighton, ','Minnesota','63','34387','(402)455-5332x90901','1972-03-01 04:05:51'),
('464','54542 Bailey Ports Suite 516\nFunkmouth, IA 45686-6','Connecticut','64','75212','849-851-9330x0776','1977-12-20 03:01:23'),
('465','9137 Adams Vista\nPort Kayberg, ID 45516','NewJersey','65','37347','831.389.0403','1977-04-26 19:49:08'),
('466','07712 Vada Key\nHellermouth, AZ 65174-8690','Utah','66','64500','+48(4)7416813540','1971-11-04 07:41:13'),
('467','138 Shields Canyon Suite 073\nEast Kylaland, ID 884','Delaware','67','37749-3735','+52(6)0156894773','1988-01-04 04:08:10'),
('468','78781 Halvorson Prairie Apt. 108\nSouth Mariellemou','Illinois','68','03063-0235','(982)188-3415x4910','2014-08-17 06:47:52'),
('469','47127 Manley Mill Apt. 295\nWest Toyfurt, LA 58953','Pennsylvania','69','16487','708.056.3942x12231','1989-01-26 08:32:40'),
('470','6512 Bernier Fort\nLake Melvinaberg, DC 69505','Indiana','70','85699','1-118-980-7983','2017-07-06 23:34:51'),
('471','156 Dickinson Meadow Apt. 132\nLazaroville, NM 8984','Arkansas','71','23321','041.724.1196x405','1985-08-06 01:16:10'),
('472','73827 Leola Alley Apt. 180\nWest Maryjaneville, MT ','Georgia','72','05681','+73(5)6629808932','1993-02-10 02:25:08'),
('473','36893 Leland Freeway\nSouth Jaylen, ID 04177-9138','Illinois','73','91523','+57(3)8330218217','2001-05-21 19:44:13'),
('474','52359 Laisha Estates\nLake Elseton, MI 29388','SouthCarolina','74','31198','+65(8)6126611636','2003-05-19 08:41:19'),
('475','78678 Bogan Glens Suite 566\nPort Rhett, OR 46900-0','Washington','75','70194-3878','691.575.7794','1978-01-07 06:34:31'),
('476','6457 Schultz Valley\nNorth Aisha, ID 80150-3619','Tennessee','76','75309','(407)985-8240x8736','1978-02-17 10:23:22'),
('477','02213 Kling Square\nNorth Mayberg, TX 96851','Hawaii','77','85217','664.041.9846','1975-09-15 10:36:31'),
('478','885 Thompson Trail Apt. 449\nWest Simoneview, AL 63','SouthCarolina','78','42726-0844','1-686-354-2933x076','1972-03-10 21:43:30'),
('479','993 Yost Canyon Suite 257\nDuBuquebury, AL 26790','Wisconsin','79','61531-1589','661.365.2728x70310','1988-12-19 12:40:09'),
('480','714 Mellie Cliff\nSouth Briceview, SC 60017','Louisiana','80','98097-1525','1-495-812-8694','2010-04-19 18:23:43'),
('481','5010 Grimes Wall\nNorth Kelsiefurt, MO 71804-7062','SouthDakota','81','32015','1-694-694-9165x7499','1979-03-22 06:42:52'),
('482','53374 Selena Inlet Apt. 375\nNew Erna, TN 55893','Texas','82','21696','+39(2)3982476679','2004-10-22 20:45:20'),
('483','627 Klein Locks Suite 899\nVandervortborough, CO 12','Colorado','83','45753','693.266.1239x78643','1977-07-16 09:29:05'),
('484','43261 Raheem Centers Apt. 507\nNew Claudeport, MT 7','SouthCarolina','84','18097','652.986.5757x768','2010-02-06 16:23:10'),
('485','1570 Bettye Isle Suite 711\nEast Feltonbury, MD 519','Maryland','85','68104','204-162-1539x51868','1972-08-30 01:20:34'),
('486','45018 Cronin Mount Apt. 196\nColtton, WA 67725-4006','Connecticut','86','20300','1-792-726-4943x7635','1996-02-22 15:08:23'),
('487','5525 Dicki Knoll Suite 562\nWest Jaceyland, MD 4928','Nebraska','87','96770','665.494.4060x3930','2005-12-17 18:55:14'),
('488','817 Weissnat Green\nWest Veronafort, NC 11841-5187','District of Columbia','88','40651','04652338708','1991-06-19 02:15:25'),
('489','751 Edyth Station\nEast Shanietown, AZ 64348-3837','NorthDakota','89','80455-0374','505.112.5692','2009-03-02 06:12:07'),
('490','55607 Breana Falls Apt. 841\nTesston, RI 65590','Florida','90','41782-0690','172.753.6072x75558','1987-05-14 03:21:57'),
('491','57220 Christelle Track Apt. 869\nMarquardtfort, MN ','RhodeIsland','91','05237','06359514739','2019-01-11 09:29:33'),
('492','4003 Winona Square\nBradtkemouth, WY 90515','Indiana','92','19058-5662','05516759343','1972-07-12 13:50:08'),
('493','049 Ryan Bypass\nPort Fannie, IL 80463','NewHampshire','93','30885','1-291-393-9960','2000-03-07 18:14:35'),
('494','1786 Thurman River\nRolfsonbury, NJ 55302-0138','Maine','94','09115-7992','05150021269','2001-05-18 21:19:33'),
('495','35564 Witting Island Apt. 437\nNorth Reyes, RI 4736','Missouri','95','84599','(441)296-6306x13007','1996-02-09 04:09:21'),
('496','078 Hirthe Village\nMullerville, GA 42736-1937','Pennsylvania','96','91693-1369','+14(6)8246341160','2008-03-29 20:04:02'),
('497','4553 Wintheiser Lodge Apt. 489\nPort Verdie, WY 752','California','97','24950-7860','(466)709-4492x066','1985-04-27 19:52:52'),
('498','4165 Seamus Way\nLake Estevanchester, OH 36604','Virginia','98','08603','239-632-6032x07674','2009-11-14 22:18:54'),
('499','308 Corkery Pines\nMertzchester, DE 55653','Wyoming','99','89738-7006','1-753-676-0315x88102','1975-05-23 22:37:44'),
('500','2536 Lockman Views\nNew Vernicefurt, SC 79725-8284','NewJersey','100','22136','1-318-438-9321x3481','1989-06-14 19:10:35'),
('501','61782 Wilhelmine Manor Suite 034\nNew Nico, NY 8573','Wisconsin','1','81435','1-934-997-8009x4141','1972-12-22 23:17:45'),
('502','7541 Legros Brooks Suite 428\nHettingerstad, FL 691','Idaho','2','09632-5205','(529)874-3457x36812','1980-08-27 13:03:03'),
('503','04922 Delpha Lakes\nPourosshire, GA 43786-9903','Tennessee','3','20488','867-297-8282x2859','2004-01-31 05:24:38'),
('504','37526 Gilbert Plain\nEast Tiffanyview, NC 66021-850','District of Columbia','4','14658','890-229-8802x5510','1972-01-31 23:17:59'),
('505','24771 Tillman Station Apt. 097\nNew Cordiaville, DC','NorthDakota','5','83049','(344)887-0433x7262','1985-04-21 11:57:05'),
('506','9258 Royal Rapids\nJoshbury, NC 79077','NewJersey','6','35042','511.778.8149x62299','1977-12-22 18:43:29'),
('507','674 Wunsch Centers\nLake Ted, GA 31012-5670','Michigan','7','05177-6921','1-791-378-0803','2014-05-06 23:04:29'),
('508','768 Lenore Unions\nKulasburgh, MO 91695-3375','Pennsylvania','8','29278-8848','027.443.8117x8059','1982-03-14 06:57:07'),
('509','1076 Heaney Turnpike Suite 354\nLake Travon, TN 019','Georgia','9','27719','941.645.2380','1974-03-15 08:45:00'),
('510','6475 Mayra Court Suite 745\nPort Odellshire, TX 125','Vermont','10','55191-9984','155-810-6050x934','2016-09-13 15:42:49'),
('511','19981 Blick Hill\nWest Adahborough, SD 31567-4917','Mississippi','11','13124-2071','689-682-8368x6400','1974-04-15 02:10:28'),
('512','0026 Haylie Meadow\nCandiceberg, OH 31365-8441','Delaware','12','08240-9338','509.114.2483x77440','2008-12-30 02:46:41'),
('513','11148 Beth Estate\nSouth Laylaborough, KY 13440','Nevada','13','35695','1-275-923-1504x8396','1979-12-03 12:44:59'),
('514','941 Marks Hollow\nBerneiceside, AL 84961-7917','Georgia','14','23681','+62(9)1646723351','1985-11-30 04:21:53'),
('515','394 Jakubowski Fort Suite 910\nPort Ayana, TX 30206','NewMexico','15','14345','806-965-2009x2296','1970-12-24 10:19:51'),
('516','47232 Don Burgs Suite 526\nLake Sharonside, FL 5354','Montana','16','99635','943.951.9830','2016-04-10 22:04:38'),
('517','904 Glover Stream\nZackside, FL 62031','NewYork','17','55724-3710','+30(4)1721585677','1980-05-27 20:48:50'),
('518','5152 Bartell Pass Suite 886\nCarliehaven, MT 99604','Wisconsin','18','97079','1-553-989-3104x1316','1984-07-25 04:35:11'),
('519','488 Woodrow Spur\nLake Tyrell, PA 36208','Arkansas','19','30464-3251','1-196-917-3554x82590','2016-07-23 00:46:59'),
('520','695 Ankunding Rue Apt. 177\nNorth Madie, CO 54523-4','Delaware','20','06681','234-886-1741x739','1986-06-21 10:14:29'),
('521','58789 Hahn Prairie Suite 901\nKerlukehaven, PA 2595','Arkansas','21','23836-2160','(753)787-7773x5869','2008-12-09 21:24:42'),
('522','3579 Hulda Point Suite 789\nPaucekshire, CT 55786-3','Minnesota','22','36633','021.603.2602','1999-08-18 16:28:09'),
('523','68007 Herzog Union Apt. 580\nLake Leafort, NE 80480','Indiana','23','07619-5119','(747)411-6648','2017-10-26 07:28:30'),
('524','74091 Jodie Ramp\nRusselmouth, MN 64410','Alaska','24','76180-1640','(497)350-3336','1989-11-22 22:23:12'),
('525','8213 Myron Glens\nGradyport, NV 29089-0891','WestVirginia','25','25119-5187','+65(1)7177194769','1988-01-27 16:03:58'),
('526','054 Herman River Apt. 606\nMacejkovicmouth, MN 4184','Pennsylvania','26','20123-6280','165.562.9926','1971-11-24 14:57:30'),
('527','633 Golda Well Suite 681\nKrystinaside, MN 93345-95','Alabama','27','07519','1-423-612-0671x8406','1970-05-23 01:22:15'),
('528','3877 Neil Shores\nNorth Bernardchester, CO 35790-50','Alaska','28','69543','759.466.2925x3698','2000-10-16 02:38:24'),
('529','90032 Dock Corners Apt. 418\nNew Laronton, IA 99400','Minnesota','29','01656','1-325-560-4202x16072','2012-02-03 05:17:50'),
('530','20459 Sipes Expressway Suite 829\nSouth Stanleyside','Utah','30','40397','254-636-0110x678','1988-11-22 01:42:48'),
('531','5671 Reynolds Ville Suite 389\nJaskolskitown, WV 16','NewHampshire','31','68290','1-371-555-1459','1993-12-20 14:20:31'),
('532','3165 Stephan Causeway Apt. 227\nEstafort, NY 68749-','Kansas','32','69967','1-650-657-9144x6580','1992-05-18 18:17:20'),
('533','531 Mosciski Shoal Suite 200\nNorth Beth, SC 26112-','California','33','03719-0235','00121505879','1997-06-06 08:07:04'),
('534','2902 Lebsack Trail\nMelvinahaven, LA 06306','Ohio','34','20509-4818','03893425699','2012-02-01 13:21:40'),
('535','2573 Randall Isle Suite 685\nSouth Geovannibury, NE','Arizona','35','22184','847.580.7492x140','2008-07-25 04:08:01'),
('536','65593 Cremin Street\nLake Waino, KY 21519-8400','Vermont','36','16553','1-188-142-6938x5171','2002-12-09 12:46:00'),
('537','3378 Baumbach Fort\nBeierton, NY 22835-1472','Florida','37','74248','1-496-581-0049','2002-05-07 16:03:06'),
('538','0243 Wiza Junction\nHilpertton, GA 87109','NewYork','38','38527-6223','+55(0)6870538168','2014-09-10 14:06:41'),
('539','90721 Smitham Bypass\nSouth Faustinoside, CT 84562','Kentucky','39','77317','358-144-3298','2013-01-27 04:12:43'),
('540','26349 Sheldon Tunnel\nKerlukebury, ME 35083','Mississippi','40','87451','312.206.1099x207','2014-03-26 23:23:30'),
('541','54871 Trevor Stream Suite 455\nPort Cortez, NV 8302','Ohio','41','51549','215-446-8455','1997-01-15 07:11:33'),
('542','3401 Verna Village Suite 823\nSouth Leannefort, MT ','Montana','42','61001-0758','1-121-901-9728x477','2004-09-14 21:28:26'),
('543','5927 Kendall Meadows Suite 797\nPort Stacy, IN 9144','Mississippi','43','44472','(193)999-8890x461','2011-05-20 05:05:34'),
('544','3096 Rau Mount Suite 447\nPort Ethatown, IN 86246-3','NewYork','44','28261-2450','969.350.5980','1990-09-24 21:55:35'),
('545','85421 Kiarra Estate Apt. 798\nWest Orinview, AR 142','Virginia','45','20863-0529','735-600-2960','1977-12-21 14:41:42'),
('546','76691 Erna Overpass Suite 504\nSawaynside, AL 86529','Utah','46','81736-8512','+46(0)4567777312','2016-09-29 03:09:55'),
('547','57309 Akeem Falls\nKertzmannview, DE 70904-7413','NorthDakota','47','57179','00515958692','2013-08-30 11:17:35'),
('548','009 Carey Manors\nWest Alessiaville, NC 83226-2435','Idaho','48','98148','05399657551','1978-02-11 10:50:55'),
('549','74856 Gaylord Road Suite 005\nSouth Abeview, IA 292','Utah','49','48619-5886','05083868631','1979-12-04 21:55:44'),
('550','4697 Weissnat Rapids\nNew Alveraside, WV 20020-3907','NorthCarolina','50','72996-5566','1-103-149-5542x7193','1996-07-12 12:04:01'),
('551','00184 Cristina Fall\nLeliamouth, KY 09636','Hawaii','51','51470-9369','825.545.4496','1984-03-07 16:41:38'),
('552','4605 Vincent Cliff Apt. 013\nNew Arne, IL 54979','NewYork','52','32885','442.974.6814','1984-09-15 09:32:54'),
('553','698 Sonia Mount\nLlewellynfort, MN 11211','Alabama','53','79675-1873','084.382.8157','2017-11-23 11:48:45'),
('554','720 Cronin Route Suite 859\nNienowmouth, MO 16001-1','NorthCarolina','54','61387','777-156-1795x1840','1993-01-17 12:30:08'),
('555','9576 Frami Turnpike\nSouth Jaren, CO 03941','RhodeIsland','55','38644','(699)361-3805','1975-04-24 04:14:28'),
('556','9409 Medhurst Hill\nRatkeberg, CO 73457','Massachusetts','56','50707-4443','724-266-9805x086','1976-12-25 03:06:50'),
('557','1142 Abbott Mission\nWest Bella, NV 28040','Michigan','57','99631','203.258.4025','1989-12-11 16:14:47'),
('558','7754 Moses Stream\nPort Rey, ME 18017','Wyoming','58','49018-9060','703-206-6012','1981-06-12 07:54:22'),
('559','79984 Grady Court Suite 244\nWest Theresaburgh, ND ','Alabama','59','78902','+05(4)7420553222','1978-01-21 19:33:01'),
('560','44780 Connie Vista\nParisianland, PA 17331-5781','Illinois','60','14483-9578','681.006.3813x434','2018-11-13 17:37:54'),
('561','6116 Stokes Crossroad\nChristellechester, NY 10605','Maryland','61','02968-2357','06895215772','1987-05-13 05:23:34'),
('562','205 Kailyn Light\nRydertown, HI 69070-7883','Mississippi','62','51028','(469)301-1150x77742','1970-10-10 10:27:04'),
('563','30789 Makenna Burgs\nPort Carlie, NY 76446-9723','Florida','63','37326','(676)675-9998x87204','2013-02-25 08:02:30'),
('564','10554 Wilderman Lakes Suite 255\nPort Madilyn, TX 5','Texas','64','56254','05634202478','2006-09-23 11:00:40'),
('565','92198 Reynolds Way Apt. 728\nNew Juwanbury, NV 0598','Tennessee','65','78611-9428','786-560-3109x5310','2001-04-15 20:14:03'),
('566','22233 Erdman Extension Apt. 264\nRobelport, VT 0012','NewJersey','66','19692-7229','1-400-706-5839x400','1997-01-24 01:12:32'),
('567','5127 Maymie River Apt. 837\nWest Cooperfort, LA 181','NorthDakota','67','67008','+60(7)1291281601','1973-05-04 09:58:59'),
('568','523 Louie Alley Apt. 426\nDeondrefurt, AZ 24705-242','Kentucky','68','99301','08883311977','1994-12-05 13:52:26'),
('569','71076 Madisyn Mountains Suite 578\nAleentown, NY 23','Pennsylvania','69','29880','1-191-745-9315','1988-01-14 20:47:51'),
('570','5136 Gianni Street\nEast Samanthaside, SD 37408-529','Wyoming','70','52144-8122','805-123-7242x8559','1992-07-10 02:11:45'),
('571','0116 Paige Island\nWest Garettside, ME 81660-1045','Mississippi','71','43061','(202)816-6355','1978-08-01 00:48:17'),
('572','654 Donavon Bypass\nRathton, IA 88996-9315','Oklahoma','72','48711','(537)451-5013x474','1986-03-19 06:27:05'),
('573','72113 Abbey Expressway\nLake Liliane, IL 99262','NewMexico','73','62897','272-283-4484x63014','2015-12-08 20:33:06'),
('574','369 Deckow Mills Suite 794\nNorth Myron, GA 14557','Wisconsin','74','48207-6506','08721921719','2016-08-05 08:00:49'),
('575','57523 Rickey Court Apt. 739\nAlyciatown, OK 33999','Nevada','75','34196-4176','015.796.4789','1998-06-17 17:56:06'),
('576','8980 Mann Forge Apt. 532\nLake Vaughnport, WI 79471','Delaware','76','96876','(912)095-8866x3862','2017-03-29 01:48:55'),
('577','1110 Krajcik Causeway Suite 839\nLake Marcella, MS ','NewHampshire','77','34213-1756','688-251-6553x785','1979-09-26 04:22:39'),
('578','56590 Mohamed Streets\nRomagueraland, NM 59835-0751','Indiana','78','17493-4164','(971)372-9838x173','1989-03-16 09:37:18'),
('579','188 Gleichner Shore Suite 493\nLeoport, AK 77166','Texas','79','32793-6029','(774)484-6464x42619','1993-07-30 10:31:40'),
('580','2935 Wolff Knoll\nKerlukestad, LA 33989','Kansas','80','90022','(577)116-9321x750','1996-01-13 03:07:42'),
('581','6211 Nash Avenue\nPort Sherwood, MO 73234','Delaware','81','02932','734.711.1808x91005','2002-08-03 17:03:35'),
('582','390 Renner Cove\nWest Liana, WA 43410-0506','Vermont','82','12749','(530)577-7473','1988-03-05 06:30:43'),
('583','47532 Alexa Forges Apt. 339\nOrtizshire, LA 53423','Utah','83','65869','218.961.8272x0297','1993-07-15 15:48:23'),
('584','3211 Hollie Dam\nPort Alfonsoshire, AZ 14851-1681','Virginia','84','92622','1-653-839-6774x12251','1984-03-06 12:24:25'),
('585','325 Stracke Rue Suite 551\nMisaelborough, TN 75935','Mississippi','85','35987','250-987-9710x82885','1991-05-16 05:13:23'),
('586','681 Samantha Junction\nLake Gretaton, RI 87153','Oregon','86','32149-9273','475-621-6802','1997-01-01 23:51:07'),
('587','7967 Kamren Creek\nNorth Uriahburgh, IA 88152','Florida','87','53639','02196664416','1992-12-07 16:01:50'),
('588','435 Connelly Coves\nNorth Corrine, SD 37974-8187','Alabama','88','88110','1-370-886-8084x8559','1982-10-27 10:37:06'),
('589','32861 Hane Junctions\nTreutelbury, CA 34009-6568','Massachusetts','89','72577','(805)083-9573x59846','2003-02-27 22:55:03'),
('590','94207 Schulist Summit\nBashirianview, DE 94365-7790','Arkansas','90','35263-3603','855.008.3992x7877','2001-12-14 18:18:57'),
('591','18418 Cooper Rapid\nTrentonstad, NH 28770','Delaware','91','58897-7415','862-393-8102','1985-08-30 21:48:38'),
('592','7572 Hauck Fork\nLake Leslyside, NJ 81801-3490','Indiana','92','06813-5159','577.182.3078x8008','1976-12-25 07:44:29'),
('593','393 O\'Connell Radial Suite 029\nPourosberg, SC 5842','Alabama','93','49026-4106','470-734-0218','1970-11-10 18:32:21'),
('594','7287 Sauer Flat\nPort Maurineshire, NJ 95999-4197','Georgia','94','50281','643.001.8158x055','2009-01-11 16:42:58'),
('595','67418 Hermann Inlet\nSchadenburgh, LA 93293','Virginia','95','71606-0496','(568)995-1926','2015-03-28 02:35:22'),
('596','456 Ayden Ports\nWest Fausto, TN 26335-2535','NorthDakota','96','91335-3604','346.260.4039','2003-12-02 23:40:03'),
('597','4143 June Burg Suite 781\nRempelchester, UT 51610','Georgia','97','16491','(148)784-3538','2010-05-31 17:46:39'),
('598','0410 Julien Square Suite 005\nLake Madeline, AK 302','Alaska','98','31963-3492','1-190-472-5489x418','2015-05-19 00:24:17'),
('599','161 Schultz Fields Suite 544\nEast Cornelius, ID 69','Mississippi','99','64811-2736','05559354354','2011-11-17 04:39:32'),
('600','5834 Pearl Court\nPort Larontown, AZ 83450','Michigan','100','78864-5794','696.745.4177','2011-05-30 11:54:28'),
('601','0848 Jaskolski Hill Suite 344\nEast Paytonfurt, WI ','Kansas','1','95074','147.277.7228x200','1994-11-17 06:31:48'),
('602','772 Emma Stream\nWest Liamtown, WY 81808-6505','Iowa','2','59287','325-467-9997','1978-09-28 07:36:55'),
('603','678 Jerde Causeway Apt. 524\nNorth Shanelhaven, MS ','Connecticut','3','19655-0798','160.011.7087x5170','1992-09-29 02:43:43'),
('604','139 Alvera Land\nNorth Wilbertborough, NM 20723','District of Columbia','4','67448-8243','824.862.2310','1981-08-09 03:35:49'),
('605','807 Bailey Land\nNew Nicholas, CT 85756-3618','Illinois','5','70183','(440)431-5164x7710','2011-07-15 18:08:53'),
('606','9473 Luigi Neck Apt. 495\nKatlyntown, ME 77911-7302','California','6','36965-3136','(668)767-4464x473','1981-05-21 05:21:40'),
('607','006 Pagac Summit Suite 816\nEast Jeanie, IN 75740-9','Alaska','7','73749','1-037-429-3846','2009-03-29 14:17:40'),
('608','2302 Ward Divide\nCesarburgh, HI 81820','Wisconsin','8','31262','398.165.2311x117','1991-04-13 14:22:19'),
('609','3207 Antonio Hill\nLarsonton, PA 77334','Georgia','9','67061','(542)244-3319x062','1980-09-24 12:21:40'),
('610','04360 Marquardt Mountains Apt. 781\nNorth Aricfurt,','Washington','10','46243','1-584-996-1530','2009-04-03 23:48:34'),
('611','80309 Joelle Station\nMelyssamouth, KS 53196','NorthDakota','11','21894-5899','646.122.1967','2019-11-03 02:37:01'),
('612','88772 Sipes Square Apt. 888\nBreitenbergfurt, OH 54','Utah','12','58970','08478144619','1972-01-05 03:47:07'),
('613','69343 Nolan Lake Suite 149\nNorth Ashlynn, OH 26135','NewHampshire','13','85206-9485','1-171-013-8157','1976-02-06 08:32:40'),
('614','3740 Jayden Greens Apt. 980\nWest Dillon, WV 40634','Florida','14','17390-2855','02369337945','1980-08-25 11:24:16'),
('615','64383 Lockman Forest\nNew Kaylee, AK 72093','Georgia','15','27460','1-358-455-1030x86162','1987-04-26 03:54:40'),
('616','082 Walker Valley\nFritschmouth, UT 93052','Indiana','16','60029','060.462.4230','2017-04-14 21:45:20'),
('617','17921 Zemlak Ridges\nPort Clovis, KY 15355-3669','SouthCarolina','17','56327','+45(8)0190063705','1979-02-02 07:01:37'),
('618','185 Bruen Field\nEarlenemouth, CO 47713-1580','Indiana','18','11826','006-902-3471x3798','2018-02-03 22:28:34'),
('619','50089 Eileen Isle Suite 198\nHuelfurt, LA 93654','Nevada','19','88691','+85(0)9475487810','2012-07-27 11:43:58'),
('620','15970 Maryam Extension Suite 190\nSouth Nakia, IA 2','Idaho','20','25063-4074','1-896-032-2666x9462','1972-01-06 04:15:10'),
('621','893 Alivia Haven Apt. 021\nSouth Mathias, IA 85439-','Pennsylvania','21','87663','388.205.5565','1983-12-11 20:00:07'),
('622','7965 Mckayla Isle Suite 049\nLake Margeland, MO 667','Montana','22','82396-3530','(341)662-1550x408','2016-01-10 03:54:57'),
('623','99576 Durgan Canyon Suite 654\nPort Stephanton, AK ','Maine','23','96864','(571)890-8288','1978-09-29 10:30:19'),
('624','82977 Kris Pike\nKreigerbury, WY 09482-6956','NewYork','24','70431-6486','(900)676-4798','1974-09-14 12:36:48'),
('625','279 Bobby Crossing\nHahntown, HI 08661-4848','NewMexico','25','93291','999.788.0761x2392','1983-03-09 23:23:03'),
('626','414 Enrique Curve Apt. 420\nWest Jeffereyside, ID 0','Montana','26','96482','(558)451-5483x002','1989-07-02 04:05:10'),
('627','18595 Monserrate Mount\nPort Claramouth, VA 44495-3','NewHampshire','27','86266','356.859.6538','1986-06-16 05:56:32'),
('628','13177 Wanda Ridges\nSouth Otto, ID 45906-9231','SouthDakota','28','46384','093-186-4104x979','1990-05-12 08:40:21'),
('629','03724 Bartell Islands\nNikolausside, WA 13428','Wyoming','29','52116','(396)782-9998x1376','2000-05-12 07:48:38'),
('630','6645 Eldon Villages Apt. 905\nDejuanmouth, UT 31815','NewYork','30','38550','(254)634-2095x4135','1993-01-20 16:04:18'),
('631','66732 Bednar Ports Suite 000\nBauchborough, IN 2386','NewHampshire','31','65654','405.293.5727x1733','1978-11-26 22:32:28'),
('632','60726 Janelle Crossroad\nJessechester, OH 90610','Delaware','32','79023-2132','597-682-9866','2014-06-29 15:08:16'),
('633','16253 Bechtelar Stream Suite 217\nEast Roscoe, AZ 7','Iowa','33','00071-5668','(651)195-7159','1993-10-17 22:21:48'),
('634','9538 Wolf Street\nNorth Austynchester, GA 71942','Wyoming','34','35111-4974','(948)524-1946x297','1999-02-07 05:23:04'),
('635','46495 Koepp Center\nWest Rex, NY 85417','Kansas','35','92093','+57(6)9436436609','1986-04-24 11:21:33'),
('636','902 Kuvalis Flats\nMallieview, CA 55792-1436','Tennessee','36','30815-9857','472.608.4478x9111','2004-06-27 13:56:41'),
('637','519 Malachi Locks\nNew Fernando, WV 41734-5405','Colorado','37','86112','(286)892-7934','2017-07-07 23:36:08'),
('638','72192 Mayert Parkways\nPort Enoch, IA 62844-7464','Virginia','38','59709-9210','03774881376','2011-06-18 06:41:18'),
('639','5310 Hackett Stream Apt. 555\nEast Rosie, GA 10688','Delaware','39','44709-0041','461-203-7492x6688','2012-02-09 09:04:19'),
('640','16739 Altenwerth Hollow\nNew Ricktown, KY 39818-804','Wyoming','40','07241-2386','07520994185','1980-05-24 22:10:27'),
('641','1824 Trenton Ramp Suite 280\nNeomaport, IA 22894-96','SouthDakota','41','15468-6902','1-308-919-0425x527','2001-09-06 13:08:30'),
('642','29671 Genoveva Mills\nCummingsview, FL 35450','Michigan','42','50617-1829','354-022-8658x568','1984-08-07 02:15:41'),
('643','7199 Leuschke Island\nSouth Malindamouth, OK 28881','Montana','43','22359','568.401.9680','1990-07-14 12:50:22'),
('644','27195 Camilla Pike\nPort Myaton, SD 17296','Arkansas','44','65584','(537)014-8049x08915','1995-07-07 19:00:31'),
('645','3170 Jamie Greens Apt. 201\nLake Romanborough, AK 4','Montana','45','57597','+36(2)1261750094','2014-07-13 18:26:40'),
('646','55990 Goodwin Mountain Suite 526\nWolffort, LA 2977','Texas','46','48985','(024)915-9957','2008-06-13 09:35:59'),
('647','85276 Genevieve Expressway Apt. 144\nSchinnercheste','Virginia','47','34168','1-933-187-9969x6645','2017-07-15 17:28:29'),
('648','1452 Emilia Lake\nSouth Ericstad, IL 62961-7666','Ohio','48','45849-0527','036-102-5833x7187','2012-02-24 14:19:25'),
('649','51498 Jaren Square Suite 341\nDorianhaven, NY 17509','Washington','49','88625-3358','171.095.8753','1971-05-15 08:19:33'),
('650','89998 Bartell Square Apt. 635\nCroninview, CA 13685','Missouri','50','08271-2497','(011)526-7035x6675','1986-07-14 11:01:04'),
('651','9514 Yundt Island\nColeborough, DC 44866-9998','Alaska','51','32897-6378','947-919-8527x19918','1982-09-19 13:06:01'),
('652','458 Justina Club\nNorth Danialburgh, CT 30857','Nevada','52','62004-2535','(745)400-2328x3954','2008-01-08 17:49:32'),
('653','6622 Glover Crossing\nNew Anabelle, DE 98912-3582','Maine','53','51795','1-322-180-6731','1996-01-01 23:21:44'),
('654','5763 Aimee Village\nWest Michael, MD 15862','Maine','54','89374','887.961.9228x8468','1998-01-10 09:52:34'),
('655','98580 Gerhold Trace Suite 049\nNew Jacinthe, WY 996','Kentucky','55','12753-7273','265-643-6660x267','2009-11-11 03:31:28'),
('656','858 Tabitha Canyon Suite 198\nPfannerstillfurt, VT ','Connecticut','56','06877-4540','(330)654-8674x8267','1992-05-30 21:59:20'),
('657','985 Gulgowski Trafficway Suite 689\nNorth Adrianlan','Kentucky','57','82657-2812','794.959.7058x92661','1980-08-15 05:55:53'),
('658','892 Thiel Expressway Apt. 317\nTitomouth, MO 96278','RhodeIsland','58','98511','(164)500-6769x853','2019-03-18 14:26:40'),
('659','79820 Lorena Loaf Apt. 075\nHiltonstad, IL 49013','Florida','59','43783-6175','035.349.9611x2993','1989-11-01 16:56:28'),
('660','825 Allison Manor Suite 080\nLefflerland, IA 08490','Illinois','60','43144','1-625-637-7041','2006-03-01 05:26:54'),
('661','732 Doyle Crest\nSouth Rico, UT 53109-0178','Arizona','61','32877','137.328.1986','1999-01-17 12:38:00'),
('662','594 Ernser Crest Apt. 435\nMedhurstton, MS 37108-90','California','62','75801','262.872.2246x0347','1997-04-18 19:07:10'),
('663','62835 Rempel Flat\nKochton, ME 86806','SouthCarolina','63','74773','153-494-4352','2009-03-13 18:29:55'),
('664','30431 Sawayn Port\nEdenport, WY 08944','Nevada','64','90361-6829','857.696.6624','1974-11-19 23:54:09'),
('665','459 Wanda Haven\nLake Heathton, VA 38350-0936','Georgia','65','64784-1726','176.153.9845','2006-02-12 06:20:09'),
('666','98123 Bernard Trail Suite 616\nWest Enamouth, VA 46','Washington','66','35489','377-155-7560','2016-02-20 12:46:37'),
('667','635 Lila Viaduct\nNew Jazlynfurt, OH 35108','Colorado','67','30900-3191','+62(2)4309764992','1977-11-11 01:49:18'),
('668','79914 Greenfelder Alley Apt. 104\nEast Rettabury, C','NorthCarolina','68','93493-9680','(493)737-9512x060','1983-09-20 22:16:35'),
('669','84185 Wilburn Overpass Apt. 783\nLake Gloria, PA 53','Nebraska','69','68743','174.581.8661x22631','1982-11-08 10:23:03'),
('670','237 Raynor Inlet Apt. 852\nZiemannshire, DC 04062-4','Oregon','70','53583-1072','(338)296-0295','1988-09-17 12:10:51'),
('671','510 Dibbert Park\nNorth Nicholaus, NV 01224','Vermont','71','19861-9408','06867169048','1991-11-05 21:35:05'),
('672','67530 Macejkovic Stravenue\nPort Jayson, CT 38530','Pennsylvania','72','24339-2496','1-751-023-9751x93403','1981-02-06 12:47:55'),
('673','88411 Francesco Lane\nPadbergstad, DC 37278-6332','Hawaii','73','85829-1297','313.061.4443','1996-10-28 02:07:29'),
('674','01056 Hammes Forks Apt. 016\nSouth Zachariahview, N','Michigan','74','02264','1-697-371-0660x455','1992-12-11 08:19:53'),
('675','2217 Hintz Plains\nWest Daviontown, NH 93974','Oklahoma','75','93458-6374','112.817.2416x96747','2004-06-27 08:04:57'),
('676','4520 Jerde Estate\nNorth Brandyntown, NM 18791','Idaho','76','97168-6710','265.838.9987x73326','1995-12-31 02:36:08'),
('677','790 Schroeder Extensions\nSouth Anissa, MS 56324','Michigan','77','08410','568-220-9196','1977-07-06 09:25:40'),
('678','9376 Larissa Ports\nNew Dillonland, NV 36405-0087','Pennsylvania','78','69407-0613','00053993712','1986-08-17 02:14:45'),
('679','86854 Conn Turnpike Apt. 654\nLake Catherine, IN 79','NewYork','79','75940','407.336.9060x25456','2007-08-28 17:37:42'),
('680','6145 Giuseppe Roads\nPort Antoninaburgh, NE 40516-5','Hawaii','80','14772-0764','(385)634-1743x781','2008-03-20 00:09:46'),
('681','7306 Olson Cliffs Suite 548\nTowneland, OR 70140-87','Oklahoma','81','31393','586.004.6702','2002-03-10 01:54:26'),
('682','1296 Aurelie Islands\nRoobshire, MN 24990','Indiana','82','48794-2982','952.201.3525x7799','2019-12-03 23:15:31'),
('683','24752 Abernathy Field\nLottieside, AR 09638','Ohio','83','29520','1-714-210-9270x09906','2005-06-11 23:40:09'),
('684','8100 Kuhn Spring\nBrownport, IA 26493','Washington','84','73428-4765','883-183-3070x17269','1977-08-17 02:53:43'),
('685','195 Hane Divide\nNorth Todport, NE 61602-0787','Kentucky','85','24637','653.772.0733','2011-01-02 14:56:38'),
('686','07235 Tressie Mall\nLangoshfort, TN 82034','Arizona','86','33231','949-977-9727x85308','2002-03-10 09:23:08'),
('687','0894 Autumn Mills\nNew Helen, NJ 96048-6176','Ohio','87','36249-7953','(242)499-8982x0661','1985-05-07 21:28:44'),
('688','5816 Laverne Points Suite 181\nFerryfurt, OH 82319','Illinois','88','28467-6008','1-096-282-9752','1976-03-25 20:49:54'),
('689','88398 Trantow Mission\nLake Joyce, AL 86712-2849','Nevada','89','54352-6607','974-979-9972','2011-04-26 13:25:35'),
('690','687 Walter Drive Suite 299\nNew Steveberg, SD 02709','Kentucky','90','55348-8438','162-539-6003x75149','1981-08-24 08:42:55'),
('691','57435 Mitchel Springs Apt. 730\nNew Alfredfort, AL ','Hawaii','91','52079-6494','07382511777','1974-09-07 21:08:35'),
('692','8681 Hills Villages Suite 917\nLowestad, LA 12849-7','Mississippi','92','64908-3200','992.936.7151x3775','1979-12-17 03:53:50'),
('693','050 Gutmann Plaza Suite 409\nPort Marquesberg, TX 2','Michigan','93','46649','+71(9)1503964021','1991-06-27 19:37:00'),
('694','225 Nicolas Squares\nNorth Trevastad, CA 29226-0879','Arkansas','94','67764','05981065818','1971-06-19 09:07:09'),
('695','7707 Heathcote Station Apt. 727\nChristopheton, AK ','Iowa','95','69030','(999)515-4690','2018-12-26 01:01:15'),
('696','60490 Nia Keys\nNorth Omafurt, MS 31607','WestVirginia','96','98861-0799','00793683474','2016-07-11 20:37:25'),
('697','38616 Michale Loop\nOrphashire, TN 66721-7385','District of Columbia','97','73699','298.673.5984x1493','2002-02-04 18:42:15'),
('698','64802 Kameron Walk\nKendrickmouth, MO 32211','Connecticut','98','09669','788-561-1161x931','2002-08-02 19:35:29'),
('699','7731 Mavis Fords\nPricebury, MA 51039','Louisiana','99','92614','1-329-212-1290','1998-10-23 10:05:48'),
('700','841 Laisha Alley\nBeerstad, PA 11907-6527','Louisiana','100','83284','08459667009','1970-05-25 09:38:02'),
('701','2074 Jeremy Courts Apt. 379\nNorth Nicolasberg, AZ ','Oregon','1','59730-0814','553.128.1752','1993-03-27 05:33:35'),
('702','876 Vivianne Common\nLake Garrettown, PA 40948','Indiana','2','21639-0494','(068)975-7092x63688','2010-05-23 23:46:12'),
('703','28464 Mazie Course\nErnserstad, ME 72910','Virginia','3','98730-7742','289-988-5087x73606','1982-01-27 17:27:15'),
('704','1126 Kiarra Street\nPort Nicole, SD 41574-5262','Wyoming','4','82788-8388','530.595.8419x22846','1976-05-30 13:27:59'),
('705','5947 Francesco Road Suite 837\nBrennonport, MO 3647','WestVirginia','5','40287-5150','1-146-192-6559','2006-08-11 01:00:52'),
('706','3318 Manuela Forges\nPort Hilma, OK 90073','California','6','35916-0937','03963515687','1999-01-01 01:54:08'),
('707','42917 Manuela Radial Apt. 003\nLeonardfurt, CO 5787','NewHampshire','7','15880','(624)174-9957x8809','2006-07-21 07:48:58'),
('708','907 Padberg Turnpike\nGenesisbury, MT 73835','SouthCarolina','8','09321','466.777.0674x49759','1993-07-26 04:11:22'),
('709','7628 Charlie Corners Suite 504\nCasperfurt, KS 5479','Virginia','9','98977','(044)906-2601x41872','1990-04-19 15:54:47'),
('710','03382 Urban Loop Apt. 688\nLake Devan, LA 84943-465','Ohio','10','30829','747-472-6135x81180','2005-02-20 08:01:01'),
('711','1547 Dallin Light Apt. 676\nChelsealand, CO 77301','Nebraska','11','20907','017.274.3826','2002-10-02 22:33:10'),
('712','24680 Goyette Islands\nSouth Guadalupe, GA 19923-33','Pennsylvania','12','29590','1-988-295-7760','2015-04-03 10:59:15'),
('713','8925 Bailey Knoll Apt. 720\nNew Tiffanytown, NE 628','Maine','13','80019-8394','672-074-8405x893','1994-03-19 14:15:01'),
('714','531 Jonatan Summit Apt. 499\nFisherland, DE 74335','Kansas','14','33217','928-479-5876x64658','1982-04-28 11:04:37'),
('715','683 Maryse Forge Suite 074\nLake Emmamouth, IN 0902','NewJersey','15','97980-5335','(839)811-1490x2539','1985-07-18 18:13:32'),
('716','23389 Dillon Branch\nEast Mohammed, MD 66307-1077','Arkansas','16','51170-1443','(407)999-0235x37616','1993-11-29 17:14:22'),
('717','2829 Reilly Ways\nHoppemouth, MO 45701','Hawaii','17','13345','1-225-973-0877x2258','1983-11-23 20:29:06'),
('718','418 Gene Overpass Suite 855\nRolfsonmouth, OH 86022','NewYork','18','02853-7855','(343)543-3112','1999-06-12 08:59:24'),
('719','1213 Janet Manors Suite 594\nEast Una, TN 52012','Louisiana','19','84543-2398','(507)686-8219x0362','2018-06-15 00:16:53'),
('720','166 Avery Courts\nJessycamouth, PA 50391-4541','Alabama','20','83734-0487','1-429-549-8309x400','2004-01-19 18:03:11'),
('721','36679 Oberbrunner Route\nPort Freddieland, MS 16746','Virginia','21','21124','(815)063-1076x1442','1976-04-07 09:11:59'),
('722','9665 Tiffany Fords\nArvelville, RI 55303-5239','Oregon','22','00442','480-761-0560x42725','1976-06-21 07:31:28'),
('723','47447 O\'Hara Extension Apt. 046\nNew Linnie, NH 383','Wyoming','23','57625','463.942.1734x876','1972-12-01 07:04:50'),
('724','24905 Breanne Plaza\nStanfordchester, TX 38165','Illinois','24','73360-3597','789-915-6412x042','1981-12-22 06:38:02'),
('725','504 Nina Shores\nBoylemouth, SD 71444','Utah','25','37072','795-682-2008','1998-02-11 16:21:36'),
('726','88707 Strosin Crescent Suite 868\nPort Reubenview, ','RhodeIsland','26','72960','+30(7)3148047508','1983-04-14 12:38:00'),
('727','318 Marie Heights Apt. 327\nSouth Mckayla, OR 91804','Tennessee','27','14695-1375','1-652-080-5658','2003-09-27 21:05:33'),
('728','9075 Hermina Radial\nShanestad, MA 57778-8449','Michigan','28','80161','1-548-463-5127x373','1971-06-26 05:38:13'),
('729','9141 Greenholt Rapid Suite 444\nAltenwerthtown, RI ','Oklahoma','29','25992','+36(1)3780462711','2016-08-18 18:37:04'),
('730','602 Ivory Highway Suite 076\nBednarfort, AL 83382-6','Washington','30','34286','(567)742-9755','1974-06-30 18:50:19'),
('731','17728 Elisabeth Ville\nWest Linwood, TX 73240','Delaware','31','90789-5764','597-981-0791','2005-02-05 00:31:28'),
('732','988 Demond Villages Apt. 608\nSterlingfort, KS 9924','Illinois','32','37146','(202)080-9724x5793','1975-05-18 04:25:51'),
('733','5634 Goyette Grove Apt. 764\nEdythfort, IL 27598-92','Minnesota','33','06740-4216','496.191.7493x628','2008-06-16 17:05:49'),
('734','61650 Conroy Forge Apt. 355\nTiffanyview, GA 96751','Kentucky','34','72099-8742','(094)531-2594','1995-12-22 00:55:53'),
('735','6520 Lawson Mount Apt. 405\nMcGlynnburgh, WY 14337-','SouthCarolina','35','11650','(883)626-5148x002','2014-06-28 07:52:36'),
('736','51388 Green Green Apt. 944\nPort Coralie, AK 38211-','Oklahoma','36','34266','(469)411-8448','1972-01-16 02:19:20'),
('737','2924 Abernathy Stream\nSouth Alfonzo, IA 05175-4889','Alabama','37','24222-7250','(475)961-1168x0812','1996-01-12 22:50:13'),
('738','4373 Delmer Points Apt. 988\nWest Dariusborough, IN','Illinois','38','86268','706.311.7890','2011-12-09 19:13:02'),
('739','5753 Hal Expressway Suite 632\nWeissnatview, KY 642','Montana','39','94567','027-603-1590','2005-09-12 22:30:37'),
('740','76090 Guillermo Flat Apt. 646\nLandenchester, CT 60','NewJersey','40','22845-9502','901.161.0815x5045','2000-07-19 00:30:21'),
('741','62524 Jerde Throughway Apt. 133\nWest Sasha, HI 121','District of Columbia','41','96886','573-514-4433','2015-01-11 07:54:33'),
('742','129 D\'angelo Locks Suite 725\nMillerfurt, MT 99739-','Nevada','42','49611-8625','(957)499-0859x00322','1996-12-28 09:13:42'),
('743','3868 Dedric Station\nWest Kenny, NY 16489-8190','Texas','43','65267-2506','(527)308-8845','1970-10-18 23:06:01'),
('744','99077 Lubowitz Loop\nWest Saraimouth, KY 77408','SouthDakota','44','05855','276-000-9426x07955','2018-09-16 21:25:32'),
('745','0105 Bradtke Mission Suite 008\nEast Sincere, WY 36','Michigan','45','83040-0250','146.324.0963x358','2009-10-10 13:58:04'),
('746','2093 Walsh Brooks Suite 167\nBahringerland, NM 2363','NorthCarolina','46','74913','1-506-831-2977x05914','2006-03-28 20:14:06'),
('747','0913 Huels Trafficway Apt. 966\nPort Wendyhaven, MO','Kentucky','47','66003-9448','833-061-1342x2506','2012-11-01 09:00:47'),
('748','64880 Kub Crest\nNettieburgh, VA 83932','Idaho','48','10852','092-837-7592x7439','1989-06-18 20:57:47'),
('749','6257 Kohler Branch Suite 495\nRetaburgh, IN 03772','NorthCarolina','49','17029-8174','1-863-245-0701x0050','1970-03-23 01:56:37'),
('750','8079 Shayna Shoals Suite 489\nBauchbury, PA 50472','NewJersey','50','57237-6263','314-041-1107x26715','1986-11-30 07:57:13'),
('751','299 Erwin Burgs\nKaileeview, MT 23091','Missouri','51','56097','(948)751-7542x04128','2011-07-30 16:07:18'),
('752','9158 Greenholt Bridge\nNorth Johanna, NM 96216-1606','Alabama','52','47605','421.526.5749x7230','1984-02-27 21:36:00'),
('753','7643 Katlyn Squares\nYolandaport, MT 12485-9290','SouthDakota','53','34522-1169','+77(0)3895156845','1993-01-27 17:39:01'),
('754','520 Zieme Flats\nWest Maxinemouth, MA 20029-6058','Ohio','54','38944-9874','448.372.8463','1985-07-29 02:23:12'),
('755','7279 Cristal Garden\nEffertzfort, MA 60536-9966','NorthDakota','55','91684-9429','695.752.0200x4021','1997-07-27 05:54:55'),
('756','7773 Alfreda Rue\nGabrielleburgh, AK 00235-3522','Montana','56','17546-2681','(275)134-3675x09908','2001-05-23 15:37:12'),
('757','3854 Jody Ferry Suite 655\nRosaleefurt, WV 85998','Connecticut','57','68594','(426)081-0876x5496','2007-12-20 07:03:11'),
('758','892 Langworth Fork Apt. 110\nTrompmouth, SC 01356','Texas','58','80924-9128','948-172-6252','1984-10-25 19:17:01'),
('759','947 Sabryna Wells Suite 691\nEast Delphiamouth, RI ','Oregon','59','06358','(592)735-1972x53862','2008-05-24 07:23:13'),
('760','34050 Yundt Trace\nAnabelfort, OH 08246-2200','District of Columbia','60','94247-4809','673-329-8747x093','1981-11-29 13:54:42'),
('761','20665 Schinner Extension\nShakirashire, MO 14101-36','Washington','61','28738','+60(6)3409176584','1996-06-04 00:55:47'),
('762','7117 Yoshiko Rest Apt. 895\nTrompton, DC 52385','Washington','62','36398','262-859-9237x094','2020-01-02 17:39:54'),
('763','0369 Kulas Plain Suite 617\nWest Ebbaview, NJ 63334','NewMexico','63','18509-2888','+30(4)3276836485','2011-07-23 06:19:52'),
('764','9420 Myrtie Row\nSouth Taliabury, AR 18615-8989','Louisiana','64','96552-0475','(701)915-5569','1974-02-10 19:22:23'),
('765','6422 Sandra Walks Suite 451\nKuvalismouth, LA 09492','Iowa','65','92075-0076','03819698189','1977-04-02 04:13:20'),
('766','688 Eddie Rapid Apt. 406\nLake Tyrique, TX 48885-33','Nebraska','66','79900','04228278696','1981-12-04 21:37:28'),
('767','2068 Nettie Coves Suite 344\nWest Antonette, IN 771','Oklahoma','67','10601-2959','843-573-6110x310','1991-01-29 18:58:51'),
('768','6868 Marks Centers Apt. 468\nNew Elliottfurt, RI 04','Kentucky','68','09725','06125592087','2002-12-13 12:33:41'),
('769','59683 Huels Ridge Apt. 441\nNew Bonitahaven, CT 112','California','69','72864','1-608-044-6637','2017-11-28 18:17:31'),
('770','52711 Paucek Plains Apt. 064\nNorth Antonettefort, ','Kansas','70','04166','08274480639','1995-05-01 08:38:19'),
('771','56507 Jaskolski Glens\nSmithammouth, MS 08597-3572','Connecticut','71','77695-2243','891.358.6118x45157','1970-06-28 04:30:31'),
('772','60103 Rolfson Fork Suite 164\nSusannafort, PA 13919','NewYork','72','17709','(991)930-9093','2014-05-07 00:24:20'),
('773','6754 Otto Glens Suite 362\nGreenland, CA 96900-3951','Massachusetts','73','65648','543-510-9429','1990-10-09 06:27:22'),
('774','948 Brenna Throughway Suite 114\nSwaniawskifurt, GA','NorthCarolina','74','85367','060-134-1085','1984-08-03 21:25:44'),
('775','292 Blanda Street\nDemetriusstad, NM 83775','Massachusetts','75','28500-1825','1-648-340-3025x67406','2011-06-13 20:58:06'),
('776','122 Wunsch Rapids\nBartonside, TN 50517','NewMexico','76','74084','00595096398','1992-06-21 10:12:38'),
('777','1297 Cummerata Burg\nOliverborough, OK 99763-8585','RhodeIsland','77','61937','1-284-183-8090','1974-03-03 00:58:17'),
('778','74149 Cindy Trail\nWest Jakobshire, AR 78791','California','78','79279','614.472.6377x2364','2008-08-09 09:52:31'),
('779','1072 Scottie Locks Apt. 711\nPort Jaquelinefort, WI','Florida','79','96564','767.707.6894x76753','2003-09-20 06:50:19'),
('780','72526 Kshlerin Creek Suite 764\nWest Keshaunport, W','Idaho','80','54330','1-155-355-1496','2013-09-03 00:06:19'),
('781','9123 Luther Views\nElisaport, OR 18986-1241','Ohio','81','05602','04987529108','1971-05-06 17:10:08'),
('782','55508 Albina Knolls\nGulgowskiview, IA 46205-4356','NorthCarolina','82','04393-8839','1-430-489-7541','1999-08-29 23:16:08'),
('783','87716 Stiedemann Underpass\nSouth Priceland, ID 928','SouthDakota','83','38005','430.653.9615x177','2013-03-07 00:30:07'),
('784','85271 Wintheiser Street Apt. 097\nLake Alvis, NJ 54','NewMexico','84','82683','(203)402-4477x18795','1991-11-08 20:53:42'),
('785','598 Mallie Village\nParkerstad, MD 87190-5306','Virginia','85','55623','674-514-7801x329','1972-12-03 09:21:51'),
('786','0911 Herta Forge\nTinahaven, CO 43044-0262','Minnesota','86','16109','036-769-7046x8738','2005-12-14 01:56:11'),
('787','045 Donnie Island\nEast Karine, MT 25100','Idaho','87','55731','05686526713','1982-01-23 09:02:29'),
('788','31761 Jazmyne Keys\nLake Thomas, MN 47411','RhodeIsland','88','45771-1619','183-213-2785','1998-10-30 15:10:10'),
('789','411 Yost Ferry Apt. 501\nSouth Onieview, KY 16682','Arizona','89','24383-6218','1-874-482-1475x417','1994-11-27 17:49:21'),
('790','932 Araceli Orchard\nSarahfurt, SD 15458','Iowa','90','66686','017-008-7104','2009-09-03 23:33:01'),
('791','3708 Jalen Landing Suite 786\nEast Alexa, WV 30618-','NewJersey','91','97185','(088)031-9761x75998','1975-04-26 00:54:35'),
('792','2810 Schmitt Drive Apt. 524\nSchulistbury, CT 90213','Georgia','92','37234-3655','(881)767-5023x468','2003-09-15 21:16:19'),
('793','4476 Bartoletti Vista\nEast Jaydon, NJ 05940-8667','SouthCarolina','93','48563','208.602.3438x28415','1990-06-20 23:11:57'),
('794','7050 Candace Lodge Suite 795\nEast Bethelmouth, MA ','Indiana','94','37252','606-341-5431','1989-01-28 13:27:33'),
('795','5905 Kunde Port\nHoppefurt, RI 64038-1840','Oklahoma','95','01469-1113','049.091.1677x5904','1978-10-14 04:23:02'),
('796','474 Katherine Glen Suite 671\nLake Russell, NY 3511','NewMexico','96','32316','(375)996-6196x621','1999-06-29 13:48:51'),
('797','5968 Angela Trafficway\nHirthebury, CO 82424','Mississippi','97','09835','06832563946','2006-09-12 14:04:51'),
('798','882 Rogahn Corners Apt. 383\nSiennaville, MI 66802','Mississippi','98','20455-8622','481.986.0398x958','2019-09-02 02:58:23'),
('799','88208 Isidro Manors Apt. 105\nPowlowskistad, ME 985','Massachusetts','99','54346','(466)791-1001','1999-10-29 02:20:50'),
('800','2012 Petra View Suite 354\nPercivalfurt, SC 07379','Oregon','100','78724-4149','1-305-369-4789x9259','2013-02-28 21:46:51'),
('801','6690 Alfreda Trail\nLake Willatown, AK 53656','Connecticut','1','83592-5990','005-292-7965x715','1993-05-28 15:47:05'),
('802','4255 Rowe Keys\nJacklynland, ME 01908-4873','Delaware','2','47214','(815)334-7512x790','1992-07-24 03:18:11'),
('803','40503 Elisa Plaza\nLake Autumnside, AL 81206','Colorado','3','84025-1069','(785)296-7951x2073','2007-07-15 07:17:32'),
('804','23747 Carmen Knoll\nNew Roosevelt, MO 02616-8985','Missouri','4','99606','(374)450-2440','2007-12-08 13:28:51'),
('805','5544 Moriah Forge\nNorth Ambrose, NY 55811','Oklahoma','5','77118','1-026-479-0001x85979','1994-04-03 12:17:28'),
('806','8987 Hamill Knoll Apt. 158\nPollichhaven, WA 19182','RhodeIsland','6','66839','078-753-3574','1971-10-29 17:52:01'),
('807','701 Rex Center Apt. 928\nPort Esperanza, PA 38486','Pennsylvania','7','58062','1-439-004-1308','1976-12-16 04:05:04'),
('808','42782 Millie Run\nLake Demarco, WI 59909','Delaware','8','91104','911-812-4499','2010-09-16 15:03:15'),
('809','9824 Frederick Pass Apt. 289\nLake Demetrisland, OK','SouthDakota','9','64610-4792','(488)204-8444','1997-09-11 00:06:21'),
('810','05009 Abbott Club\nPort Meggieberg, DE 16150-9286','Oklahoma','10','86770-1893','00526436454','1986-05-05 15:06:42'),
('811','557 Erdman Center Apt. 402\nNew Henriland, NE 38752','SouthDakota','11','90644','09006651430','1983-07-13 08:19:04'),
('812','79692 Heathcote Squares Apt. 650\nPort Cecil, UT 52','Oregon','12','10346-3220','071-965-2577x305','2002-01-29 22:55:48'),
('813','151 Larson Lake Apt. 255\nJacintomouth, KY 71749-50','Idaho','13','20789-3748','629-463-1812x76012','1991-01-09 20:25:30'),
('814','246 Dudley Terrace\nFramimouth, WI 53381','Georgia','14','06562-3455','1-690-301-3699x36971','1981-10-10 15:38:10'),
('815','6786 Zemlak Summit Suite 762\nWest Vernicemouth, NC','Colorado','15','61907-9006','1-090-245-8415x1367','1999-07-22 10:33:46'),
('816','1487 Moore Dam Apt. 499\nRupertborough, PA 07975','WestVirginia','16','34168','+53(4)3667253400','1988-05-03 13:19:37'),
('817','3904 Amira Pines\nNew Ellatown, CO 17213-3285','Alabama','17','95541-1086','650-263-8835','1987-09-25 21:15:32'),
('818','836 Freida Prairie Apt. 612\nMosestown, NJ 31994-59','Iowa','18','18549-5980','867-688-9752x49495','2020-03-10 04:53:16'),
('819','367 Daugherty Radial\nElwynstad, DE 43954','Michigan','19','69935-6693','105-158-9160','2013-04-08 10:33:06'),
('820','3708 Janet Curve Apt. 953\nNew Antonia, ND 40922','Washington','20','90261-6049','525-507-5225','2010-01-25 00:26:53'),
('821','6308 Nelle Ford Apt. 700\nFaheyberg, OH 00659-2830','Wyoming','21','71488','(357)543-9612x599','1992-07-01 09:08:07'),
('822','40177 Hettinger Via Suite 590\nLake Blairside, OR 5','Louisiana','22','50314','246.974.5776','1976-08-24 20:18:19'),
('823','393 Nitzsche Course\nHuelfort, CT 32693-9127','Iowa','23','56613','853.948.6442x87270','1991-10-15 11:55:46'),
('824','2861 Will Course Apt. 354\nPort Amely, IN 44089','NorthDakota','24','56174-5878','(146)182-8866x495','1994-06-15 05:29:08'),
('825','182 Schneider Field\nSydnieburgh, UT 84203','Connecticut','25','90919','(128)546-1855x9187','1977-08-23 04:45:03'),
('826','21590 Wintheiser Prairie Apt. 955\nAbnertown, UT 33','Utah','26','68522-5584','701.893.2461x993','2020-05-12 15:18:57'),
('827','9168 Manuela Knoll\nNew Glennieburgh, MA 25021-9543','Georgia','27','61613-7212','755.707.6317x77072','1987-05-17 16:22:20'),
('828','7759 Aurore Trail Apt. 641\nPort Duane, NV 35281','Montana','28','73642','00913437028','2001-04-17 10:34:55'),
('829','5851 Haven Circle\nStreichhaven, MI 84541-6242','Washington','29','63348-9959','399-134-0603x99940','1990-09-10 19:00:04'),
('830','2989 Matilde Mall\nBodeland, IN 08698','NewHampshire','30','31482-7118','(772)156-9857x419','1973-02-04 10:07:42'),
('831','7429 Chanelle Mountains Suite 110\nEast Malliemouth','Ohio','31','77005-6024','352.392.6713','2013-01-06 14:57:35'),
('832','7762 Sadye Mall\nWisokyberg, ID 54697-6466','Michigan','32','39040-5859','+33(7)7445275697','2008-05-23 08:07:01'),
('833','96923 Lennie Fall Apt. 727\nKundeland, RI 44987','NewJersey','33','71358-4019','(318)850-3599','2009-07-14 08:10:24'),
('834','2648 Jaron Ports Apt. 048\nAbbeyport, IL 85576-3791','NewYork','34','96373','369.233.6624','2016-07-25 02:57:38'),
('835','41824 Crystal Flat\nNorth Laurychester, AK 69822','Vermont','35','87977-9127','1-586-622-4720x454','1993-12-01 16:28:09'),
('836','62052 Hauck Keys\nAlexysstad, WY 69640-0714','Nevada','36','76826-3130','020.114.5354','1971-04-24 09:38:00'),
('837','80082 Goodwin Spur\nLake Maxieshire, MD 46790-5541','Pennsylvania','37','06478-5559','(944)256-1667x517','2011-04-07 18:31:30'),
('838','1949 Roob Springs\nSouth Jocelynchester, RI 51153-9','NewHampshire','38','25565','1-895-185-4249','1973-02-04 01:11:43'),
('839','01747 Efren Summit Suite 409\nLake Clairshire, NV 4','Alabama','39','74558','605-841-9771','1992-12-16 23:51:15'),
('840','1881 Lebsack Points\nKubstad, KS 94813','Missouri','40','18278-1420','(179)967-3026','1974-01-28 12:36:48'),
('841','922 Skiles Lane\nMilomouth, FL 66484','Washington','41','14304','817-180-5955x9648','1980-03-16 03:59:03'),
('842','6686 Eichmann Neck\nHettieburgh, HI 60405-1233','NewYork','42','51467-4549','1-688-909-3449x084','1974-04-04 14:56:09'),
('843','349 Billy Dam Suite 759\nPort Vivienne, DC 42066-31','NorthCarolina','43','45483','+07(6)3096184089','2011-09-28 23:29:22'),
('844','5875 Henry Stravenue\nWest Aaliyahland, WV 30577','Washington','44','09034','(238)132-6842x2257','2010-10-09 04:03:04'),
('845','11612 Brannon Groves\nHumbertoport, OK 63186','Kentucky','45','81758','1-383-072-9603x11919','2018-04-23 02:18:08'),
('846','70400 Neoma Overpass\nLake Seanchester, OH 79696','Utah','46','66262','(755)903-8436x100','1986-12-17 15:34:04'),
('847','5364 McDermott Field Suite 391\nMeaganview, CA 3103','Maryland','47','63940-6824','1-564-115-0212x51632','1998-12-30 06:41:11'),
('848','02911 Huel Trail\nWest Jarretburgh, AR 03996-0871','Colorado','48','58856-6197','+75(0)3230350794','1976-03-26 15:32:23'),
('849','556 Walter Ramp\nErwinfurt, CA 74773','Connecticut','49','81535','421-270-6424x182','2002-08-24 16:29:13'),
('850','7733 Murray Fork Suite 210\nWest Jessycafurt, WI 00','Hawaii','50','76141','00778858997','1977-01-02 09:31:55'),
('851','963 Padberg Turnpike Suite 511\nWest Malcolmmouth, ','Maryland','51','88861-7844','108-027-6763x8450','1990-04-10 11:54:55'),
('852','3895 Ward Camp\nPort Maryjane, NJ 92607','Tennessee','52','26098','095-739-4520','2007-02-01 21:42:45'),
('853','261 Dallas Circle\nLake Ciara, UT 10064-0193','Wisconsin','53','07782','656-274-9300','1977-07-18 13:07:50'),
('854','0196 Stan Skyway Apt. 890\nPort Kaleigh, CA 81877','Mississippi','54','94726-9795','(695)686-8212x4255','2003-06-14 03:01:58'),
('855','818 Davonte Throughway Suite 494\nPort Patriciahave','Connecticut','55','43414','113-048-8578x0384','1980-07-07 06:03:07'),
('856','29593 Romaguera Meadows\nLake Brodyfort, OR 48845-9','Michigan','56','65905','1-077-908-1587','1982-06-02 01:23:49'),
('857','7586 Collier Knolls Apt. 220\nQuitzonbury, AZ 61926','Arizona','57','93326-0463','(497)829-1657x9926','2008-09-08 08:24:55'),
('858','30640 Ernie Coves Apt. 211\nReymundotown, MD 63701-','Ohio','58','86324-2222','387.523.1147x62352','2001-02-16 21:37:27'),
('859','77479 Johnathan Islands\nNew Hardy, KY 51322-6382','Tennessee','59','04497-6692','1-738-309-6719x18115','1996-12-21 07:00:52'),
('860','202 Gaylord Squares\nPort Carmela, WV 00735-5915','Arkansas','60','59664','+69(5)5087180402','2003-08-29 20:34:52'),
('861','77004 Kub Village\nNorth Dena, IN 17865-6734','Oklahoma','61','59282-6643','443.210.2294','1977-12-27 18:47:25'),
('862','5881 Rogahn Plains\nPort Coy, IL 93677','NewHampshire','62','48523','598-156-1299','1989-12-18 22:28:57'),
('863','7143 Marques Estate\nMcLaughlinborough, VA 46696-14','Indiana','63','50668','+95(1)2667649802','2002-01-21 12:07:41'),
('864','7960 Brekke Ville\nLake Kaleighberg, TN 12039-9627','Delaware','64','74299-2167','692.585.7296x40094','1998-06-22 04:35:26'),
('865','3102 Bennie Bridge\nPort Shakira, KS 63475-2378','Nebraska','65','97153-1246','1-365-848-3307','2014-02-13 17:39:58'),
('866','662 Wintheiser Way Suite 264\nNew Onietown, CO 4003','Florida','66','36815-1958','1-652-989-2844','1979-09-14 06:47:27'),
('867','92609 Turcotte Street Apt. 152\nSchinnerfurt, DE 41','WestVirginia','67','68946','389.109.0878x104','1975-10-12 20:14:46'),
('868','3710 Sawayn Islands Apt. 681\nHeaneyborough, GA 289','Pennsylvania','68','39099','(590)024-3705x263','1989-01-04 18:32:10'),
('869','05415 Altenwerth Path\nFritschburgh, IN 89729-7005','Colorado','69','99401-5491','(606)279-9100x466','2020-01-17 14:41:01'),
('870','614 Giovanni Greens\nNorth Jaymeborough, AK 36038-4','Arizona','70','01799-5457','980-486-3151x66607','1991-07-23 11:48:57'),
('871','461 Lucienne Corners Suite 662\nGranvilleberg, WA 1','Tennessee','71','29381-5424','246-126-6878x1740','2018-05-30 11:39:55'),
('872','88211 Ruecker Causeway Suite 122\nSouth Beryl, FL 6','Wisconsin','72','18939-2997','1-273-172-9802x2058','2007-04-22 11:21:58'),
('873','072 Caden Drive\nWest Duane, DC 09357-9589','Arizona','73','61950','009-030-4916','2006-12-13 02:14:54'),
('874','73529 Shad Landing Suite 043\nSouth Lavadatown, AK ','NewHampshire','74','67090-5812','(220)398-0555','1986-05-05 13:46:25'),
('875','43764 Wisoky Glen\nHaleyland, CO 82556','NewYork','75','95735','578.755.0013','1980-10-15 02:04:27'),
('876','4441 Rosenbaum Center Apt. 253\nPort Tamarafort, DC','Ohio','76','07635-0226','(735)119-1269x8338','1986-07-21 14:58:37'),
('877','906 Dwight Plaza Suite 048\nNorth Gretastad, NE 875','Virginia','77','86841-8090','(990)425-7887x58456','2000-06-30 09:56:53'),
('878','8018 Swift Manors\nFraneckiville, LA 26955-6699','Vermont','78','52101-6141','1-394-649-3140','1997-02-18 00:55:33'),
('879','02560 Makenna Park Apt. 723\nCharlesbury, LA 53756-','Florida','79','43015-2048','+96(1)5556039887','2007-12-03 03:49:57'),
('880','1705 Odie Extensions\nIsidroview, ID 71346','Pennsylvania','80','56689-4053','(777)377-6827x1862','2006-07-08 06:30:18'),
('881','841 Otha Pine\nHaagborough, NY 55589','California','81','68898','221.406.9934x1699','1992-01-26 00:03:54'),
('882','180 Friedrich Fields Suite 453\nLake Amyabury, CA 1','Delaware','82','89651-2683','1-920-916-4586x879','2011-05-07 06:27:27'),
('883','104 Monte Springs Apt. 129\nPort Bessie, OH 31996-8','Montana','83','19303','213-598-4856x24739','1989-01-01 07:14:10'),
('884','42323 Connelly Route\nPort Leone, AK 54682-3378','Arkansas','84','87045','967-751-8939x404','1985-12-28 14:46:17'),
('885','8628 Lamont Glen\nEast Elbert, TX 90371','SouthCarolina','85','89134','998-117-8255','2004-11-22 01:09:08'),
('886','9721 Berta Trail Suite 663\nNettieview, VT 23216','Washington','86','97902','(974)754-9490x401','2018-02-27 21:23:44'),
('887','10758 Stehr Island Suite 805\nEast Omari, MA 64081','Pennsylvania','87','27994','+01(0)6349169826','1979-01-20 23:52:45'),
('888','811 Lakin Turnpike Apt. 268\nCrooksside, MO 82197','Virginia','88','27264','+39(7)6935016887','1986-09-24 21:18:20'),
('889','18828 Altenwerth Parkway\nKeiraton, OH 63648-8706','RhodeIsland','89','05672','1-012-729-6589','1970-10-22 04:52:23'),
('890','9467 Goldner Locks Suite 052\nDeondreberg, SC 51361','NewHampshire','90','83973','930-372-1952x05625','2014-11-18 21:09:05'),
('891','03190 Cole Parkway\nLake Jaylon, GA 97446-8611','Arizona','91','99427-7312','1-258-438-6559x35334','1982-01-26 11:44:44'),
('892','4744 Sawayn Causeway Suite 174\nFritschburgh, CA 72','Wyoming','92','35246-6408','+54(0)0104517825','2008-04-26 08:31:52'),
('893','7328 Hilll Cove\nNorth Brandynfurt, NE 71849-1913','Ohio','93','18788','08039275717','2003-09-05 12:59:29'),
('894','30078 Koepp Points Apt. 383\nBauchburgh, IA 69338','Florida','94','11097-9918','550-741-1394','1983-01-30 19:14:55'),
('895','62657 Koss Mews Apt. 888\nNew Alexandra, FL 82770','Washington','95','77393-5138','(841)700-2106x4733','2008-06-12 03:57:54'),
('896','2056 Grady Circles\nHesselborough, WA 60819-4432','Wyoming','96','65012','1-839-510-4679x505','1989-11-27 23:32:49'),
('897','048 Ivory Extension Apt. 339\nKuphalstad, NJ 20211-','NewHampshire','97','77970-4260','1-721-982-7474x44459','1977-12-09 15:29:23'),
('898','239 Pfannerstill Drives\nSouth Brookehaven, HI 1217','NewYork','98','17868-1027','029-536-4006x592','2010-11-17 10:29:01'),
('899','910 Steuber Fords\nNorth Rebeca, KS 36930-7316','Vermont','99','08596-7363','1-161-766-3793','2019-10-17 15:42:53'),
('900','5440 Jeanne Ford\nNew Adella, NC 94218-5901','Georgia','100','31142-1968','622.082.1916x90429','1972-05-07 22:11:14'),
('901','4371 Britney Overpass Apt. 488\nEast Brice, SD 3943','Kansas','1','78964','1-428-129-4485','2000-10-17 13:52:25'),
('902','038 Berenice Pass Suite 569\nNorth Dovieport, DC 57','Hawaii','2','01317','1-700-289-7928x51385','1991-05-18 00:23:42'),
('903','0000 Theron Ferry Apt. 992\nAlyciashire, CA 53621','Wyoming','3','78355-9029','887.797.1873x4179','2004-10-26 04:27:42'),
('904','0629 Dayna Common Suite 661\nYesseniahaven, VT 2309','NorthDakota','4','30821','1-164-753-0499','1995-09-08 09:12:29'),
('905','100 Marisol Hills Apt. 206\nKylehaven, AR 77589-054','Montana','5','80168','+58(0)0159959986','1974-10-08 22:11:18'),
('906','7508 Fay Vista\nNorth Clementina, FL 16253','Tennessee','6','94525-7358','1-724-843-0467','2001-06-07 08:07:45'),
('907','68570 Walter Row\nFisherview, ID 97001-8586','Wyoming','7','22428','+53(9)1510308707','1988-01-05 06:45:41'),
('908','49395 Spencer Locks Suite 673\nSherwoodview, UT 230','NewYork','8','93079-9161','(353)317-4905x36324','1988-06-28 21:41:40'),
('909','426 Smith Knolls\nPort Antwanton, WY 87832-7646','Maryland','9','63196-2545','1-650-880-8973x34113','1999-06-28 17:18:07'),
('910','4415 Leffler Ville\nShyannmouth, DC 32948-4647','Michigan','10','38433','1-914-844-4456x2366','1983-10-04 11:17:10'),
('911','1739 Ayden Land Apt. 228\nPort Alysson, NE 85787','Mississippi','11','87960-8958','(241)144-7376','1995-09-01 14:12:48'),
('912','031 Willms Row\nGislasonchester, CA 79049','Iowa','12','36263-0907','+32(3)6025874364','2000-08-04 12:25:47'),
('913','346 Cicero Locks\nEbertberg, HI 44567-4672','Colorado','13','45205-1164','699.880.3361x854','1989-05-16 10:06:16'),
('914','1759 Grimes Port\nAraceliside, UT 34120','Montana','14','62820','997.606.0688x21308','1979-12-12 19:46:13'),
('915','93441 Rice Loop\nVeumland, NV 44056-2586','Mississippi','15','18702-5485','558-767-1804','1990-02-02 10:04:07'),
('916','8286 West Trail\nMakennahaven, IN 53560-5092','Nebraska','16','02750','05042819472','1977-02-13 04:09:43'),
('917','654 Reynold Shoal\nThelmastad, DE 04937','Montana','17','72004','933-544-0556','1974-04-30 11:37:54'),
('918','5837 Irma Plaza Apt. 728\nNorth Rubiefurt, ME 60816','Indiana','18','39089','1-382-910-5365x42399','1991-06-03 13:05:07'),
('919','448 Kilback Flat Apt. 409\nNorth Ansley, AK 32231-3','Delaware','19','84330-0235','1-113-482-6488x1176','1988-06-10 05:01:08'),
('920','53132 Carissa Via Apt. 585\nMitchellstad, NY 09612-','Idaho','20','62964-6506','(378)132-3866x962','2005-02-27 09:45:16'),
('921','094 Millie Gardens\nNorth Cassandra, NE 70088-9449','Vermont','21','13898-8148','1-120-867-7991x6984','2001-10-30 02:56:16'),
('922','71739 Wiza Skyway Apt. 712\nNorth Frankie, IN 14702','Delaware','22','36577-8793','294-953-5243x39550','2011-11-08 21:33:05'),
('923','9639 Cedrick Trail\nAbbigailfort, ID 03577-7503','Ohio','23','48590','(133)584-7909x446','2000-06-18 07:47:06'),
('924','60653 Frieda Lane Suite 097\nVolkmanberg, CA 90519-','NorthDakota','24','73562','940.046.8461','1992-05-22 23:20:00'),
('925','76751 Isadore Pass\nKrajciktown, NH 22343-5085','NorthCarolina','25','73163-8248','04638433910','1998-03-26 19:41:18'),
('926','627 Audreanne Courts\nSchillertown, NH 28477-7327','Arizona','26','82682-4860','(882)309-6086x71960','1982-01-20 00:39:20'),
('927','1446 Powlowski Creek Suite 425\nGloriastad, SC 8467','Missouri','27','58959','1-759-285-9733x65162','2018-08-29 10:48:40'),
('928','755 Jerrold Cove Apt. 667\nHahnside, SC 99099','SouthCarolina','28','19513-3267','391-316-7942x910','1987-11-21 23:41:45'),
('929','14283 Berge Stream\nSouth Melisatown, NV 49821','Oregon','29','52868-5275','637-875-5298x562','2012-12-13 17:08:34'),
('930','0879 Nadia Court Suite 169\nLake Dovieshire, OK 763','NewMexico','30','47432-5501','809-128-7483x11871','2006-02-11 18:59:32'),
('931','52852 Lambert Valley\nDuaneville, GA 80856-4652','Utah','31','65620-9008','780-570-1204x19291','2008-04-27 18:15:31'),
('932','39065 Dashawn Trail Suite 244\nLake Allan, HI 62485','Connecticut','32','02562','(984)268-0617x2551','1997-08-09 17:49:03'),
('933','43581 Beahan Harbor\nEast Emilymouth, HI 93827','Delaware','33','08472','(551)909-7388x362','1970-01-05 12:23:51'),
('934','36272 Sienna Crest Suite 746\nLake Angel, NM 29513-','NorthCarolina','34','46910-0874','1-924-041-5653','1974-05-07 03:08:50'),
('935','472 Abernathy Stream\nUptonville, NY 86233-2947','Missouri','35','44798-9596','778.448.9438x546','2001-07-14 04:37:43'),
('936','2939 Brandy Coves Apt. 852\nLake Grover, OR 40323-8','Wyoming','36','86234-0338','+17(7)1372423435','2003-03-04 14:32:58'),
('937','305 Rolfson Flats\nKathryneview, PA 50720-0592','Connecticut','37','32768-8576','(756)357-7106','1990-10-29 23:40:45'),
('938','8034 Reva Mountain Suite 711\nKierantown, VT 38025-','Utah','38','08770','+98(7)0648131738','2019-11-03 19:57:02'),
('939','877 Cathryn Plains\nSouth Vaughn, MN 90308','NewHampshire','39','61163-8071','793.734.2893x8722','2011-08-05 01:08:51'),
('940','55165 Keshawn Islands Suite 407\nWunschborough, HI ','NewHampshire','40','09005-7251','533-180-8964','1999-01-02 22:30:40'),
('941','4081 Rosalind Lodge Suite 030\nMyafort, NC 40052','NorthDakota','41','84500-5331','(557)204-4129x8820','2000-06-12 23:08:56'),
('942','39424 Arvilla Forge\nWest Hardy, MS 91274','Florida','42','19383-1307','591.372.1957','1984-02-22 06:56:31'),
('943','6069 Trycia Estate\nNew Orrin, AL 57503','Oklahoma','43','77790','+32(6)4350306872','1996-02-08 15:49:43'),
('944','32768 Bernhard Summit Apt. 744\nNorth Marielashire,','Vermont','44','21119-4573','(843)382-9002','1985-10-10 06:25:55'),
('945','5003 Kertzmann Common\nKuphalburgh, DE 82942-2152','NorthDakota','45','94860','(657)822-5906x62185','1992-08-25 19:25:18'),
('946','078 Eudora Lights Suite 906\nSouth Imogeneside, NM ','Idaho','46','84352','486.440.5859','1985-06-30 03:00:22'),
('947','35023 Gaylord Ridge Suite 320\nEstefaniaview, KS 20','NewYork','47','58727','484-121-2099','1976-06-20 16:15:15'),
('948','395 Otis Throughway\nWest Evangeline, WI 11197-2297','Kansas','48','28981-8194','559-926-2436','2001-06-05 02:02:28'),
('949','48929 Florida Plaza\nPort Dalton, VA 57770','District of Columbia','49','58623','+57(3)9144439179','2012-05-27 02:45:54'),
('950','801 Weissnat Curve Apt. 596\nConnellytown, OH 88093','Nevada','50','75661-0533','(602)603-7989x6468','2020-05-24 01:01:21'),
('951','767 Jacobi Grove\nLake Stephania, CT 90976','District of Columbia','51','31076','1-593-020-4245','2010-02-22 23:51:07'),
('952','0566 Adams Burg Suite 001\nSouth Rocky, UT 55179','Colorado','52','54626','433.331.7504x2752','2014-06-20 17:13:28'),
('953','2368 Barrows Square\nBerniceville, CT 89482-4424','District of Columbia','53','35366','(374)930-2021x0183','2009-12-01 19:01:09'),
('954','88986 Angie Plaza\nLuztown, WV 80580-2543','Colorado','54','25132-6921','(972)597-7169x5019','2005-12-14 02:37:07'),
('955','350 Josiah Dam Apt. 053\nMadelynnfurt, KS 13267','Wisconsin','55','87761-8334','003-263-8748x370','1986-02-08 14:13:41'),
('956','573 Annabell Isle Suite 422\nNew Mathiaschester, RI','Virginia','56','12918-6573','1-517-262-3521x73091','1971-05-23 11:38:01'),
('957','070 Arlo Light Apt. 522\nNorth Johnnieville, TX 511','NewJersey','57','54274','1-797-279-7870','2010-08-28 09:29:47'),
('958','385 Kerluke Highway\nNorth Sim, WA 56913','Idaho','58','33754-3970','822.942.4169x01764','2016-10-16 19:29:16'),
('959','956 Teagan Extensions Apt. 825\nLake Abby, SC 30899','Indiana','59','20845-8607','683.402.0535x1673','1984-05-20 12:09:40'),
('960','872 Litzy Ways\nKobeside, MI 40406','Alabama','60','17002-4575','05558264600','1996-07-27 04:20:16'),
('961','1785 Reichel Parkways Apt. 937\nLake Sethside, UT 8','Virginia','61','43119','(350)716-0511','1970-02-26 13:33:06'),
('962','725 Tia Row\nLindgrenstad, SC 09098','NewYork','62','68799','299-315-7085','1987-06-04 00:58:16'),
('963','1775 Kulas Mill\nNew Kallie, TN 13296','NorthCarolina','63','95550-1805','1-411-630-3284','1970-08-10 16:24:50'),
('964','4864 Kutch Locks\nNew Alessandra, GA 01966','Utah','64','39844-0853','259.781.4760x623','1979-04-22 10:56:53'),
('965','615 Shields Dale Apt. 803\nRohanland, UT 82200','Illinois','65','89217-1528','(863)068-5727x2536','1975-08-15 20:01:24'),
('966','83080 Jakob Drive\nLake Neilfort, NV 88617-5523','Arkansas','66','71129','(605)185-7609','2010-07-20 05:33:57'),
('967','19584 Armstrong Skyway Suite 690\nBettiemouth, SD 3','Colorado','67','76131-3909','474-892-8507','1999-02-22 20:52:31'),
('968','130 Luciano Causeway\nProsaccotown, AK 91315-1406','Oklahoma','68','84427-3149','628-491-0996x83355','2016-08-31 20:32:50'),
('969','58315 Bruen Port\nMoriahborough, SD 43873-2035','Maryland','69','23866','960-106-9836','2007-12-13 21:28:23'),
('970','086 Hartmann Vista\nPort Otho, VA 59440','Vermont','70','16657-8608','570-398-3746','2007-12-31 12:19:40'),
('971','98156 Bonita Rapid\nLake Kenneth, ND 15839-8222','Washington','71','84543','1-838-791-6817x145','1973-09-15 06:05:44'),
('972','795 Janiya Square Apt. 933\nWeissnatshire, SC 65015','California','72','58853','1-799-513-5910x23136','1998-03-30 13:45:19'),
('973','4559 Terrence Greens Suite 644\nNorth Cliftonville,','California','73','98003','+88(9)3187110659','2009-12-23 15:50:39'),
('974','891 Stark Court Suite 184\nCronachester, NV 38042-5','NorthCarolina','74','67671-3333','861.456.2867','2002-11-12 14:15:23'),
('975','73588 Fadel Fork\nSouth Marge, AL 36387','Ohio','75','48490-8738','(578)331-7679x786','2017-10-15 08:04:04'),
('976','933 Consuelo Mountain\nNorth Keyshawn, ID 90163-436','NorthCarolina','76','21560-8992','023-644-6027','2020-03-28 20:11:31'),
('977','583 Ziemann Mission\nSchuppeside, LA 55594','Washington','77','38781-6443','(997)718-6070','1996-12-01 22:04:29'),
('978','3536 Leland Fall Suite 026\nEdwardoberg, WI 66786','Arizona','78','60375','513-360-4491x26126','2006-12-12 13:29:35'),
('979','94213 Reynolds Street Apt. 872\nDickinsonside, MS 8','Colorado','79','26898','1-057-195-3945','2005-03-30 02:34:54'),
('980','083 Mertz Drives Suite 301\nSouth Lucy, CT 96097-97','Michigan','80','65994','481.306.6691x18255','1979-05-31 13:59:35'),
('981','80929 Bailey Alley\nNew Preston, IL 19075','Colorado','81','49694','1-360-530-4518','1983-05-12 05:21:30'),
('982','3767 Johns Street Suite 521\nLake Holden, TX 83801-','Missouri','82','23895-3183','490-750-2828','1991-08-17 11:46:37'),
('983','42454 Cindy Causeway\nOlenhaven, MT 72010','Montana','83','14469-5047','(689)271-7720x77835','1974-08-29 15:23:04'),
('984','057 Guiseppe Harbor\nWest Annabell, AL 57599-9760','Hawaii','84','38061','752.865.9427x57274','1998-04-13 22:05:59'),
('985','839 Swift Common Apt. 323\nPort Tanya, AR 97793','Virginia','85','20185-8118','(494)381-2028x06047','2008-02-14 06:36:47'),
('986','5721 Rollin Springs Suite 068\nFadelview, MO 61038-','NewYork','86','27207','1-616-843-8413','1991-01-14 12:21:20'),
('987','0616 Maida Crest\nSchroederland, LA 40415-0868','Wisconsin','87','84379','(243)281-2850x2745','2018-10-04 07:22:54'),
('988','84987 Hane Mission\nNew Myrtieshire, AR 29126','Ohio','88','48460','04291971561','2012-10-11 14:08:52'),
('989','5263 Lesch Squares\nEbertberg, VA 89596','Texas','89','01420-9507','(848)260-7282','1977-11-09 22:30:44'),
('990','052 Price Islands\nKyraburgh, TN 05729','Ohio','90','40022-9140','1-634-678-7076','1979-01-03 05:57:26'),
('991','6232 Kaitlyn Stravenue\nEast Meredith, SD 10331-018','Arkansas','91','97314-3860','(202)465-0243','1997-10-23 13:38:16'),
('992','07624 Senger Vista\nPort Emerson, VA 76933-1175','California','92','84561-6872','09922342936','2006-12-31 19:14:17'),
('993','91059 Zieme Extension\nBoyleborough, NH 27402','NewMexico','93','14887','402-986-4514','2012-10-20 23:39:12'),
('994','913 Harris Islands Suite 577\nConroyburgh, TN 05945','NewYork','94','30277-8714','08785768969','1996-02-26 20:02:10'),
('995','7218 Dickinson Trail\nWest Idellaborough, TX 67214','SouthCarolina','95','70557-7884','289.478.1095x195','2013-06-21 01:11:37'),
('996','6230 Cooper Pines Suite 867\nKochhaven, VT 85012','Oregon','96','43196-6250','1-416-169-9346x21595','1990-12-17 01:31:53'),
('997','0141 Anya Pike\nHodkiewiczstad, MI 06347','Florida','97','24687','943.137.0734','1976-09-10 16:17:04'),
('998','5216 Runte Green Suite 517\nLake Cleo, ID 86374-312','Washington','98','04263-8019','571.983.9377','1997-12-11 21:17:54'),
('999','5279 Adele Expressway\nLake Josiahborough, NV 26266','Pennsylvania','99','36400','(271)072-2052x313','2018-04-20 11:49:33'),
('1000','076 Green Trail Apt. 724\nEast Dionburgh, FL 98038','Utah','100','84509','1-061-982-5862','1999-04-25 18:19:46'); 


DROP TABLE IF EXISTS `categories`;
CREATE TABLE `categories` (
  `category_id` bigint(20) unsigned NOT NULL AUTO_INCREMENT,
  `name` varchar(25) COLLATE utf8_unicode_ci NOT NULL,
  `last_update` timestamp NOT NULL DEFAULT current_timestamp() ON UPDATE current_timestamp(),
  PRIMARY KEY (`category_id`)
) ENGINE=InnoDB AUTO_INCREMENT=21 DEFAULT CHARSET=utf8 COLLATE=utf8_unicode_ci;

INSERT INTO `categories` VALUES ('1','sunt','1989-09-02 21:44:23'),
('2','eos','1993-02-07 12:07:08'),
('3','et','2008-07-25 11:28:14'),
('4','ipsum','1977-01-19 14:51:18'),
('5','nesciunt','1975-08-10 22:14:01'),
('6','nihil','1977-01-25 02:41:39'),
('7','amet','2009-04-19 04:00:27'),
('8','ut','1971-06-26 20:30:50'),
('9','fuga','1977-06-24 00:26:20'),
('10','consequuntur','2002-06-17 09:26:29'),
('11','doloremque','1994-01-10 09:54:12'),
('12','provident','1983-05-24 07:44:19'),
('13','autem','1977-08-26 21:53:02'),
('14','dolorem','1982-03-06 22:11:08'),
('15','molestiae','1989-09-05 05:17:20'),
('16','non','1972-10-10 20:48:01'),
('17','consectetur','1972-05-01 07:09:14'),
('18','aut','1982-02-28 12:37:34'),
('19','est','2011-07-29 21:06:32'),
('20','qui','2013-10-30 06:31:25'); 


DROP TABLE IF EXISTS `cities`;
CREATE TABLE `cities` (
  `city_id` bigint(20) unsigned NOT NULL AUTO_INCREMENT,
  `city` varchar(50) COLLATE utf8_unicode_ci NOT NULL,
  `country_id` smallint(5) unsigned NOT NULL,
  `last_update` timestamp NOT NULL DEFAULT current_timestamp() ON UPDATE current_timestamp(),
  PRIMARY KEY (`city_id`),
  KEY `idx_fk_country_id` (`country_id`),
  CONSTRAINT `fk_country_city` FOREIGN KEY (`country_id`) REFERENCES `country` (`country_id`) ON UPDATE CASCADE
) ENGINE=InnoDB AUTO_INCREMENT=101 DEFAULT CHARSET=utf8 COLLATE=utf8_unicode_ci;

INSERT INTO `cities` VALUES ('1','Port Sonnyhaven','1','1981-08-25 12:38:34'),
('2','East Connieshire','2','1992-10-03 12:16:48'),
('3','Lake Tabithabury','3','1973-09-12 05:19:36'),
('4','South Humbertoport','4','1978-06-22 20:52:14'),
('5','Margarettabury','5','1999-08-14 12:44:35'),
('6','New Rose','6','2001-09-09 20:18:51'),
('7','Juanitachester','7','1983-01-29 16:41:45'),
('8','Kilbackfort','8','1993-04-27 22:11:14'),
('9','Schusterport','9','2005-06-25 05:44:21'),
('10','West Abbieton','10','1991-12-20 13:05:12'),
('11','Nienowshire','1','1991-08-25 18:36:14'),
('12','East Luis','2','1971-01-31 02:12:53'),
('13','Lake Emmet','3','2000-06-28 23:33:11'),
('14','North Chadd','4','1997-02-24 00:44:36'),
('15','North Mattland','5','2013-04-15 12:50:00'),
('16','East Natashastad','6','2017-01-30 20:18:06'),
('17','New Mortimer','7','1978-12-08 08:58:56'),
('18','Lake Julienborough','8','2001-07-17 14:23:59'),
('19','Odieland','9','2008-02-05 08:21:07'),
('20','West Ariel','10','2009-03-09 11:53:47'),
('21','Watersborough','1','1978-11-06 18:58:32'),
('22','Port Leonel','2','2015-12-30 17:46:08'),
('23','Lake Norberto','3','2018-04-11 00:40:14'),
('24','Jamirville','4','1980-11-29 00:25:49'),
('25','Jessycaside','5','1986-09-01 04:32:56'),
('26','Port Mustafaton','6','1986-05-01 01:14:34'),
('27','Thorabury','7','1973-11-10 11:37:44'),
('28','Cruickshankberg','8','1988-06-06 04:02:22'),
('29','Emmaleemouth','9','1973-06-02 20:02:18'),
('30','Schillerland','10','1976-12-18 16:57:58'),
('31','Garrethaven','1','2010-12-25 16:16:33'),
('32','North Bernice','2','1986-11-28 12:23:54'),
('33','Rohanview','3','1997-03-12 14:02:06'),
('34','Haleighside','4','2010-10-14 07:36:50'),
('35','Wiegandfurt','5','1989-02-16 07:17:14'),
('36','North Agustinchester','6','2006-11-19 02:04:40'),
('37','Bartolettiview','7','1972-07-06 05:13:34'),
('38','Vanceside','8','1976-05-10 21:22:28'),
('39','New Fidel','9','1985-12-24 10:20:15'),
('40','New Grant','10','1996-11-23 16:22:07'),
('41','Veumshire','1','1980-01-30 15:25:13'),
('42','Constantinstad','2','1978-03-13 17:10:34'),
('43','East Mosesbury','3','1991-01-05 06:16:39'),
('44','Lake Kieramouth','4','1975-08-20 05:13:59'),
('45','Floybury','5','2008-12-12 01:32:38'),
('46','Carterbury','6','1974-02-27 09:03:50'),
('47','Port Keara','7','1986-07-20 05:49:10'),
('48','Gretchenfurt','8','1987-07-06 02:37:05'),
('49','Larryland','9','2003-04-11 17:25:30'),
('50','South Nelda','10','1980-03-02 00:44:08'),
('51','South Jacquelynside','1','2018-11-15 17:56:40'),
('52','Millerland','2','1983-07-07 21:42:23'),
('53','Giabury','3','2019-06-03 17:37:49'),
('54','New Fredrickmouth','4','1981-12-10 03:27:20'),
('55','West Shaniefort','5','1988-06-12 21:32:15'),
('56','Angelineside','6','2017-05-08 13:49:41'),
('57','Port Davonton','7','1977-08-17 11:05:12'),
('58','Lake Carahaven','8','2002-08-10 02:46:20'),
('59','Erdmanstad','9','2005-04-23 01:44:06'),
('60','Deonshire','10','2015-10-11 10:14:08'),
('61','East Gloriashire','1','2007-05-14 17:28:20'),
('62','Emmystad','2','1991-04-11 05:19:14'),
('63','McDermottberg','3','1990-11-04 08:17:42'),
('64','Kubshire','4','1984-02-20 05:31:16'),
('65','North Mathias','5','1993-11-15 00:49:55'),
('66','East Cleveland','6','1998-10-22 20:42:29'),
('67','Schummfort','7','1991-09-19 19:14:43'),
('68','Port Wilhelmview','8','2017-10-16 04:49:12'),
('69','Bashirianview','9','1995-05-19 10:41:12'),
('70','Hilmahaven','10','1972-02-14 20:20:03'),
('71','Lake Carson','1','2009-07-26 01:58:49'),
('72','Brentmouth','2','1985-04-08 12:36:01'),
('73','South Nadia','3','1981-01-30 13:43:55'),
('74','New Mario','4','1986-09-19 13:49:46'),
('75','West Colten','5','1997-04-27 23:49:54'),
('76','Framimouth','6','2010-12-02 21:35:57'),
('77','Port Mathildeport','7','2004-05-17 10:55:44'),
('78','Alysaberg','8','2009-05-05 10:49:05'),
('79','South Elbertchester','9','2012-11-29 03:53:01'),
('80','Rutherfordtown','10','1997-06-05 22:16:49'),
('81','Orinberg','1','2005-05-24 19:50:54'),
('82','Luettgenchester','2','2009-04-13 00:51:31'),
('83','Reynoldsfort','3','2000-02-10 17:55:02'),
('84','East Jerodstad','4','1978-08-20 07:09:48'),
('85','Owenfort','5','2018-05-07 11:31:54'),
('86','North Ciara','6','1975-11-16 15:48:59'),
('87','Zulaufstad','7','2012-06-04 00:05:52'),
('88','Savannahtown','8','1993-05-09 00:17:42'),
('89','Andyside','9','2019-03-26 10:34:27'),
('90','Andybury','10','2004-01-15 19:41:32'),
('91','Port Baby','1','1987-09-08 11:48:47'),
('92','Brendenton','2','1977-05-24 07:40:48'),
('93','New Rogelio','3','1988-05-20 02:52:24'),
('94','Treutelfort','4','2001-11-05 11:50:57'),
('95','Veumtown','5','1972-06-09 19:05:12'),
('96','Gibsonland','6','1985-10-17 14:29:52'),
('97','Port Vernertown','7','2018-04-24 16:10:13'),
('98','Terrytown','8','1985-12-04 09:35:14'),
('99','Dominiquebury','9','1972-11-24 01:04:54'),
('100','East Lori','10','2017-04-06 13:22:08'); 


DROP TABLE IF EXISTS `country`;
CREATE TABLE `country` (
  `country_id` smallint(5) unsigned NOT NULL AUTO_INCREMENT,
  `country` varchar(50) COLLATE utf8_unicode_ci NOT NULL,
  `last_update` timestamp NOT NULL DEFAULT current_timestamp() ON UPDATE current_timestamp(),
  PRIMARY KEY (`country_id`)
) ENGINE=InnoDB AUTO_INCREMENT=11 DEFAULT CHARSET=utf8 COLLATE=utf8_unicode_ci;

INSERT INTO `country` VALUES ('1','Ethiopia','1971-10-14 12:09:13'),
('2','Papua New Guinea','1983-11-02 03:11:16'),
('3','Bouvet Island (Bouvetoya)','1974-07-17 11:07:57'),
('4','Saint Barthelemy','2013-03-09 01:52:48'),
('5','Bermuda','1996-12-26 20:40:32'),
('6','Iran','1976-07-29 22:39:42'),
('7','Western Sahara','2005-12-20 08:13:43'),
('8','Turkey','2006-04-04 15:34:50'),
('9','Canada','2018-04-07 15:13:23'),
('10','Faroe Islands','1997-07-19 20:29:46'); 


DROP TABLE IF EXISTS `customers`;
CREATE TABLE `customers` (
  `customer_id` bigint(20) unsigned NOT NULL AUTO_INCREMENT,
  `firstname` varchar(100) COLLATE utf8_unicode_ci DEFAULT NULL COMMENT 'Ôàìèëèÿ',
  `lastname` varchar(100) COLLATE utf8_unicode_ci DEFAULT NULL COMMENT 'Èìÿ',
  `email` varchar(100) COLLATE utf8_unicode_ci DEFAULT NULL,
  `address_id` bigint(20) unsigned NOT NULL,
  `active` tinyint(1) NOT NULL DEFAULT 1,
  `create_date` datetime NOT NULL,
  `last_update` timestamp NOT NULL DEFAULT current_timestamp() ON UPDATE current_timestamp(),
  `password_hash` varchar(100) COLLATE utf8_unicode_ci DEFAULT NULL,
  `phone` bigint(20) unsigned DEFAULT NULL,
  PRIMARY KEY (`customer_id`),
  UNIQUE KEY `email` (`email`),
  KEY `idx_fk_address_id` (`address_id`),
  KEY `idx_fk_phone_id` (`phone`),
  KEY `idx_lastname` (`lastname`),
  CONSTRAINT `fk_customer_address` FOREIGN KEY (`address_id`) REFERENCES `address` (`address_id`) ON UPDATE CASCADE
) ENGINE=InnoDB AUTO_INCREMENT=98 DEFAULT CHARSET=utf8 COLLATE=utf8_unicode_ci;

INSERT INTO `customers` VALUES ('1','Madelynn','D\'Amore','wintheiser.antoinette@example.org','1','0','1992-09-20 16:05:24','1994-08-08 02:08:57','29e8994eec499487913a055c7e8d6e761956bcbc','815507'),
('2','Margret','Christiansen','elisabeth.hand@example.net','2','0','2005-04-02 22:10:07','1984-12-22 02:30:53','992f7e4117d14b05b4a2f52ed67fd790ed72f16e','1'),
('3','Lilliana','Greenfelder','corkery.lonny@example.org','3','1','1971-10-26 00:39:37','1989-05-08 02:10:01','8f2fba73a0ce501d3027c560453b434d4515e778','1'),
('4','Christelle','Towne','cmraz@example.org','4','1','1982-01-10 00:09:17','1978-11-09 05:57:11','dbbd91ff24f0fc8d6ee9485f02ed0c7ee5983d90','0'),
('5','Reyes','O\'Kon','rhagenes@example.com','5','1','2011-10-04 15:01:37','2009-06-03 11:16:49','9dcb5692df21cc5ee271c66ecb2ad12dce265cb8','317'),
('6','Berenice','Rempel','valentina.schiller@example.net','6','1','2019-09-07 10:46:44','1981-08-28 02:18:25','6641cede211b3951d52bb4687c5233ae76aaf7ba','443617'),
('7','Estell','Swift','macey12@example.net','7','0','1985-05-25 03:52:38','2001-01-29 18:35:53','f3c0349cd886dea8fa3d82c471fe2ebe771f007f','0'),
('8','Brook','Schuppe','obashirian@example.net','8','1','1991-11-04 02:07:32','2013-12-07 11:37:15','377b7d4ef23bbd68e7de0a0c00fe1086985e2701','1'),
('9','Reagan','Steuber','jacobi.sigurd@example.org','9','1','1992-08-24 19:04:19','1977-04-03 11:41:27','4da9f350bbbe9aa2d244a13e86a28808ab6f9489','0'),
('10','Orlando','Trantow','myra.romaguera@example.net','10','0','2011-01-28 08:30:27','2012-10-16 18:57:35','38aff00cb5d12f0acc5abcb16c8490995b095032','1'),
('11','Manuela','Rodriguez','erdman.margie@example.net','11','1','2009-11-26 15:27:04','2000-08-20 10:13:56','38ac44ffb2dc1272627bee71492d2430cfb014e4','1'),
('12','Leo','Howell','lhermann@example.net','12','0','1977-04-12 06:19:48','2014-06-20 13:01:02','cf5622566dca4046510a7b99a8aa408de0d4488c','0'),
('13','Loyal','Bradtke','effie.steuber@example.com','13','1','1987-07-31 08:24:42','1990-02-21 06:10:45','aa05c6959cd3bcda3ca2bd5b85a51efe52b86653','1'),
('14','Deontae','Bradtke','davis.eve@example.com','14','1','1983-05-29 20:52:19','2003-06-27 11:15:32','0844d87f1597240154c171edaf061b33f57de723','860997'),
('15','Kendrick','Lehner','vsauer@example.net','15','0','1990-04-25 19:23:06','1970-10-20 00:06:50','58de52caf6fe733c67357cf59f41f2ade080d554','46218'),
('16','Jennyfer','Wisozk','kbradtke@example.com','16','0','1978-08-21 04:58:30','1974-08-30 02:29:53','e4fcf61f0798d63313a3b8426f824e8288d848e3','540033'),
('17','Abelardo','Cronin','edyth53@example.com','17','0','1994-11-26 07:55:35','2017-08-13 16:08:34','68112e77694e5ec122086dc1611e0d854f57de89','1'),
('18','Alysha','Predovic','wiza.ana@example.org','18','1','2019-06-20 13:39:55','1991-10-11 11:24:06','315dd40e7c01dff34c1ad47ec07c451a2c3cb3b8','425700'),
('19','Ryann','Wisozk','hirthe.clemmie@example.com','19','0','1984-03-31 21:22:19','1990-02-03 02:08:12','a9c1a9ff945ee13c738f3a840d005ff4ba455eac','1'),
('20','Christian','Rohan','zsanford@example.net','20','1','2009-08-21 21:16:15','1981-07-07 19:42:43','9a9ab6f9dc9d3a33b7e032021972074ebe3585be','0'),
('21','Lela','Leannon','suzanne31@example.com','21','1','2003-03-19 00:16:09','2013-08-25 19:07:43','a02cbc59f0fc5295a5effceb8dbb40008145a552','679'),
('22','Raleigh','Romaguera','dudley89@example.org','22','1','2007-04-08 23:18:52','1997-09-30 07:07:25','66ed1f727177d364adb707f685360925600dea06','184103'),
('23','Gregory','Fritsch','kurt.bruen@example.net','23','1','1991-06-28 07:51:03','1974-06-05 03:05:21','110a2878aa746999bf7e80d0cd86b345627a18f7','0'),
('24','Lucy','Hand','gchamplin@example.org','24','0','1993-11-04 21:13:28','1999-07-04 16:13:50','e439448e8da84395d45a8e6a485d094966aebf25','517'),
('25','Bennie','Oberbrunner','kschaden@example.com','25','1','2001-09-15 08:01:57','1983-11-25 03:53:50','dba24ee8382060b274d74e69f24ee5a27a9edb93','45'),
('26','Merritt','Mosciski','connor80@example.org','26','1','1993-09-25 01:32:05','1971-11-12 21:02:23','b8aea3f0dbcb3c2682b099e748914d870bda53d6','1'),
('27','Isobel','Wehner','shayes@example.net','27','0','2019-11-12 20:17:19','1982-07-14 15:15:16','607743b6c59800f28cca79d9eac10392fa0a7378','203'),
('28','Andre','Rippin','nicolas.frank@example.com','28','0','2005-04-23 09:51:39','2005-09-29 17:13:07','b58fef89276ea88cb007614f4e38340836222c0d','0'),
('29','Retta','Dickinson','koelpin.randi@example.com','29','0','1993-03-30 04:57:55','1973-11-16 07:51:09','418f94063938bef1050b53387de8174369c6f88b','503381'),
('30','Ida','Becker','adickinson@example.com','30','1','2005-04-27 03:49:41','2008-04-21 20:58:22','77cdad44e035db70be0886d70932ab0fd1d77985','757'),
('31','Freeman','Klocko','jakubowski.jena@example.org','31','1','2012-12-10 15:49:31','2016-08-04 15:55:13','9729853c373fd097a4093a1821db4043c38c8f65','968'),
('32','Freddie','VonRueden','wiza.jesus@example.net','32','1','1992-10-01 11:33:16','1977-08-13 08:15:56','921e37d5ada5b7559ce67865237b6e5a1ec43458','1'),
('33','Dewayne','Mills','gerhold.jake@example.net','33','1','2006-12-01 15:26:31','1989-06-07 14:52:03','62404fe24edbaed4fcc3e8eabdee9b29f2738edf','1045704992'),
('34','Lyla','Rippin','hazle.torp@example.net','34','1','1976-01-18 18:33:48','2013-04-28 10:58:46','bdb0562bd51d72fbb1e86ebce9609a4eab325e12','551'),
('35','Gaylord','Vandervort','mallory62@example.org','35','0','1987-09-04 09:09:09','2012-09-29 10:21:33','96779961ca68d72f019e149dafac5508953d926a','8744017054'),
('36','Asia','Conroy','daron37@example.net','36','0','1999-04-15 10:03:35','2010-03-10 16:01:20','41157a8b342f4264ce47992a39736c950c2cf067','746186'),
('37','Connie','Beier','maximillia31@example.com','37','0','1991-03-22 23:52:41','1994-07-24 17:56:48','7ff1b6ce639cb571a38abceb02689172814734fd','431313'),
('38','Erling','Renner','purdy.santina@example.net','38','1','1972-06-04 22:46:56','1981-08-23 15:14:04','28f787b0f081093a2b1b9f9a7b9a4f4a1747be2d','0'),
('39','Dorris','Goldner','catalina08@example.net','39','1','1970-09-16 15:39:47','1990-10-19 06:16:32','afdf35d6eb4d0c7eb0ab81fc7cda842ded71be31','0'),
('40','Macey','Wehner','missouri.auer@example.com','40','0','1983-04-18 06:29:31','1997-09-20 02:05:32','dbe78eb1a3b96670a060c62e3c63ed07f519406f','0'),
('41','Barry','Wiegand','wgislason@example.net','41','1','2009-09-04 02:44:46','2011-01-20 08:18:32','772eed8463e5d40c6d311dec606f806c1df8bb2c','0'),
('42','Dakota','McGlynn','irice@example.org','42','0','2000-11-19 06:13:03','1989-01-14 03:25:58','ba0a2c605f69d514e7b8e377fb848776622e939e','41'),
('43','Luz','Dare','deshawn.crooks@example.org','43','1','1994-08-23 21:37:59','2000-06-24 22:40:38','032091d53ed2cf1365042865fc7fdae5d3a82e8c','6'),
('44','Graham','DuBuque','dpredovic@example.com','44','1','1977-03-20 07:56:59','1977-07-05 23:50:51','54733ec53c86bd46b860d7dbcb5637cee0aefa28','809'),
('45','London','Kuvalis','serenity.sauer@example.net','45','1','1990-08-28 00:16:25','1991-12-04 07:27:39','332b7c2695434a82debfb1e818a9b80a2d40b28d','527'),
('46','Delores','Hettinger','kayli99@example.org','46','1','2001-05-03 14:51:45','1983-12-20 22:24:38','3ebdaf926528cc73085cedc5660964ba59ce0db5','0'),
('47','Brock','Champlin','savanah21@example.net','47','1','2019-07-25 20:37:29','2018-08-25 09:34:37','95bc80d6beaf31d484ad52961070854b62f4cafe','592411'),
('48','Emory','Mante','nhowell@example.com','48','1','2013-07-30 14:15:37','1988-06-30 15:07:48','bee97ac1faf5a05d911e8af788d344017fdd3815','0'),
('49','Maxime','Kshlerin','keshaun31@example.com','49','1','1970-01-18 00:28:55','2013-06-12 23:00:02','26c5a242a2c61bd4ea14392882f1bc4b474531b2','4059365593'),
('50','Joy','Hills','jackie52@example.com','50','0','1979-03-14 03:50:35','1988-02-10 03:08:44','d18674ad702a81081f8a2f65b77342f11a1b6f11','1'),
('51','Jamey','Ruecker','jdenesik@example.org','51','1','2015-05-29 17:10:59','2006-08-03 13:09:07','82ecab502fc30a400ac5b3e50457e8d1212c1d14','0'),
('52','Mervin','Schuster','grady.barry@example.com','52','0','1976-03-14 19:28:21','1984-04-26 10:27:13','9fe29699dfd2b7dbe7072c8ad0384df8df3c234f','0'),
('53','Shirley','Runolfsdottir','gaylord.avery@example.net','53','1','1984-07-07 14:59:59','1986-05-18 01:02:37','a16a20967f46a3c9c5dfae96032a6bd6c353ba0d','1'),
('54','Junius','Nicolas','jakubowski.emory@example.com','54','0','1976-03-16 11:55:11','2002-11-30 12:28:42','0634f727ced83c3cce1735bcb927b141db3ea47f','705'),
('55','Jamel','Mills','zemlak.johnpaul@example.net','55','1','2011-12-11 18:49:40','2017-04-29 09:48:40','4273e9caa2ae5f7e648382852220354cc5381cfc','742'),
('56','Mazie','Lebsack','herzog.ellen@example.com','56','1','1985-09-11 13:03:10','1976-01-03 04:40:54','60c06ceb3247b01c742aa46039a7fdaa65cf5a55','49'),
('57','Francisco','Langworth','erunte@example.net','57','1','1994-10-20 00:12:20','2017-10-04 15:54:34','d638174137b6ddc51bd4cf9c0aa76148caa259ae','30'),
('58','Kacey','Champlin','steuber.mozelle@example.net','58','0','1974-10-13 07:15:57','1978-07-28 03:09:33','1de1a46e59aee7b505c5e65ddc2c979ce020f7fe','3811695663'),
('59','Emilie','Spencer','rico.wolff@example.com','59','1','1971-02-22 19:41:26','1990-03-15 10:47:23','3876a5b951d63ca2490f073244128dee10292438','0'),
('60','Newton','Brakus','jesse.senger@example.net','60','1','1994-02-10 20:49:04','1999-12-29 14:38:04','019b250fe042cbc22997c1e964f16ff8122fd514','3718786742'),
('61','Deontae','Ledner','sheila30@example.com','61','1','2006-10-07 04:30:54','1970-01-26 17:00:22','09f39261fbf79600e55ce78e43a5e1783e1aa424','1'),
('62','Jonathan','Collier','bkerluke@example.com','62','0','1973-01-10 14:08:47','2000-09-04 19:59:55','cb2de8dddec9e89609ac40b905180024553a57f9','90930'),
('63','Chase','Hudson','audra34@example.net','63','0','1976-06-29 20:58:41','1978-08-04 20:36:17','d67470ed52ebf4c774cb043677813e5ead996ae5','9776539004'),
('64','Jarrett','Terry','stuart91@example.net','64','0','2000-05-02 07:46:09','2010-08-23 12:52:26','fa61052e41d11a1218b128327d13b590c45e468f','1'),
('65','Kennedy','Bahringer','cfahey@example.org','65','0','1997-02-15 20:52:17','2010-04-10 14:42:24','0443b0139c9437328cad37566dd982c00bd203e5','855884'),
('66','Gia','Johnson','ryley95@example.com','66','0','1972-11-08 03:12:56','1989-07-03 20:31:26','9bc605b18e3d82844f817290c3ff61e9f9780985','2'),
('67','Nikko','Ullrich','dietrich.aurelia@example.com','67','1','1999-04-16 12:44:55','2019-12-04 08:24:44','69f7689d169d3a6a80c769b52d8370097a4deb43','0'),
('68','Susan','Tromp','kendra.nikolaus@example.net','68','1','2006-07-28 09:14:41','2015-06-14 07:05:03','d62b4691b190d67764be8a050829ec893197d36f','0'),
('69','Noemy','Dickinson','dveum@example.org','69','1','2010-03-16 07:32:41','2003-10-01 10:05:06','06121b82db65418e127bb481fa31c8acbc9d985b','0'),
('70','Hester','Klein','osinski.jerrold@example.org','70','0','2013-01-01 04:51:36','1997-03-09 04:16:37','ab5e2f12fceb02628d8bd4c478cd2e018b5f0d7b','898115'),
('71','Florencio','Bauch','luisa60@example.net','71','0','1973-04-11 04:56:09','2001-08-15 04:22:57','c425ef5fca001e582176e0f4fe07f2598a64747a','524587'),
('72','Nikolas','Wyman','xhagenes@example.net','72','0','1993-07-23 13:22:06','1991-10-12 17:50:06','68304151c25b4827dd238651178913b5caa44588','1'),
('73','Brayan','Hintz','monserrat26@example.net','73','1','1987-11-12 18:34:08','2009-06-21 07:22:14','60cbd71aebf31a0a8cd8a6607d56965491d2b9a9','0'),
('74','Jana','Christiansen','rachelle33@example.org','74','0','2002-08-09 14:23:40','2018-02-21 02:01:59','4912b38310e7c243fc76a36b56494ab289a90568','90'),
('75','Briana','Conroy','bahringer.elizabeth@example.com','75','1','2018-04-21 06:58:15','1970-08-07 04:56:05','6bccf3b96f80a0a86338247f8617596395ff96b0','1'),
('76','Florian','Johnson','piper.turner@example.org','76','0','2000-03-04 16:28:51','2019-09-07 04:36:27','0b21714a0a81f332414833ab66bf3e32faadaaca','1'),
('77','Kari','Blick','irma.bartell@example.org','77','0','1994-08-10 01:23:48','1984-06-16 07:56:53','7a719c8a1c676747320ec0037129b29187887890','809603'),
('78','Alek','Kunze','ohansen@example.com','78','0','2002-03-29 13:13:49','1993-06-04 03:50:24','7135bf8aced7c8ca744ccd3519cb90b2a9760d1d','0'),
('79','Consuelo','Crona','wprosacco@example.org','79','1','1992-09-04 05:22:21','2002-01-28 00:08:48','a9b91c271c30c52f2096e1cc7ace77685eaccfca','9399436822'),
('80','Claudine','Bruen','russ.ziemann@example.net','80','0','1973-06-11 12:49:44','1988-01-10 14:06:41','383b69e533cb61e479f8e29b864193dd12d03ec7','186004'),
('81','Benton','O\'Keefe','quigley.mortimer@example.org','81','1','1994-12-11 10:28:49','1981-03-17 20:52:02','5e23d1a42f3b1f04759bf9e049e55e201626e71f','738'),
('82','Raphael','Spencer','jewell.stracke@example.com','82','1','1994-05-28 05:35:40','2019-06-17 05:09:16','713128544cbfe94df84131d064582c0d25472777','204'),
('83','Lemuel','Schmidt','enid.cartwright@example.org','83','0','2001-02-26 12:25:52','1984-10-24 18:27:02','c6cdecebe949c171bf47b13d25a5827e9aa59170','413495'),
('84','Margarita','Kozey','afton.schuster@example.net','84','0','2015-07-02 09:50:41','1972-02-01 16:15:00','74c1bfc7ed336b116fbbf85ded74ceb968faaaca','0'),
('85','Kaitlin','Dicki','jeramie14@example.net','85','0','1972-07-09 10:49:32','1993-05-22 13:44:05','b61857148af807a53c7302484347acd0e0e162cf','930657'),
('86','Madison','Tremblay','pebert@example.net','86','1','2017-05-30 12:37:39','2002-09-20 05:27:32','b380bd9ff2bb9cefe815561c0ba1436ebc1776d8','8252173241'),
('87','Godfrey','Emmerich','padberg.florian@example.net','87','1','1981-01-29 15:15:19','1975-04-28 21:12:24','f8962a476fe7dd6686853da96c5de597231acab7','666216'),
('88','Mohamed','Marquardt','abby18@example.org','88','1','1970-09-29 15:17:38','1970-12-30 21:01:19','8a3932b3617738e1da9e55efb75aa48dc37d910d','1'),
('89','Quinn','Cormier','oda14@example.org','89','1','1992-04-07 02:11:01','2006-05-06 22:30:35','60882380cc3fdf39acbd277d52633c955bdbfed6','968103'),
('90','Mekhi','Hessel','hattie94@example.com','90','0','1974-05-08 06:55:58','2015-07-11 09:12:31','b765d72c94e774034ef4b115e44ba5260f18652d','432109'),
('91','Albin','Kuvalis','macey.cummerata@example.net','91','0','1998-04-24 08:32:35','2009-07-17 23:27:10','8bde910b94b4f8258113f355b0677917b8122380','0'),
('92','Norris','Maggio','brakus.edythe@example.net','92','1','1972-06-04 21:00:14','2015-11-11 11:10:28','fb4488f8510534e48530b57dd362b8bd8c7908fe','0'),
('93','Haven','Paucek','katarina63@example.com','93','0','1972-03-26 06:10:30','1987-10-02 22:45:30','fc3d3c8fc819190d6880f093aaf0e3055c95e840','5428466436'),
('94','Addie','Schiller','wchristiansen@example.org','94','0','1986-06-21 14:54:05','1997-05-18 07:26:28','022e35527ed707b564e61fd4d8f1fff40d29f97e','83'),
('95','Cletus','Roob','donnie.padberg@example.org','95','1','1977-07-26 09:30:06','1977-01-30 07:21:22','575f0537da4d2c3a81089b2ac3a4a2e2455a085b','4088835740'),
('96','Modesta','Aufderhar','xhegmann@example.org','96','1','1979-08-06 22:59:14','1983-07-26 00:15:02','b7cdf74afb39f2f3441ad54496491139b8e8d37b','1'),
('97','Arlo','Koepp','dicki.kathleen@example.net','97','1','1995-08-27 19:09:38','2015-12-05 12:23:18','6d1380a40249402f9d48aa27eff23ea3e2d12d1e','169'); 


DROP TABLE IF EXISTS `orders`;
CREATE TABLE `orders` (
  `id` bigint(20) unsigned NOT NULL AUTO_INCREMENT,
  `customer_id` bigint(20) unsigned NOT NULL,
  `status` enum('waiting pay','new','canceled','completed') NOT NULL,
  `created_at` datetime DEFAULT current_timestamp(),
  `updated_at` datetime NOT NULL DEFAULT current_timestamp() ON UPDATE current_timestamp(),
  PRIMARY KEY (`id`)
) ENGINE=InnoDB AUTO_INCREMENT=257 DEFAULT CHARSET=utf8;

INSERT INTO `orders` VALUES ('1','1','new','1983-01-18 00:42:17','2005-05-02 10:07:08'),
('2','2','waiting pay','2006-05-30 03:56:06','2003-06-23 21:06:28'),
('3','3','completed','2000-06-18 01:23:20','1980-02-02 04:47:03'),
('4','4','waiting pay','1983-08-16 05:23:14','2003-02-15 05:51:20'),
('5','5','waiting pay','1974-04-28 03:32:49','1976-07-03 21:02:34'),
('6','6','canceled','1980-04-15 21:29:07','2020-02-20 12:09:06'),
('7','7','canceled','2002-08-22 13:16:06','2012-02-06 13:23:40'),
('8','8','completed','1981-06-06 15:05:15','2008-06-11 14:23:06'),
('9','9','canceled','2002-11-09 20:50:03','1970-03-26 15:55:50'),
('10','10','new','1988-05-26 04:45:41','1984-12-26 03:32:15'),
('11','11','completed','2006-12-24 21:22:54','1970-04-19 22:09:02'),
('12','12','waiting pay','2001-09-21 02:40:34','1996-12-06 12:22:05'),
('13','13','canceled','1995-03-10 05:14:25','1973-09-18 05:14:00'),
('14','14','canceled','2012-04-01 20:33:18','1989-09-16 05:52:35'),
('15','15','canceled','1970-10-02 14:47:45','1984-05-28 09:51:03'),
('16','16','canceled','1993-12-13 12:34:00','2014-02-22 22:01:14'),
('17','17','canceled','1988-09-07 08:24:40','1999-12-01 05:04:47'),
('18','18','waiting pay','1981-04-03 11:34:29','1998-03-21 05:58:38'),
('19','19','waiting pay','1996-04-29 05:45:32','2004-07-20 22:33:48'),
('20','20','waiting pay','1999-09-20 05:14:27','2007-05-19 16:21:35'),
('21','21','new','1986-10-10 20:10:41','1975-05-27 08:47:55'),
('22','22','new','2001-08-23 06:45:57','2017-01-21 01:04:28'),
('23','23','completed','1974-06-05 08:08:42','1980-11-21 19:53:23'),
('24','24','canceled','1979-05-19 17:27:43','2006-12-20 23:53:19'),
('25','25','waiting pay','2018-05-29 14:51:08','1999-09-08 22:51:06'),
('26','26','canceled','1988-05-04 11:53:50','2007-05-10 09:15:14'),
('27','27','new','1996-07-11 14:24:44','2013-08-22 04:42:09'),
('28','28','completed','2011-07-27 00:47:46','2017-12-07 14:42:07'),
('29','29','new','1984-12-24 00:48:50','1984-02-28 21:09:34'),
('30','30','canceled','1974-11-28 03:29:28','1976-09-07 13:24:40'),
('31','31','new','2007-08-23 00:51:43','1996-11-08 20:25:42'),
('32','32','waiting pay','2009-11-27 18:39:09','2008-08-20 06:28:02'),
('33','33','canceled','1987-10-07 09:27:41','1995-12-25 16:10:39'),
('34','34','new','2008-05-23 07:56:26','2017-08-28 19:13:21'),
('35','35','waiting pay','2004-04-30 19:10:13','1978-05-01 03:56:32'),
('36','36','waiting pay','2010-12-28 05:13:25','1998-03-11 06:29:56'),
('37','37','canceled','1990-04-18 22:53:41','1975-01-14 22:11:18'),
('38','38','canceled','2003-03-26 04:56:01','1982-12-23 21:38:52'),
('39','39','canceled','2016-11-04 20:15:10','1973-12-21 13:59:04'),
('40','40','canceled','1978-08-13 15:11:56','2013-09-19 04:45:01'),
('41','41','new','1981-12-30 05:17:41','2005-02-12 20:57:03'),
('42','42','canceled','1974-03-28 03:39:40','2013-08-04 05:58:53'),
('43','43','canceled','1997-02-24 08:09:33','2016-08-31 00:16:15'),
('44','44','completed','2019-09-05 14:21:40','1997-02-16 11:05:02'),
('45','45','canceled','2003-03-11 08:35:27','1996-01-25 03:42:37'),
('46','46','waiting pay','2000-06-22 04:42:28','1976-01-24 09:10:51'),
('47','47','canceled','1977-09-30 17:33:33','2016-02-13 17:53:18'),
('48','48','completed','1990-03-29 18:14:58','2007-04-06 08:27:13'),
('49','49','canceled','2013-04-11 00:31:46','1975-02-09 03:07:50'),
('50','50','canceled','1989-06-22 14:54:53','2001-02-02 12:57:38'),
('51','51','waiting pay','2000-11-16 08:49:49','1993-08-21 15:52:11'),
('52','52','waiting pay','1981-02-25 12:53:10','1973-11-10 01:00:19'),
('53','53','completed','1970-05-17 04:02:54','1989-05-20 20:20:22'),
('54','54','new','1980-01-31 04:30:54','1971-11-02 03:30:40'),
('55','55','completed','2012-02-12 18:44:43','1971-07-27 13:42:35'),
('56','56','waiting pay','1986-07-24 15:50:30','1994-07-24 22:27:52'),
('57','57','completed','2010-06-10 06:08:14','1973-01-22 21:20:01'),
('58','58','completed','1977-02-19 22:00:48','1973-08-07 01:42:47'),
('59','59','completed','1981-09-05 18:05:23','2008-07-15 04:34:32'),
('60','60','new','1973-02-16 13:13:13','2012-09-17 13:00:18'),
('61','61','completed','1981-04-12 04:08:57','2016-05-05 18:28:11'),
('62','62','waiting pay','2001-07-23 17:27:41','2005-03-27 14:20:32'),
('63','63','completed','1985-02-28 02:52:34','2012-04-26 14:10:19'),
('64','64','new','1982-03-28 01:32:54','2019-03-21 00:16:12'),
('65','65','canceled','2001-10-24 09:05:06','1984-04-22 09:28:45'),
('66','66','completed','1972-02-14 18:14:36','1982-12-11 11:08:50'),
('67','67','canceled','2006-09-11 12:49:46','1975-06-05 06:36:42'),
('68','68','waiting pay','2006-09-10 04:21:15','2002-12-08 07:26:50'),
('69','69','new','2007-05-10 03:03:08','2014-08-12 03:38:07'),
('70','70','completed','2008-05-16 11:10:54','1972-11-07 23:32:37'),
('71','71','new','2016-04-21 01:38:40','1996-10-23 05:26:05'),
('72','72','new','1998-02-24 12:34:09','1976-12-13 07:42:06'),
('73','73','new','1997-07-10 13:05:18','2015-08-22 15:21:20'),
('74','74','new','2019-10-07 02:38:46','2008-08-18 01:47:53'),
('75','75','waiting pay','1972-03-21 07:39:19','1975-09-19 09:53:57'),
('76','76','new','1980-10-29 03:53:12','2002-06-18 07:55:48'),
('77','77','canceled','2017-05-25 16:31:23','1992-04-08 21:27:55'),
('78','78','new','1975-01-01 14:07:56','1998-04-01 12:56:37'),
('79','79','canceled','1971-09-03 12:51:46','1992-08-08 11:15:39'),
('80','80','new','1997-03-30 11:17:37','1984-04-10 05:55:17'),
('81','81','waiting pay','1979-09-04 12:31:28','2000-04-14 10:47:03'),
('82','82','waiting pay','1974-04-18 16:42:19','1976-09-26 08:56:07'),
('83','83','waiting pay','1994-09-27 12:57:59','1973-12-03 12:31:42'),
('84','84','completed','1991-04-29 21:57:16','2015-12-25 16:28:07'),
('85','85','canceled','1974-04-27 19:17:50','1991-07-10 14:59:35'),
('86','86','canceled','1997-07-09 10:10:30','1973-03-30 11:26:45'),
('87','87','canceled','1970-08-12 22:08:24','2005-12-09 03:10:13'),
('88','88','new','1977-01-08 22:03:36','1982-01-20 18:54:18'),
('89','89','completed','1987-06-16 16:26:23','1971-12-13 16:39:39'),
('90','90','completed','1997-11-24 17:42:48','1976-03-10 08:05:29'),
('91','91','completed','1996-03-11 09:11:40','2003-05-16 12:18:32'),
('92','92','new','2017-04-25 22:09:15','2008-05-05 11:46:39'),
('93','93','completed','1981-02-15 05:34:01','1981-06-15 15:06:53'),
('94','94','new','1998-04-17 11:40:01','1975-08-12 00:31:39'),
('95','95','new','2018-12-11 00:46:11','2020-05-02 07:50:25'),
('96','96','canceled','2006-04-13 14:58:28','2012-05-28 21:39:30'),
('97','97','completed','2014-09-05 21:00:14','2017-01-12 06:12:25'),
('98','1','canceled','1983-05-23 19:02:10','2007-11-30 20:36:02'),
('99','2','canceled','1972-01-13 06:24:03','2012-09-12 20:09:38'),
('100','3','completed','1993-12-18 22:08:51','1994-02-21 12:04:12'),
('101','4','canceled','2020-04-19 11:50:57','2013-10-09 17:50:12'),
('102','5','canceled','1981-03-26 21:53:21','1987-04-20 05:29:16'),
('103','6','completed','1992-07-11 16:11:21','2006-11-19 14:57:46'),
('104','7','canceled','1970-05-03 14:32:24','1996-03-31 19:54:16'),
('105','8','new','2016-01-11 22:43:29','2010-11-07 21:06:06'),
('106','9','canceled','2016-08-26 09:31:41','1995-03-15 12:06:01'),
('107','10','completed','1998-02-16 17:45:18','2014-08-31 11:49:25'),
('108','11','canceled','2013-05-12 08:03:44','1983-04-08 11:12:07'),
('109','12','new','1996-10-31 17:14:35','2006-06-23 11:08:26'),
('110','13','waiting pay','1983-05-24 15:20:36','1973-01-13 09:37:17'),
('111','14','completed','1996-07-26 20:41:10','2004-02-06 17:34:55'),
('112','15','completed','2008-03-23 04:03:45','1987-04-03 00:21:25'),
('113','16','completed','2015-06-23 17:41:34','2004-07-27 08:23:12'),
('114','17','canceled','1970-05-11 23:47:52','2006-01-03 10:14:21'),
('115','18','canceled','1981-08-12 09:27:28','1987-12-22 23:39:53'),
('116','19','waiting pay','2016-11-15 09:49:34','1991-07-09 05:07:12'),
('117','20','new','1982-01-07 11:38:36','2008-04-21 11:11:20'),
('118','21','canceled','1985-01-05 21:03:04','1984-11-13 08:12:45'),
('119','22','canceled','1996-04-03 02:27:46','1994-10-31 08:24:22'),
('120','23','new','1984-11-01 23:23:28','1987-09-23 11:57:11'),
('121','24','waiting pay','2020-01-09 04:23:38','1983-06-21 20:50:31'),
('122','25','canceled','2007-12-11 12:29:13','2011-05-04 20:05:43'),
('123','26','new','1973-09-17 10:26:57','2010-04-24 02:58:43'),
('124','27','canceled','1987-01-23 04:29:35','1998-04-22 18:58:59'),
('125','28','completed','2005-04-10 19:09:36','2001-10-09 07:58:35'),
('126','29','new','1987-12-15 04:10:08','1978-03-06 19:35:36'),
('127','30','completed','1974-05-16 15:47:53','1976-01-23 09:29:49'),
('128','31','new','1981-03-18 09:53:55','2012-05-05 07:56:27'),
('129','32','new','1998-10-30 06:27:54','2012-03-19 22:22:20'),
('130','33','canceled','1992-09-03 20:52:16','2012-08-24 22:41:09'),
('131','34','new','1983-04-10 05:33:02','1981-01-21 00:12:14'),
('132','35','new','1981-09-13 08:28:51','2011-01-31 05:48:40'),
('133','36','new','1970-12-07 13:12:15','1994-12-17 01:05:47'),
('134','37','new','2018-06-19 05:56:23','1974-05-24 01:58:23'),
('135','38','completed','2006-07-11 07:41:05','1976-12-08 11:43:17'),
('136','39','new','1996-12-22 22:26:10','2018-06-08 15:13:33'),
('137','40','new','1989-10-24 22:09:19','1974-06-09 21:28:02'),
('138','41','new','1986-06-09 05:09:20','2000-08-26 13:51:46'),
('139','42','canceled','1998-07-10 13:23:45','1983-06-27 22:21:58'),
('140','43','new','1993-01-31 02:50:27','2003-09-19 17:45:51'),
('141','44','waiting pay','2011-05-02 05:36:58','2008-07-23 10:26:24'),
('142','45','waiting pay','1987-10-06 21:03:34','1998-06-22 02:51:56'),
('143','46','canceled','1972-07-06 11:52:44','2010-12-03 11:46:09'),
('144','47','new','2000-12-08 00:17:04','1975-10-29 13:02:59'),
('145','48','new','2001-07-21 01:54:41','2003-11-07 04:43:13'),
('146','49','new','1975-08-14 20:56:28','1973-07-17 18:08:31'),
('147','50','completed','1979-12-27 05:24:24','1987-06-28 21:28:44'),
('148','51','completed','1996-08-29 07:51:11','2015-12-11 20:02:44'),
('149','52','completed','1981-02-18 21:09:13','1971-06-08 13:07:53'),
('150','53','waiting pay','1978-02-08 05:09:54','1976-01-24 19:21:00'),
('151','54','new','2003-06-05 18:09:49','2012-04-26 06:32:00'),
('152','55','completed','1994-07-01 22:20:00','1987-02-01 18:54:38'),
('153','56','waiting pay','1975-06-12 23:55:25','1993-03-04 08:56:42'),
('154','57','completed','2008-09-11 07:53:12','2016-12-31 05:26:53'),
('155','58','waiting pay','1994-03-23 22:24:14','1970-07-20 07:50:06'),
('156','59','completed','2007-05-18 00:39:44','1985-11-21 01:00:16'),
('157','60','waiting pay','2010-05-22 14:35:18','2006-05-18 17:32:24'),
('158','61','new','1989-06-20 17:26:20','2010-11-12 19:44:13'),
('159','62','canceled','1985-10-22 03:54:08','1971-11-20 07:05:31'),
('160','63','new','1980-07-21 06:58:09','1997-06-14 02:52:54'),
('161','64','canceled','2010-04-04 13:44:03','2015-09-05 15:04:59'),
('162','65','waiting pay','1972-08-21 20:07:47','1995-12-29 18:20:56'),
('163','66','canceled','2006-01-07 20:31:54','1993-10-24 18:46:33'),
('164','67','completed','2000-06-07 13:17:04','2006-11-23 13:43:45'),
('165','68','new','1984-04-22 12:37:49','2008-08-18 21:53:06'),
('166','69','waiting pay','1971-03-29 00:32:14','2019-05-22 11:49:31'),
('167','70','new','2015-10-29 05:17:21','1983-03-29 21:51:17'),
('168','71','new','1996-12-27 09:20:32','1991-08-27 20:41:54'),
('169','72','new','1972-07-21 10:57:46','2008-09-27 12:26:18'),
('170','73','new','2017-01-20 12:56:58','1997-11-24 21:23:18'),
('171','74','canceled','1986-10-18 08:05:22','2015-05-18 07:42:52'),
('172','75','completed','1980-03-05 01:42:00','2004-01-01 15:49:13'),
('173','76','new','2016-10-06 23:28:21','1973-08-10 21:31:37'),
('174','77','new','2006-11-20 23:52:00','1992-12-26 08:45:16'),
('175','78','canceled','1997-10-27 23:11:50','1972-06-28 18:24:42'),
('176','79','waiting pay','1970-04-01 11:09:18','1976-02-12 20:49:37'),
('177','80','new','1990-10-29 16:57:44','2017-09-14 22:47:23'),
('178','81','new','2009-09-28 23:01:09','1972-09-04 22:26:22'),
('179','82','canceled','1983-04-23 03:03:25','1976-07-19 11:23:40'),
('180','83','completed','2001-08-22 22:37:59','2007-10-27 10:55:03'),
('181','84','canceled','1999-05-11 03:35:34','1991-02-02 14:33:14'),
('182','85','new','1992-02-17 07:35:10','1976-01-19 13:31:45'),
('183','86','canceled','1972-08-18 14:40:18','1981-04-15 19:07:59'),
('184','87','waiting pay','1972-11-28 12:16:29','1974-03-04 03:58:41'),
('185','88','canceled','1991-09-01 22:07:26','2015-05-31 15:05:58'),
('186','89','new','2018-12-16 04:45:20','1974-07-02 04:30:23'),
('187','90','waiting pay','2005-11-21 20:05:41','2005-06-08 04:01:46'),
('188','91','waiting pay','1995-05-29 12:25:26','1993-03-10 14:20:58'),
('189','92','canceled','1982-01-30 11:13:56','2006-02-02 16:08:29'),
('190','93','waiting pay','2003-12-22 16:38:59','1997-02-17 17:31:42'),
('191','94','waiting pay','1996-07-17 11:56:45','1976-09-30 03:05:12'),
('192','95','canceled','2004-02-23 05:39:18','2016-01-27 03:38:49'),
('193','96','completed','1978-04-04 05:55:39','2003-07-19 11:47:33'),
('194','97','waiting pay','1978-03-27 02:57:36','1998-07-03 15:13:08'),
('195','1','waiting pay','1970-01-28 12:09:56','1970-11-19 16:41:47'),
('196','2','new','2020-01-16 04:28:22','2009-07-21 22:37:22'),
('197','3','completed','1971-04-01 23:28:16','2013-09-25 23:48:36'),
('198','4','new','1975-12-14 04:19:52','1991-12-15 10:01:44'),
('199','5','waiting pay','2006-07-05 10:08:50','1970-07-03 00:23:03'),
('200','6','waiting pay','2019-08-02 18:24:10','1982-10-14 05:53:15'),
('201','7','completed','2010-11-01 03:36:47','2015-12-09 22:22:14'),
('202','8','canceled','1971-11-06 15:08:50','1977-08-19 08:54:30'),
('203','9','new','1999-01-27 16:05:15','1977-04-20 15:22:40'),
('204','10','canceled','1972-04-14 09:46:14','2014-07-04 15:49:41'),
('205','11','new','1978-07-06 18:36:02','1998-02-14 13:51:35'),
('206','12','new','1972-08-14 16:23:42','2016-12-21 15:27:35'),
('207','13','completed','1974-06-05 17:39:17','1995-04-23 11:12:58'),
('208','14','waiting pay','1990-10-08 10:20:25','2011-07-21 16:17:13'),
('209','15','completed','2009-07-18 20:43:38','2009-05-17 07:08:43'),
('210','16','waiting pay','2004-01-12 00:19:40','1988-02-24 06:03:36'),
('211','17','canceled','2017-08-15 03:28:03','2016-07-26 10:25:40'),
('212','18','new','1971-11-13 16:26:28','2005-08-05 20:10:07'),
('213','19','canceled','2018-03-26 12:56:30','2011-01-03 18:00:46'),
('214','20','new','1995-09-03 06:33:20','2017-04-01 00:45:01'),
('215','21','completed','1970-03-31 22:48:45','1993-02-27 11:56:04'),
('216','22','completed','2006-07-20 18:40:52','2019-12-05 13:32:26'),
('217','23','canceled','2014-01-23 01:34:57','1992-10-22 05:44:04'),
('218','24','completed','1977-04-01 22:34:51','1984-01-29 16:43:46'),
('219','25','waiting pay','2015-06-07 23:08:38','2007-01-06 19:11:35'),
('220','26','waiting pay','1976-03-01 03:04:54','1994-04-12 14:44:32'),
('221','27','completed','2004-10-14 20:47:24','1978-01-03 06:45:34'),
('222','28','completed','1981-07-15 03:08:23','2018-03-01 20:41:28'),
('223','29','canceled','2009-02-07 01:32:13','1986-10-27 02:55:37'),
('224','30','completed','2012-01-20 14:25:16','1981-01-01 05:48:03'),
('225','31','waiting pay','2006-08-10 19:03:26','1979-05-26 02:40:56'),
('226','32','canceled','1990-10-19 01:20:44','1979-10-01 04:19:29'),
('227','33','completed','1975-12-27 16:25:33','2015-07-05 11:53:56'),
('228','34','completed','1985-11-24 07:32:14','2013-10-01 16:35:16'),
('229','35','waiting pay','2015-07-26 16:43:34','2017-05-24 11:02:39'),
('230','36','waiting pay','2018-03-20 05:06:53','1984-09-16 07:12:31'),
('231','37','new','1994-01-21 18:54:07','1973-02-14 02:47:49'),
('232','38','completed','1989-01-26 01:15:52','1976-06-01 09:45:14'),
('233','39','waiting pay','1996-06-21 16:44:15','1975-04-26 01:26:40'),
('234','40','canceled','2018-02-07 20:53:58','1991-01-06 00:40:57'),
('235','41','completed','2010-09-25 21:05:08','1979-06-23 22:28:28'),
('236','42','completed','2013-04-15 04:40:09','2020-05-31 18:16:34'),
('237','43','waiting pay','1992-05-31 19:58:24','1978-11-14 05:54:42'),
('238','44','waiting pay','1989-07-27 21:35:33','1985-03-11 05:02:26'),
('239','45','waiting pay','1983-03-09 06:10:20','1997-03-07 11:14:15'),
('240','46','completed','1981-11-20 02:38:36','2012-09-09 15:48:07'),
('241','47','completed','2012-07-12 09:23:59','1996-05-26 13:48:37'),
('242','48','waiting pay','1992-02-21 07:55:56','2009-11-22 02:34:20'),
('243','49','new','2006-11-24 18:30:48','1974-10-24 16:00:11'),
('244','50','new','2009-12-01 04:42:11','2004-05-03 22:11:33'),
('245','51','canceled','2017-06-17 21:54:08','1976-03-04 02:38:12'),
('246','52','completed','1985-06-25 20:05:49','2020-02-01 03:26:09'),
('247','53','canceled','2003-06-02 13:58:19','2006-03-16 22:26:37'),
('248','54','completed','1988-06-05 04:52:37','2013-12-25 02:36:37'),
('249','55','new','2005-11-09 20:27:47','1974-02-18 03:06:09'),
('250','56','waiting pay','2001-12-11 22:36:56','1992-01-12 18:41:33'),
('251','57','waiting pay','1994-03-03 15:59:45','2020-02-24 08:04:05'),
('252','58','completed','1984-02-21 19:53:42','1985-06-30 06:56:26'),
('253','59','waiting pay','2000-11-21 23:35:13','1973-06-15 02:48:05'),
('254','60','waiting pay','2002-11-20 02:22:37','2008-12-22 04:45:07'),
('255','61','new','1974-01-03 15:31:57','1977-12-18 03:53:48'),
('256','62','completed','1990-08-08 00:46:54','1978-04-25 11:17:22'); 


DROP TABLE IF EXISTS `orders2`;
CREATE TABLE `orders2` (
  `id` bigint(20) unsigned NOT NULL AUTO_INCREMENT,
  `customer_id` bigint(20) unsigned NOT NULL,
  `status` enum('waiting pay','new','canceled','completed') COLLATE utf8_unicode_ci NOT NULL,
  `created_at` datetime DEFAULT current_timestamp(),
  `updated_at` datetime DEFAULT current_timestamp() ON UPDATE current_timestamp(),
  PRIMARY KEY (`id`),
  UNIQUE KEY `id` (`id`),
  KEY `index_of_customer_id` (`customer_id`),
  CONSTRAINT `fk_or_prod_orders` FOREIGN KEY (`id`) REFERENCES `orders_products` (`order_id`) ON UPDATE CASCADE,
  CONSTRAINT `fk_orders_customers` FOREIGN KEY (`customer_id`) REFERENCES `customers` (`customer_id`) ON UPDATE CASCADE
) ENGINE=InnoDB AUTO_INCREMENT=1001 DEFAULT CHARSET=utf8 COLLATE=utf8_unicode_ci;



DROP TABLE IF EXISTS `orders_products`;
CREATE TABLE `orders_products` (
  `id` bigint(20) unsigned NOT NULL AUTO_INCREMENT,
  `order_id` bigint(20) unsigned DEFAULT NULL,
  `product_id` bigint(20) unsigned DEFAULT NULL,
  `total` decimal(11,2) DEFAULT NULL,
  `created_at` datetime DEFAULT current_timestamp(),
  `updated_at` datetime DEFAULT current_timestamp() ON UPDATE current_timestamp(),
  PRIMARY KEY (`id`),
  UNIQUE KEY `id` (`id`),
  KEY `index_of_product_id` (`order_id`),
  KEY `fk_or_prod_categ` (`product_id`),
  CONSTRAINT `fk_or_prod_categ` FOREIGN KEY (`product_id`) REFERENCES `products` (`id`) ON UPDATE CASCADE
) ENGINE=InnoDB AUTO_INCREMENT=342 DEFAULT CHARSET=utf8 COLLATE=utf8_unicode_ci;

INSERT INTO `orders_products` VALUES ('1','1','1',NULL,'1993-06-15 13:42:22','1981-09-20 02:12:25'),
('2','2','2',NULL,'1999-12-12 03:50:34','2019-09-28 08:44:15'),
('3','3','3',NULL,'2018-12-12 05:52:35','1979-08-26 15:48:40'),
('4','4','4',NULL,'1994-07-09 04:43:44','2008-09-24 15:44:22'),
('5','5','5',NULL,'1997-08-07 19:14:25','1973-03-07 21:04:26'),
('6','6','6',NULL,'2007-03-22 15:35:34','2003-08-26 10:49:17'),
('7','7','7',NULL,'1983-05-18 17:51:44','2017-09-26 14:30:05'),
('8','8','8',NULL,'1989-09-20 19:39:30','2011-01-02 08:45:07'),
('9','9','9',NULL,'2008-04-21 09:25:07','2005-03-26 06:28:09'),
('10','10','10',NULL,'1981-01-23 15:04:30','2018-04-03 19:35:52'),
('11','11','11',NULL,'1972-01-11 06:37:06','1982-05-02 10:12:11'),
('12','12','12',NULL,'1994-05-13 06:06:08','1989-12-09 20:10:42'),
('13','13','13',NULL,'1977-11-15 17:51:43','1983-06-04 05:23:10'),
('14','14','14',NULL,'2018-08-18 20:56:47','1996-04-02 01:21:56'),
('15','15','15',NULL,'1996-12-03 02:55:07','1990-07-02 15:27:18'),
('16','16','16',NULL,'1995-09-16 06:24:48','1993-02-19 08:30:12'),
('17','17','17',NULL,'2002-05-31 17:45:14','1978-02-23 20:20:10'),
('18','18','18',NULL,'1997-08-03 23:58:20','1973-04-03 23:01:18'),
('19','19','19',NULL,'1995-06-23 18:53:47','1998-12-16 22:23:28'),
('20','20','20',NULL,'1980-09-05 16:37:44','2020-02-25 13:00:22'),
('21','21','21',NULL,'1997-05-26 08:46:18','2016-07-18 00:21:18'),
('22','22','22',NULL,'2009-12-12 18:51:57','1983-04-11 18:54:48'),
('23','23','23',NULL,'2004-11-06 10:53:35','1993-06-06 05:00:17'),
('24','24','24',NULL,'2012-06-06 15:35:09','2008-11-07 21:43:40'),
('25','25','25',NULL,'1993-12-03 05:30:09','2003-05-08 03:26:15'),
('26','26','26',NULL,'1989-12-19 00:20:59','1997-10-04 12:27:21'),
('27','27','27',NULL,'2014-07-31 07:33:50','2010-05-25 18:58:12'),
('28','28','28',NULL,'1993-09-01 07:30:36','1972-11-29 07:01:25'),
('29','29','29',NULL,'1988-08-07 01:01:01','2001-10-06 07:28:27'),
('30','30','30',NULL,'1996-08-11 07:32:09','2014-05-29 19:17:00'),
('31','31','31',NULL,'1988-04-25 10:14:29','1977-06-02 04:19:20'),
('32','32','32',NULL,'2008-03-30 02:49:16','2019-05-23 20:31:09'),
('33','33','33',NULL,'1977-07-22 12:00:38','2008-10-19 06:53:11'),
('34','34','34',NULL,'2011-10-09 15:18:26','1982-11-13 16:52:48'),
('35','35','35',NULL,'1974-10-06 09:04:38','1989-06-25 07:51:07'),
('36','36','36',NULL,'1998-05-21 20:54:40','1976-12-24 16:22:14'),
('37','37','37',NULL,'2013-11-26 13:25:15','1980-08-09 16:47:43'),
('38','38','38',NULL,'1986-09-12 02:16:32','1998-04-10 19:02:04'),
('39','39','39',NULL,'1986-11-22 18:57:35','1986-04-20 11:11:31'),
('40','40','40',NULL,'1984-02-28 17:06:47','2002-12-20 09:24:02'),
('41','41','41',NULL,'1989-12-16 08:33:05','2019-11-09 16:58:17'),
('42','42','42',NULL,'2006-02-28 16:45:45','1981-09-27 21:59:18'),
('43','43','43',NULL,'1985-01-09 05:25:20','2018-09-30 06:46:47'),
('44','44','44',NULL,'1987-11-20 17:09:11','2011-08-12 20:52:14'),
('45','45','45',NULL,'2009-03-13 12:27:59','1973-09-15 17:50:42'),
('46','46','46',NULL,'1990-08-14 18:26:12','2011-05-21 17:07:40'),
('47','47','47',NULL,'1993-01-20 08:02:25','1991-05-08 02:53:11'),
('48','48','48',NULL,'1996-07-10 19:10:00','1984-11-09 06:38:08'),
('49','49','49',NULL,'2018-12-13 22:26:50','2004-07-30 09:43:48'),
('50','50','50',NULL,'1997-01-04 11:06:07','1980-02-16 21:26:14'),
('51','51','51',NULL,'2008-05-31 20:01:35','2014-05-04 00:25:55'),
('52','52','52',NULL,'1998-02-03 07:32:55','2004-09-13 03:40:51'),
('53','53','53',NULL,'2016-09-13 15:22:39','2010-06-15 08:18:42'),
('54','54','54',NULL,'1986-10-07 04:54:26','1984-10-22 13:50:40'),
('55','55','55',NULL,'1990-12-19 18:53:45','2001-08-01 01:40:32'),
('56','56','56',NULL,'1992-10-10 07:05:30','2003-04-07 23:02:33'),
('57','57','57',NULL,'1990-12-11 00:22:02','1981-10-29 10:29:39'),
('58','58','58',NULL,'1990-08-02 04:45:52','1997-03-17 07:22:21'),
('59','59','59',NULL,'1995-06-20 05:36:56','2012-05-08 01:36:55'),
('60','60','60',NULL,'1970-09-24 15:49:31','2010-11-15 02:22:36'),
('61','61','61',NULL,'2015-07-28 08:37:06','2017-09-23 06:06:46'),
('62','62','62',NULL,'1991-07-11 10:11:20','1975-10-05 04:49:48'),
('63','63','63',NULL,'1979-01-01 02:03:37','1983-01-26 07:15:10'),
('64','64','64',NULL,'2010-10-10 14:41:14','1995-04-11 04:32:28'),
('65','65','65',NULL,'2018-09-04 19:51:33','1973-02-27 14:01:11'),
('66','66','66',NULL,'1986-11-29 17:20:49','1980-05-10 12:19:34'),
('67','67','67',NULL,'1989-08-19 21:11:14','2003-07-28 11:52:05'),
('68','68','68',NULL,'2011-02-03 08:32:25','2007-03-15 12:56:38'),
('69','69','69',NULL,'1991-10-22 01:40:56','1994-08-31 00:46:23'),
('70','70','70',NULL,'2008-01-30 13:45:12','1979-08-24 17:27:44'),
('71','71','71',NULL,'1983-11-20 23:26:54','1971-05-20 03:37:52'),
('72','72','72',NULL,'1978-02-20 03:46:54','1992-07-16 01:55:41'),
('73','73','73',NULL,'2006-09-19 17:10:40','2018-02-12 00:41:05'),
('74','74','74',NULL,'1978-05-02 17:59:23','2004-12-01 22:23:29'),
('75','75','75',NULL,'1992-08-26 12:07:46','1992-11-16 16:12:42'),
('76','76','76',NULL,'2020-03-13 05:44:57','2010-02-15 01:53:57'),
('77','77','77',NULL,'1986-12-30 18:10:04','2005-01-16 22:46:38'),
('78','78','78',NULL,'1995-11-24 11:14:37','1974-09-02 21:27:36'),
('79','79','79',NULL,'1975-04-01 17:26:02','2017-02-17 14:56:28'),
('80','80','80',NULL,'2019-02-04 02:30:25','1976-05-27 15:38:24'),
('81','81','81',NULL,'1978-09-26 15:03:08','1987-05-22 20:08:32'),
('82','82','82',NULL,'1976-05-30 12:21:13','1988-07-09 23:46:39'),
('83','83','83',NULL,'1992-05-08 03:14:01','2017-02-18 03:04:43'),
('84','84','84',NULL,'1992-02-20 03:00:19','2019-02-22 11:34:07'),
('85','85','85',NULL,'2010-04-22 01:26:07','2002-03-22 05:46:27'),
('86','86','86',NULL,'1982-07-20 10:52:05','1991-09-08 13:45:03'),
('87','87','87',NULL,'1987-02-10 20:16:32','2003-06-14 10:15:20'),
('88','88','88',NULL,'1979-10-04 23:21:57','2003-11-17 15:37:21'),
('89','89','89',NULL,'1972-05-20 00:29:28','2009-01-21 05:22:18'),
('90','90','90',NULL,'1973-06-18 23:48:23','2004-12-06 11:54:16'),
('91','91','91',NULL,'1996-09-22 16:35:34','1993-09-10 22:10:41'),
('92','92','92',NULL,'2003-04-05 10:33:46','2003-04-18 12:47:32'),
('93','93','93',NULL,'1979-01-05 19:30:41','1994-06-14 13:36:43'),
('94','94','94',NULL,'1997-12-03 02:10:18','2011-06-03 12:53:05'),
('95','95','95',NULL,'1984-03-29 18:08:10','1996-07-22 10:10:39'),
('96','96','96',NULL,'1998-03-31 04:42:47','2012-07-30 05:28:17'),
('97','97','97',NULL,'2004-05-06 11:06:25','2011-08-10 01:34:20'),
('98','98','98',NULL,'1981-10-08 11:57:50','1993-05-30 17:00:25'),
('99','99','99',NULL,'2019-07-22 15:48:05','2001-03-21 06:42:16'),
('100','100','100',NULL,'1993-12-12 04:45:11','1976-10-01 06:48:20'),
('101','101','101',NULL,'1980-06-15 00:39:22','1997-03-17 14:36:15'),
('102','102','102',NULL,'2014-06-16 10:00:05','2013-02-02 15:28:08'),
('103','103','103',NULL,'2004-12-07 21:35:47','2019-04-11 02:08:04'),
('104','104','104',NULL,'1976-01-08 06:10:50','2013-02-18 20:52:07'),
('105','105','105',NULL,'1979-08-08 05:07:39','2011-10-03 09:33:51'),
('106','106','106',NULL,'1982-02-25 12:59:52','2000-12-31 01:47:35'),
('107','107','107',NULL,'1988-12-13 13:14:41','1995-12-07 08:33:27'),
('108','108','108',NULL,'1996-08-10 02:02:26','1976-02-27 01:30:57'),
('109','109','109',NULL,'2002-03-30 22:06:31','1973-03-14 16:08:27'),
('110','110','110',NULL,'1994-10-11 13:49:08','1971-12-31 14:41:01'),
('111','111','111',NULL,'2008-10-26 01:19:33','1995-05-23 15:12:02'),
('112','112','112',NULL,'1973-08-19 09:14:15','2006-10-29 08:23:15'),
('113','113','113',NULL,'1990-07-07 06:03:31','1986-09-04 15:53:00'),
('114','114','114',NULL,'2018-07-30 20:33:14','2010-11-18 02:42:16'),
('115','115','115',NULL,'1994-01-17 05:04:21','2004-08-02 08:17:42'),
('116','116','116',NULL,'1974-05-20 16:47:52','2012-03-15 11:20:05'),
('117','117','117',NULL,'1971-02-09 17:34:42','2018-04-14 07:56:22'),
('118','118','118',NULL,'1990-02-02 12:03:21','1976-09-22 07:22:57'),
('119','119','119',NULL,'1990-01-16 03:06:35','1970-07-02 07:36:26'),
('120','120','120',NULL,'1980-06-09 23:43:25','2006-12-08 17:44:50'),
('121','121','121',NULL,'1975-10-11 16:50:10','1998-08-06 02:31:33'),
('122','122','122',NULL,'2011-03-09 00:26:44','2005-01-31 21:37:43'),
('123','123','123',NULL,'1996-07-20 19:20:14','2000-03-30 18:13:54'),
('124','124','124',NULL,'1970-06-05 15:10:35','1996-05-20 08:58:26'),
('125','125','125',NULL,'2011-10-17 22:54:08','1993-11-15 05:04:39'),
('126','126','126',NULL,'2002-04-02 16:08:58','2012-03-22 21:40:06'),
('127','127','127',NULL,'1985-01-06 18:53:59','1995-03-26 15:25:10'),
('128','128','128',NULL,'1992-02-10 06:36:23','1998-07-16 20:44:56'),
('129','129','129',NULL,'1990-10-25 02:44:00','1993-01-09 02:20:09'),
('130','130','130',NULL,'1972-09-24 18:05:14','2009-11-27 10:27:23'),
('131','131','131',NULL,'2002-12-02 20:16:10','2005-09-20 22:31:31'),
('132','132','132',NULL,'1979-07-25 23:08:17','2013-09-23 01:54:39'),
('133','133','133',NULL,'2002-05-04 16:59:07','2015-01-29 03:07:21'),
('134','134','134',NULL,'1994-08-30 21:22:57','2016-03-01 18:12:36'),
('135','135','135',NULL,'1973-09-07 01:58:32','1973-10-29 22:10:58'),
('136','136','136',NULL,'2019-10-12 11:10:24','2006-10-07 17:25:22'),
('137','137','137',NULL,'1980-01-23 21:58:04','1994-02-05 11:06:01'),
('138','138','138',NULL,'1990-08-17 18:31:05','1985-08-11 13:41:53'),
('139','139','139',NULL,'1978-05-22 01:45:12','2012-08-17 16:19:24'),
('140','140','140',NULL,'2004-08-31 21:20:05','2000-09-07 07:32:38'),
('141','141','141',NULL,'2006-10-18 06:08:27','1994-04-29 23:21:49'),
('142','142','142',NULL,'2000-06-14 13:53:47','2006-03-11 17:15:57'),
('143','143','143',NULL,'2000-10-30 11:12:55','1986-01-10 22:13:42'),
('144','144','144',NULL,'2012-03-18 00:22:25','1975-01-28 21:33:52'),
('145','145','145',NULL,'1994-10-08 01:01:22','2003-10-05 07:46:13'),
('146','146','146',NULL,'1971-03-31 22:42:29','2006-06-25 21:06:25'),
('147','147','147',NULL,'1988-01-18 13:22:25','1975-04-12 09:55:26'),
('148','148','148',NULL,'1996-08-03 00:49:23','1992-04-11 09:44:02'),
('149','149','149',NULL,'2012-08-15 15:34:12','1983-03-26 08:03:36'),
('150','150','150',NULL,'1999-10-20 22:36:03','1986-06-09 11:12:28'),
('151','151','151',NULL,'1997-03-27 14:39:08','2006-04-15 16:05:21'),
('152','152','152',NULL,'1982-11-29 07:21:32','1992-11-29 05:06:58'),
('153','153','153',NULL,'1994-09-24 01:25:53','1976-07-09 04:17:50'),
('154','154','154',NULL,'2010-06-06 17:30:15','2015-04-04 13:49:28'),
('155','155','155',NULL,'1974-08-18 07:59:32','1976-04-03 04:01:54'),
('156','156','156',NULL,'2009-07-11 16:51:24','1984-07-29 04:30:07'),
('157','157','157',NULL,'1994-04-24 10:31:16','1995-08-10 18:40:03'),
('158','158','158',NULL,'1972-08-18 07:17:18','1974-04-18 04:45:15'),
('159','159','159',NULL,'2019-11-15 23:37:44','1984-02-15 22:57:01'),
('160','160','160',NULL,'1989-04-20 04:45:56','1984-09-05 23:36:40'),
('161','161','161',NULL,'1991-03-13 22:13:19','1976-04-02 23:19:30'),
('162','162','162',NULL,'2002-06-25 05:13:15','2017-09-22 21:14:51'),
('163','163','163',NULL,'1988-12-26 17:42:43','1981-01-26 11:09:13'),
('164','164','164',NULL,'2013-06-22 10:47:17','1994-06-17 20:16:19'),
('165','165','165',NULL,'2010-10-24 01:29:58','1997-08-27 22:10:30'),
('166','166','166',NULL,'2005-05-19 03:26:43','1973-12-08 00:45:07'),
('167','167','167',NULL,'1985-01-08 16:56:26','2018-07-20 07:36:48'),
('168','168','168',NULL,'2018-04-11 00:47:04','1977-04-18 17:57:25'),
('169','169','169',NULL,'1983-07-20 05:16:59','2008-10-18 05:05:59'),
('170','170','170',NULL,'2010-02-17 13:42:18','1988-07-24 21:52:27'),
('171','171','171',NULL,'1980-05-13 17:04:44','2002-08-30 11:08:53'),
('172','172','172',NULL,'1996-05-25 12:50:41','1991-04-20 17:39:33'),
('173','173','173',NULL,'2012-03-02 05:56:04','2005-01-20 14:32:09'),
('174','174','174',NULL,'1974-08-30 11:48:53','1991-12-16 00:19:50'),
('175','175','175',NULL,'1977-03-27 19:24:07','1976-02-12 02:47:52'),
('176','176','176',NULL,'1973-05-04 07:31:32','2010-09-14 15:48:29'),
('177','177','177',NULL,'1979-10-17 03:55:58','1975-05-05 10:16:43'),
('178','178','178',NULL,'1984-11-10 18:28:55','1990-02-11 22:54:28'),
('179','179','179',NULL,'2007-11-29 16:31:06','1972-10-12 04:30:14'),
('180','180','180',NULL,'1971-01-24 20:46:56','1993-03-06 10:41:43'),
('181','181','181',NULL,'1984-02-20 14:22:42','1977-06-01 02:53:58'),
('182','182','182',NULL,'1998-02-11 04:26:10','2017-04-16 08:38:08'),
('183','183','183',NULL,'2015-03-17 16:06:06','1983-07-09 01:40:06'),
('184','184','184',NULL,'2005-10-08 23:13:22','2012-11-26 12:18:37'),
('185','185','185',NULL,'1986-05-19 09:29:17','2001-10-22 14:15:09'),
('186','186','186',NULL,'2006-05-16 10:21:24','1979-12-17 07:47:52'),
('187','187','187',NULL,'2017-02-28 07:04:43','1987-02-25 00:25:35'),
('188','188','188',NULL,'1983-07-11 19:28:33','2008-10-01 17:03:46'),
('189','189','189',NULL,'1978-10-06 12:33:51','1986-06-26 00:15:10'),
('190','190','190',NULL,'1988-12-18 00:04:08','1971-06-25 01:25:56'),
('191','191','191',NULL,'1997-05-17 22:42:37','1970-07-22 22:16:24'),
('192','192','192',NULL,'2014-07-16 09:09:04','2003-11-11 14:50:32'),
('193','193','193',NULL,'1975-02-10 17:48:46','1972-06-30 15:29:34'),
('194','194','194',NULL,'2001-10-26 11:31:56','1974-02-20 20:09:27'),
('195','195','195',NULL,'2003-03-16 18:26:21','1984-02-17 14:24:30'),
('196','196','196',NULL,'1988-03-23 10:18:49','2004-05-14 00:59:32'),
('197','197','197',NULL,'1989-04-04 16:04:13','2019-11-26 21:39:39'),
('198','198','198',NULL,'1986-10-12 20:42:59','1989-11-04 13:50:40'),
('199','199','199',NULL,'2004-11-09 22:11:19','1992-01-19 10:28:11'),
('200','200','200',NULL,'2020-04-12 02:10:08','1980-06-26 00:30:52'),
('201','201','201',NULL,'1970-02-06 10:27:05','1994-08-28 10:53:20'),
('202','202','202',NULL,'2006-07-13 15:35:58','2004-08-04 16:46:16'),
('203','203','203',NULL,'1988-08-26 17:23:40','2012-01-01 00:45:10'),
('204','204','204',NULL,'1985-03-19 11:32:10','2005-11-16 21:30:31'),
('205','205','205',NULL,'1984-06-25 10:42:08','1999-06-04 20:03:32'),
('206','206','206',NULL,'1984-02-18 14:50:35','1973-02-08 04:30:13'),
('207','207','207',NULL,'1982-04-21 05:21:45','2009-11-25 10:50:14'),
('208','208','208',NULL,'1989-04-06 08:29:53','2008-03-12 09:36:21'),
('209','209','209',NULL,'1985-10-31 00:04:00','1991-11-17 07:40:18'),
('210','210','210',NULL,'2013-07-25 14:44:38','1975-03-22 19:56:45'),
('211','211','211',NULL,'1975-03-25 08:57:51','1977-11-11 20:53:10'),
('212','212','212',NULL,'1984-08-23 01:34:17','1972-01-13 15:57:40'),
('213','213','213',NULL,'1972-08-15 02:49:13','2006-05-08 23:42:47'),
('214','214','214',NULL,'2018-07-21 01:35:33','2001-02-10 22:41:39'),
('215','215','215',NULL,'2015-04-21 13:22:48','2002-08-29 01:44:11'),
('216','216','216',NULL,'1980-03-03 16:38:44','2010-03-16 18:15:08'),
('217','217','217',NULL,'1972-11-16 04:58:34','2008-12-03 01:04:33'),
('218','218','218',NULL,'2001-12-08 20:11:10','1977-02-14 01:49:29'),
('219','219','219',NULL,'2019-09-06 00:23:22','1989-09-11 09:19:07'),
('220','220','220',NULL,'1990-04-17 22:25:38','1996-05-14 04:48:28'),
('221','221','221',NULL,'1971-01-23 20:09:59','1980-01-02 09:14:17'),
('222','222','222',NULL,'1993-07-16 13:18:14','1982-01-13 05:24:11'),
('223','223','223',NULL,'2004-02-28 02:25:35','1991-04-23 03:07:26'),
('224','224','224',NULL,'2005-03-08 01:10:55','1986-06-11 20:35:20'),
('225','225','225',NULL,'1997-01-28 09:04:52','1984-10-23 09:21:07'),
('226','226','226',NULL,'2007-10-27 01:24:58','1970-12-14 21:11:07'),
('227','227','227',NULL,'1977-12-23 04:00:32','1974-09-20 10:03:05'),
('228','228','228',NULL,'1972-09-20 10:15:17','1994-11-21 21:56:20'),
('229','229','229',NULL,'1990-05-23 23:55:15','2008-08-18 15:13:23'),
('230','230','230',NULL,'2001-05-12 19:52:28','1982-06-30 02:30:28'),
('231','231','231',NULL,'2014-07-25 22:52:33','1996-02-08 16:33:16'),
('232','232','232',NULL,'1983-12-26 05:36:01','1976-12-24 03:04:58'),
('233','233','233',NULL,'2001-08-21 16:09:10','2004-02-20 21:39:14'),
('234','234','234',NULL,'2006-10-24 18:02:21','2011-03-04 04:12:42'),
('235','235','235',NULL,'1977-03-22 07:12:55','1984-06-25 10:04:19'),
('236','236','236',NULL,'1976-09-17 07:31:26','1983-02-22 15:38:33'),
('237','237','237',NULL,'1981-03-14 07:51:16','1976-01-09 17:37:39'),
('238','238','238',NULL,'1970-04-16 15:03:14','1974-11-13 08:30:01'),
('239','239','239',NULL,'2001-06-14 03:19:33','2014-09-19 03:40:22'),
('240','240','240',NULL,'1999-12-22 06:44:01','1996-05-08 21:10:38'),
('241','241','241',NULL,'1980-08-22 23:25:47','1970-08-14 07:24:00'),
('242','242','242',NULL,'2007-11-01 09:36:23','2001-05-03 03:26:31'),
('243','243','243',NULL,'2012-01-13 11:16:26','1974-08-31 21:13:34'),
('244','244','244',NULL,'1994-12-12 23:50:37','1982-01-30 02:30:34'),
('245','245','245',NULL,'1977-11-21 13:48:33','1989-07-01 22:21:11'),
('246','246','246',NULL,'2014-05-26 12:15:13','2013-11-22 07:40:02'),
('247','247','247',NULL,'1980-12-22 17:10:17','2013-03-18 20:54:52'),
('248','248','248',NULL,'2015-08-30 19:23:10','1978-04-14 13:11:35'),
('249','249','249',NULL,'2000-10-30 02:35:58','1987-12-07 20:52:14'),
('250','250','250',NULL,'1976-12-08 23:19:09','1984-05-10 08:30:11'),
('251','251','251',NULL,'2009-05-02 14:31:17','1983-09-19 08:35:15'),
('252','252','252',NULL,'1993-06-28 02:56:06','2013-04-03 19:11:00'),
('253','253','253',NULL,'2003-07-06 05:12:55','2002-03-02 14:15:20'),
('254','254','254',NULL,'1997-12-09 11:12:42','1995-12-16 20:07:32'),
('255','255','255',NULL,'2018-10-05 05:05:46','1993-05-11 16:00:23'),
('256','256','256',NULL,'2004-10-26 15:42:38','1977-12-28 10:36:32'),
('257','1','257',NULL,'2001-03-29 01:49:37','1974-11-11 04:35:13'),
('258','2','258',NULL,'2002-12-28 15:42:30','2003-10-17 13:02:12'),
('259','3','259',NULL,'2013-04-16 14:00:59','1971-09-18 19:47:33'),
('260','4','260',NULL,'2010-12-27 13:05:56','1987-11-11 13:28:25'),
('261','5','261',NULL,'1992-07-12 14:08:40','2015-02-23 15:12:30'),
('262','6','262',NULL,'2001-03-14 05:01:08','2015-04-09 15:56:12'),
('263','7','263',NULL,'1982-06-01 00:43:09','1986-03-31 23:56:59'),
('264','8','264',NULL,'2015-05-01 06:19:25','2016-06-27 10:29:40'),
('265','9','265',NULL,'1978-11-12 04:13:55','1973-01-27 22:09:33'),
('266','10','266',NULL,'2003-02-16 00:59:40','1981-01-24 12:38:30'),
('267','11','267',NULL,'1986-08-29 22:36:34','1972-02-09 05:00:56'),
('268','12','268',NULL,'2011-11-05 11:51:38','1987-12-18 23:40:06'),
('269','13','269',NULL,'2004-06-18 06:54:38','1974-09-03 18:52:06'),
('270','14','270',NULL,'1983-12-09 22:58:11','2015-02-23 22:04:22'),
('271','15','271',NULL,'1984-03-22 02:42:16','1984-12-24 13:27:38'),
('272','16','272',NULL,'1994-12-23 08:04:25','2010-05-10 14:19:38'),
('273','17','273',NULL,'1980-07-03 07:04:53','1973-03-06 09:29:25'),
('274','18','274',NULL,'2005-07-13 19:29:42','2012-05-02 08:38:58'),
('275','19','275',NULL,'1998-02-10 15:34:31','2012-10-02 01:53:36'),
('276','20','276',NULL,'1971-07-18 15:39:39','1995-12-02 20:22:17'),
('277','21','277',NULL,'2007-02-21 00:16:24','2009-05-17 14:14:56'),
('278','22','278',NULL,'1970-01-06 15:50:55','2012-10-06 23:25:38'),
('279','23','279',NULL,'1991-01-17 12:19:46','2013-07-12 06:01:44'),
('280','24','280',NULL,'2002-09-19 04:15:47','2020-01-23 17:04:28'),
('281','25','281',NULL,'1992-06-22 04:09:39','1982-09-05 11:13:29'),
('282','26','282',NULL,'1979-05-09 19:46:09','1975-10-03 03:00:39'),
('283','27','283',NULL,'1982-12-13 17:18:48','1975-04-02 02:39:14'),
('284','28','284',NULL,'1991-05-25 19:51:55','1973-08-23 08:57:24'),
('285','29','285',NULL,'1976-05-07 11:13:19','1989-06-08 23:45:48'),
('286','30','286',NULL,'1998-06-02 12:30:06','2010-08-18 13:43:32'),
('287','31','287',NULL,'1999-06-21 13:28:18','1984-01-04 04:30:29'),
('288','32','288',NULL,'1991-09-29 05:20:39','2016-02-07 05:54:30'),
('289','33','289',NULL,'1992-08-02 12:59:21','1995-10-25 08:38:42'),
('290','34','290',NULL,'1981-03-18 00:31:15','1980-08-11 08:11:45'),
('291','35','291',NULL,'1995-02-01 15:35:35','1987-04-29 03:29:52'),
('292','36','292',NULL,'1983-09-08 17:23:06','1972-02-17 23:00:58'),
('293','37','293',NULL,'1974-03-25 16:02:14','2010-03-03 17:25:44'),
('294','38','294',NULL,'1996-10-15 01:22:43','1982-10-23 01:47:50'),
('295','39','295',NULL,'2012-04-08 03:09:55','1982-04-23 02:05:54'),
('296','40','296',NULL,'1974-04-21 20:46:49','1997-09-18 17:23:37'),
('297','41','297',NULL,'2004-05-26 23:08:31','1977-12-05 14:30:32'),
('298','42','298',NULL,'2003-09-07 20:02:16','1975-08-05 12:09:27'),
('299','43','299',NULL,'1995-08-27 02:50:00','2011-11-05 22:01:33'),
('300','44','300',NULL,'1996-12-31 23:44:04','1979-08-11 04:37:27'),
('301','45','301',NULL,'2009-12-04 11:28:48','1992-01-30 08:50:33'),
('302','46','302',NULL,'1982-03-19 03:13:53','2012-08-14 21:06:59'),
('303','47','303',NULL,'1998-06-07 04:46:55','1970-07-07 03:49:47'),
('304','48','304',NULL,'1996-09-11 07:25:11','1971-04-19 19:08:31'),
('305','49','305',NULL,'1998-12-16 02:48:15','1985-06-08 17:05:35'),
('306','50','306',NULL,'1992-04-26 04:16:05','2001-08-18 12:25:02'),
('307','51','307',NULL,'2004-10-11 06:12:00','1992-04-29 16:35:26'),
('308','52','308',NULL,'2005-01-30 08:39:11','2008-02-25 05:39:52'),
('309','53','309',NULL,'1983-09-02 04:59:37','2019-04-01 16:13:22'),
('310','54','310',NULL,'1997-09-13 21:37:32','1981-03-24 05:24:27'),
('311','55','311',NULL,'2006-05-05 02:50:00','2005-09-20 19:36:28'),
('312','56','312',NULL,'1985-10-08 04:53:21','1975-03-28 07:29:53'),
('313','57','313',NULL,'2004-01-27 00:31:28','1977-07-24 05:54:35'),
('314','58','314',NULL,'2017-05-12 21:48:20','1998-11-01 09:14:28'),
('315','59','315',NULL,'1979-08-31 16:32:36','1986-01-07 18:38:04'),
('316','60','316',NULL,'2002-11-11 18:37:38','2016-03-09 23:46:56'),
('317','61','317',NULL,'1992-11-20 00:02:25','2019-03-24 11:32:18'),
('318','62','318',NULL,'1994-07-12 09:03:37','2010-11-20 19:12:38'),
('319','63','319',NULL,'1979-10-09 16:04:14','2001-04-10 20:57:14'),
('320','64','320',NULL,'1997-11-14 12:32:52','2013-06-01 02:19:01'),
('321','65','321',NULL,'2019-06-29 08:49:23','2005-10-21 04:51:28'),
('322','66','322',NULL,'1979-11-03 11:48:46','1972-05-19 22:35:26'),
('323','67','323',NULL,'2001-10-24 00:14:26','1992-04-16 06:47:37'),
('324','68','324',NULL,'2009-07-28 23:59:47','2009-09-21 08:25:28'),
('325','69','325',NULL,'2009-05-11 10:15:34','1988-12-30 07:46:29'),
('326','70','326',NULL,'1980-08-18 00:51:08','1992-01-15 19:35:42'),
('327','71','327',NULL,'1972-09-15 12:15:39','2016-09-07 20:18:25'),
('328','72','328',NULL,'1975-06-06 22:52:38','2007-05-13 21:13:48'),
('329','73','329',NULL,'2012-08-18 07:16:55','1995-06-13 22:11:00'),
('330','74','330',NULL,'2002-09-22 19:20:59','2018-03-22 17:58:56'),
('331','75','331',NULL,'1997-02-03 02:57:02','1981-09-04 17:29:11'),
('332','76','332',NULL,'1982-08-23 00:21:26','2011-01-19 23:53:49'),
('333','77','333',NULL,'1989-05-26 18:45:25','2006-11-06 08:43:40'),
('334','78','334',NULL,'1971-05-02 16:11:07','2005-08-21 21:18:02'),
('335','79','335',NULL,'1979-02-04 09:12:39','1976-05-28 09:28:44'),
('336','80','336',NULL,'1973-02-25 11:03:10','2001-09-20 17:23:03'),
('337','81','337',NULL,'2016-12-01 16:25:38','1992-10-11 19:04:35'),
('338','82','338',NULL,'1993-12-16 02:54:38','1998-12-07 00:59:24'),
('339','83','339',NULL,'1977-10-06 02:22:59','2000-06-01 09:45:11'),
('340','84','340',NULL,'2006-06-29 09:10:58','1987-04-09 22:58:11'),
('341','85','341',NULL,'1991-12-06 09:40:27','1976-04-30 00:19:26'); 


DROP TABLE IF EXISTS `products`;
CREATE TABLE `products` (
  `id` bigint(20) unsigned NOT NULL AUTO_INCREMENT,
  `name` varchar(255) COLLATE utf8_unicode_ci DEFAULT NULL COMMENT 'Íàçâàíèå',
  `desription` text COLLATE utf8_unicode_ci DEFAULT NULL COMMENT 'Îïèñàíèå',
  `price` decimal(11,2) DEFAULT NULL COMMENT 'Öåíà',
  `quantity` int(11) NOT NULL COMMENT 'Êîëè÷åñòâî',
  `category_id` bigint(20) unsigned DEFAULT NULL,
  `created_at` datetime DEFAULT current_timestamp(),
  `updated_at` datetime DEFAULT current_timestamp() ON UPDATE current_timestamp(),
  PRIMARY KEY (`id`),
  KEY `index_of_category_id` (`category_id`),
  CONSTRAINT `fk_products_categories` FOREIGN KEY (`category_id`) REFERENCES `categories` (`category_id`) ON UPDATE CASCADE
) ENGINE=InnoDB AUTO_INCREMENT=501 DEFAULT CHARSET=utf8 COLLATE=utf8_unicode_ci;

INSERT INTO `products` VALUES ('1','totam','First, however, she went to school every day--\' \'I\'VE been to a shriek, \'and just as she spoke, but no result seemed to be Involved in this way! Stop this moment, I tell you!\' But she went hunting.','0.00','4','1','1980-03-24 03:47:11','1995-07-07 15:17:42'),
('2','consequuntur','The only things in the air. Even the Duchess to play croquet.\' The Frog-Footman repeated, in the morning, just time to go, for the moment he was speaking, so that altogether, for the next witness.','71948.00','1','2','1989-09-17 14:51:38','1997-06-20 04:31:53'),
('3','aliquid','Has lasted the rest of the jury consider their verdict,\' the King and the pattern on their throne when they hit her; and the Mock Turtle sang this, very slowly and sadly:-- \'\"Will you walk a little.','510.00','4','3','2019-02-19 18:40:30','1999-10-21 11:27:03'),
('4','et','I\'ve kept her waiting!\' Alice felt a little different. But if I\'m not the smallest notice of her own ears for having missed their turns, and she swam about, trying to invent something!\' \'I--I\'m a.','31.00','8','4','1971-11-20 02:12:07','1981-11-06 06:32:44'),
('5','ut','NOT be an old Turtle--we used to read fairy-tales, I fancied that kind of thing never happened, and now here I am to see what was the White Rabbit read:-- \'They told me you had been jumping about.','185116183.00','6','5','2016-06-24 17:49:25','2020-03-18 09:30:19'),
('6','non','Alice replied, rather shyly, \'I--I hardly know, sir, just at present--at least I know all sorts of things--I can\'t remember half of anger, and tried to beat time when she heard a little while,.','0.00','1','6','1987-12-15 01:08:49','1998-12-02 20:49:51'),
('7','sed','It was the fan she was dozing off, and she was trying to find any. And yet I don\'t keep the same tone, exactly as if he were trying which word sounded best. Some of the guinea-pigs cheered, and was.','58308.00','9','7','1972-10-30 21:04:56','2006-09-13 14:59:09'),
('8','et','I wonder if I can go back by railway,\' she said to the table to measure herself by it, and finding it very hard indeed to make SOME change in my size; and as for the Duchess and the little golden.','0.00','1','8','2019-11-03 23:16:47','2018-07-02 06:47:36'),
('9','tenetur','Bill! I wouldn\'t be in Bill\'s place for a minute or two, looking for it, she found to be no use speaking to a farmer, you know, this sort of way, \'Do cats eat bats? Do cats eat bats, I wonder?\' And.','834674.00','1','9','2020-01-24 08:37:50','2014-01-14 08:07:08'),
('10','fugiat','I to do?\' said Alice. The King laid his hand upon her arm, with its arms and legs in all their simple sorrows, and find a pleasure in all their simple joys, remembering her own children. \'How should.','4111148.00','6','10','1992-01-17 23:26:46','2002-10-04 03:09:04'),
('11','odio','Mock Turtle in a solemn tone, only changing the order of the soldiers did. After these came the royal children; there were three little sisters--they were learning to draw, you know--\' (pointing.','28.00','2','1','1978-01-07 05:57:59','2004-07-15 10:19:47'),
('12','corrupti','Laughing and Grief, they used to do:-- \'How doth the little golden key, and Alice\'s first thought was that she ought to be told so. \'It\'s really dreadful,\' she muttered to herself, \'if one only knew.','0.00','7','2','2004-03-24 07:26:53','1976-09-19 23:51:43'),
('13','molestiae','I don\'t remember where.\' \'Well, it must make me larger, it must be a LITTLE larger, sir, if you hold it too long; and that if something wasn\'t done about it in a very truthful child; \'but little.','415991.00','6','3','1993-04-05 07:53:12','2005-11-05 00:47:47'),
('14','explicabo','She pitied him deeply. \'What is his sorrow?\' she asked the Mock Turtle, who looked at Alice, as the Lory hastily. \'I thought it had struck her foot! She was a little timidly: \'but it\'s no use in.','6504719.00','7','4','2012-03-04 03:08:16','1998-01-13 09:36:07'),
('15','eligendi','The only things in the kitchen that did not get hold of its mouth, and addressed her in a shrill, loud voice, and see that queer little toss of her little sister\'s dream. The long grass rustled at.','824.00','7','5','1975-09-15 13:53:32','1988-07-31 23:39:51'),
('16','delectus','I should have croqueted the Queen\'s hedgehog just now, only it ran away when it saw mine coming!\' \'How do you know what \"it\" means.\' \'I know what \"it\" means.\' \'I know what to do with you. Mind now!\'.','39131.00','1','6','1990-08-16 20:10:20','1979-10-15 13:00:03'),
('17','velit','Five and Seven said nothing, but looked at the number of cucumber-frames there must be!\' thought Alice. The poor little juror (it was Bill, I fancy--Who\'s to go among mad people,\' Alice remarked..','37328908.00','3','7','1993-09-14 18:35:51','2015-12-06 22:02:02'),
('18','in','King, and the whole window!\' \'Sure, it does, yer honour: but it\'s an arm, yer honour!\' (He pronounced it \'arrum.\') \'An arm, you goose! Who ever saw one that size? Why, it fills the whole she thought.','19088.00','4','8','1983-08-17 08:48:38','1987-05-18 09:42:27'),
('19','et','Dodo replied very politely, \'if I had it written down: but I hadn\'t gone down that rabbit-hole--and yet--and yet--it\'s rather curious, you know, and he poured a little hot tea upon its forehead (the.','0.00','6','9','1985-04-28 09:03:43','1982-01-15 13:48:50'),
('20','optio','I COULD NOT SWIM--\" you can\'t swim, can you?\' he added, turning to Alice. \'Nothing,\' said Alice. \'I mean what I should have croqueted the Queen\'s absence, and were quite silent, and looked at her.','4466212.00','7','10','1976-09-08 16:25:09','1990-06-14 23:03:42'),
('21','voluptatum','Dormouse sulkily remarked, \'If you didn\'t sign it,\' said Alice, rather alarmed at the flowers and the other was sitting between them, fast asleep, and the Gryphon interrupted in a soothing tone:.','0.00','8','1','2007-01-10 06:31:46','1999-08-23 02:17:43'),
('22','eveniet','Caterpillar sternly. \'Explain yourself!\' \'I can\'t help that,\' said the Rabbit noticed Alice, as she could, \'If you please, sir--\' The Rabbit started violently, dropped the white kid gloves in one.','10682657.00','9','2','1989-03-31 07:19:57','1986-02-17 01:31:57'),
('23','magnam','I think?\' he said in a thick wood. \'The first thing she heard a little startled by seeing the Cheshire Cat sitting on the bank--the birds with draggled feathers, the animals with their heads!\' and.','58.00','9','3','1979-12-18 09:15:49','1988-07-13 13:02:06'),
('24','dolores','I shall fall right THROUGH the earth! How funny it\'ll seem to dry me at home! Why, I wouldn\'t be in Bill\'s place for a good opportunity for making her escape; so she went on in a minute, trying to.','1133718.00','7','4','2008-04-27 16:58:47','2013-01-27 16:18:13'),
('25','doloribus','ME,\' but nevertheless she uncorked it and put back into the garden. Then she went slowly after it: \'I never went to the conclusion that it ought to be ashamed of yourself for asking such a very.','36560.00','4','5','2019-04-15 09:45:29','2019-09-20 14:35:21'),
('26','quia','But do cats eat bats?\' and sometimes, \'Do bats eat cats?\' for, you see, as she spoke. Alice did not get dry again: they had any sense, they\'d take the roof was thatched with fur. It was all.','705505100.00','4','6','1981-02-24 15:27:42','1993-09-23 04:40:37'),
('27','omnis','I am now? That\'ll be a letter, after all: it\'s a very small cake, on which the cook had disappeared. \'Never mind!\' said the White Rabbit, \'but it doesn\'t matter much,\' thought Alice, and her face in.','0.00','9','7','2001-07-18 03:02:11','2012-11-14 15:59:04'),
('28','provident','The long grass rustled at her as she could. \'The game\'s going on within--a constant howling and sneezing, and every now and then dipped suddenly down, so suddenly that Alice could hear the words:--.','639286892.00','5','8','1984-02-23 07:20:56','1986-11-22 06:20:26'),
('29','est','After a time she had forgotten the words.\' So they got settled down again, the Dodo solemnly presented the thimble, looking as solemn as she fell past it. \'Well!\' thought Alice \'without pictures or.','9.00','6','9','2010-06-27 06:07:59','2014-07-08 19:11:28'),
('30','quia','IN the well,\' Alice said nothing; she had asked it aloud; and in another minute the whole pack rose up into a large one, but the great hall, with the tea,\' the Hatter went on, \'you throw the--\' \'The.','98.00','1','10','1989-12-21 01:47:24','2011-09-28 13:45:13'),
('31','temporibus','The pepper when he pleases!\' CHORUS. \'Wow! wow! wow!\' \'Here! you may nurse it a bit, if you were down here with me! There are no mice in the sun. (IF you don\'t explain it is to do so. \'Shall we try.','61.00','8','1','2019-11-07 08:55:36','2001-06-27 22:30:11'),
('32','qui','Caterpillar sternly. \'Explain yourself!\' \'I can\'t explain it,\' said the Gryphon: and Alice was soon left alone. \'I wish the creatures argue. It\'s enough to try the thing at all. However, \'jury-men\'.','5850.00','2','2','2007-01-13 09:19:02','1980-06-09 11:52:32'),
('33','nihil','IT TO BE TRUE--\" that\'s the queerest thing about it.\' (The jury all brightened up again.) \'Please your Majesty,\' he began. \'You\'re a very pretty dance,\' said Alice hastily; \'but I\'m not the right.','474280552.00','3','3','1973-08-20 15:07:50','1990-02-20 17:44:58'),
('34','minima','Rabbit noticed Alice, as she stood still where she was near enough to look through into the garden at once; but, alas for poor Alice! when she caught it, and they can\'t prove I did: there\'s no use.','0.00','8','4','2000-06-18 12:16:55','2012-06-13 23:13:31'),
('35','eos','At last the Mouse, frowning, but very glad to get through the doorway; \'and even if my head would go anywhere without a moment\'s pause. The only things in the other: the only difficulty was, that.','0.00','9','5','1983-07-10 18:11:25','1987-10-26 23:46:20'),
('36','non','I could let you out, you know.\' It was, no doubt: only Alice did not appear, and after a pause: \'the reason is, that there\'s any one of them at dinn--\' she checked herself hastily, and said \'What.','97.00','6','6','1970-01-24 07:11:47','2001-02-14 03:45:19'),
('37','quibusdam','Alice, \'a great girl like you,\' (she might well say this), \'to go on in these words: \'Yes, we went to work at once took up the other, looking uneasily at the frontispiece if you could only see her..','234.00','9','7','1984-04-21 16:43:03','1981-11-13 05:33:55'),
('38','ad','Mock Turtle yawned and shut his eyes.--\'Tell her about the twentieth time that day. \'That PROVES his guilt,\' said the March Hare said--\' \'I didn\'t!\' the March Hare. \'Then it ought to go with the.','668.00','4','8','2019-12-01 13:03:51','1983-07-27 21:26:30'),
('39','aut','Rabbit\'s voice along--\'Catch him, you by the way I want to go! Let me think: was I the same thing,\' said the Caterpillar, and the turtles all advance! They are waiting on the top of its mouth, and.','12.00','9','9','2017-03-16 08:46:10','2010-03-25 14:58:53'),
('40','expedita','VERY nearly at the mushroom for a few minutes, and she felt that it might belong to one of the lefthand bit of the e--e--evening, Beautiful, beauti--FUL SOUP!\' \'Chorus again!\' cried the Mouse,.','0.00','9','10','2006-02-23 03:05:23','2007-05-20 22:23:44'),
('41','fuga','Dodo suddenly called out to the shore. CHAPTER III. A Caucus-Race and a bright idea came into her eyes--and still as she spoke, but no result seemed to her that she let the Dormouse followed him:.','5799.00','6','1','1996-12-06 03:58:58','1990-06-13 01:45:04'),
('42','magni','Alice called after her. \'I\'ve something important to say!\' This sounded promising, certainly: Alice turned and came flying down upon their faces, and the pattern on their backs was the fan she was.','33660875.00','9','2','1977-02-20 08:00:27','2007-11-19 23:28:20'),
('43','impedit','She took down a large arm-chair at one corner of it: \'No room! No room!\' they cried out when they met in the distance, screaming with passion. She had already heard her voice sounded hoarse and.','7804.00','2','3','1997-11-28 21:19:59','1991-10-20 04:03:12'),
('44','vel','I give you fair warning,\' shouted the Gryphon, with a shiver. \'I beg your pardon!\' cried Alice again, for really I\'m quite tired of sitting by her sister was reading, but it is.\' \'Then you keep.','775629.00','8','4','2014-04-05 03:41:37','2003-08-25 03:02:26'),
('45','et','Gryphon interrupted in a very difficult question. However, at last came a little now and then, if I might venture to say \"HOW DOTH THE LITTLE BUSY BEE,\" but it did not feel encouraged to ask them.','822.00','8','5','2009-09-02 17:13:51','2016-04-02 11:16:45'),
('46','cupiditate','Now I growl when I\'m pleased, and wag my tail when it\'s angry, and wags its tail when I\'m angry. Therefore I\'m mad.\' \'I call it purring, not growling,\' said Alice. \'Come on, then,\' said Alice, who.','0.00','3','6','1989-02-09 14:47:00','2013-08-29 04:21:10'),
('47','ut','Alice in a great hurry. \'You did!\' said the King. \'Then it ought to tell you--all I know who I WAS when I find a pleasure in all their simple sorrows, and find a pleasure in all directions, \'just.','77.00','5','7','2019-08-07 19:54:42','1978-11-20 09:42:56'),
('48','veritatis','I\'d taken the highest tree in the sea. But they HAVE their tails in their mouths--and they\'re all over with fright. \'Oh, I beg your pardon,\' said Alice indignantly, and she went on, \'you throw.','18765392.00','1','8','2013-06-27 09:06:23','1972-10-31 20:24:46'),
('49','et','After a while she remembered trying to make it stop. \'Well, I\'d hardly finished the goose, with the birds hurried off at once, with a little snappishly. \'You\'re enough to look about her other little.','14296.00','7','9','2013-09-30 18:16:26','2001-07-07 12:03:53'),
('50','expedita','And the moral of that is--\"The more there is of finding morals in things!\' Alice thought this must ever be A secret, kept from all the jurymen on to the heads of the tail, and ending with the time,\'.','59728736.00','4','10','1998-08-03 10:51:31','2012-01-05 23:00:52'),
('51','omnis','March Hare. \'Yes, please do!\' but the Rabbit angrily. \'Here! Come and help me out of THIS!\' (Sounds of more energetic remedies--\' \'Speak English!\' said the King, the Queen, who were giving it.','411.00','2','1','2014-05-09 10:46:27','2014-07-05 06:37:27'),
('52','fuga','I learn music.\' \'Ah! that accounts for it,\' said the Caterpillar sternly. \'Explain yourself!\' \'I can\'t go no lower,\' said the last few minutes, and she felt that there was nothing on it (as she had.','568865540.00','1','2','1983-09-17 13:33:25','2007-06-10 19:32:17'),
('53','et','Alice said very politely, \'for I never knew whether it was the BEST butter, you know.\' \'Not at all,\' said Alice: \'allow me to sell you a couple?\' \'You are not attending!\' said the Cat. \'--so long as.','359839.00','3','3','1972-02-09 17:51:46','1988-07-26 07:52:26'),
('54','ut','Duchess: you\'d better ask HER about it.\' (The jury all brightened up at the mushroom for a minute or two she walked down the bottle, she found it advisable--\"\' \'Found WHAT?\' said the Caterpillar..','34.00','9','4','2007-09-24 15:25:02','1971-08-13 16:43:18'),
('55','ullam','Dormouse shook its head to hide a smile: some of the trial.\' \'Stupid things!\' Alice thought to herself, as she swam lazily about in all directions, \'just like a candle. I wonder what was on the.','0.00','5','5','1994-09-04 16:03:37','1991-03-14 03:20:27'),
('56','nam','Half-past one, time for dinner!\' (\'I only wish it was,\' he said. \'Fifteenth,\' said the Gryphon, sighing in his throat,\' said the Dodo managed it.) First it marked out a box of comfits, (luckily the.','69.00','5','6','2006-05-10 06:08:48','2019-09-13 20:11:34'),
('57','harum','Hatter: \'as the things get used to do:-- \'How doth the little--\"\' and she was dozing off, and found quite a conversation of it at all; and I\'m I, and--oh dear, how puzzling it all is! I\'ll try if I.','372406.00','4','7','2005-09-04 11:29:52','2018-02-08 18:48:33'),
('58','voluptatem','Alice. \'Of course it was,\' the March Hare. \'It was a very decided tone: \'tell her something worth hearing. For some minutes it seemed quite dull and stupid for life to go down the little door: but,.','84051.00','4','8','1986-09-21 02:49:44','2017-12-05 21:20:53'),
('59','voluptatibus','Alice had not gone (We know it was addressed to the other paw, \'lives a March Hare. \'Sixteenth,\' added the Queen. \'Well, I can\'t be Mabel, for I know all the way to explain it is you hate--C and D,\'.','74083.00','3','9','1974-08-30 13:51:01','1971-09-11 05:26:06'),
('60','facere','King added in a melancholy way, being quite unable to move. She soon got it out to sea as you go to on the look-out for serpents night and day! Why, I do wonder what I eat\" is the reason so many.','34605258.00','9','10','2014-03-15 06:15:38','1977-12-15 18:13:46'),
('61','ea','Rabbit coming to look through into the garden. Then she went on, without attending to her; \'but those serpents! There\'s no pleasing them!\' Alice was beginning very angrily, but the Dormouse go on in.','67885511.00','1','1','1993-11-08 16:06:20','1970-03-19 23:04:29'),
('62','dolore','Alice. \'Come, let\'s try Geography. London is the same thing as \"I sleep when I grow up, I\'ll write one--but I\'m grown up now,\' she said, without opening its eyes, for it to speak first, \'why your.','4583888.00','4','2','1987-06-14 17:53:50','2010-12-14 12:37:44'),
('63','qui','I COULD NOT SWIM--\" you can\'t help it,\' said Alice, seriously, \'I\'ll have nothing more happened, she decided to remain where she was, and waited. When the procession came opposite to Alice, very.','726.00','2','3','2008-08-26 19:27:58','2009-01-15 04:23:19'),
('64','similique','Alice, they all spoke at once, while all the same, the next verse.\' \'But about his toes?\' the Mock Turtle is.\' \'It\'s the stupidest tea-party I ever heard!\' \'Yes, I think you\'d better leave off,\'.','5598451.00','3','4','1994-05-31 23:36:16','2015-09-29 01:41:25'),
('65','possimus','I say,\' the Mock Turtle: \'crumbs would all come wrong, and she hastily dried her eyes immediately met those of a bottle. They all sat down again into its eyes again, to see the Hatter replied. \'Of.','63658937.00','7','5','2013-06-30 13:21:13','2011-05-23 01:11:00'),
('66','optio','And will talk in contemptuous tones of the pack, she could even make out what it was: she was trying to put everything upon Bill! I wouldn\'t be so stingy about it, and on it but tea. \'I don\'t even.','94.00','6','6','2008-09-24 16:43:22','1994-03-12 18:02:47'),
('67','et','I hadn\'t gone down that rabbit-hole--and yet--and yet--it\'s rather curious, you know, upon the other guinea-pig cheered, and was going off into a line along the course, here and there was mouth.','0.00','3','7','2003-11-18 23:46:14','1979-11-11 11:31:33'),
('68','harum','White Rabbit returning, splendidly dressed, with a sigh: \'it\'s always tea-time, and we\'ve no time she\'d have everybody executed, all round. (It was this last remark, \'it\'s a vegetable. It doesn\'t.','779221.00','1','8','1983-06-12 06:28:37','1991-04-28 20:59:38'),
('69','minima','The jury all wrote down all three to settle the question, and they went on in a trembling voice to a farmer, you know, this sort of way, \'Do cats eat bats?\' and sometimes, \'Do bats eat cats?\' for,.','563.00','3','9','1994-02-23 03:36:58','2009-06-13 11:47:17'),
('70','eos','Alice, a good deal frightened at the house, and wondering whether she could not think of any one; so, when the Rabbit came near her, about four feet high. \'I wish I hadn\'t begun my tea--not above a.','191719.00','9','10','2014-01-06 18:08:38','2005-12-21 23:47:16'),
('71','blanditiis','Five! Don\'t go splashing paint over me like that!\' He got behind him, and very neatly and simply arranged; the only one who got any advantage from the shock of being upset, and their curls got.','79.00','4','1','1978-02-21 10:04:41','2015-11-19 13:38:45'),
('72','accusantium','As she said to the Cheshire Cat sitting on a three-legged stool in the chimney close above her: then, saying to herself \'Now I can listen all day about it!\' Last came a rumbling of little birds and.','803.00','6','2','1970-12-10 02:37:50','1971-03-25 11:06:28'),
('73','sed','I don\'t know,\' he went on, turning to Alice, that she had somehow fallen into the earth. Let me think: was I the same thing as \"I sleep when I breathe\"!\' \'It IS a Caucus-race?\' said Alice; \'but a.','61936.00','8','3','1978-01-12 04:20:44','2018-03-25 17:19:17'),
('74','pariatur','The Queen had only one who had meanwhile been examining the roses. \'Off with his nose Trims his belt and his buttons, and turns out his toes.\' [later editions continued as follows The Panther took.','1987289.00','1','4','1976-02-26 05:01:26','2001-03-01 03:32:50'),
('75','saepe','After these came the guests, mostly Kings and Queens, and among them Alice recognised the White Rabbit blew three blasts on the table. \'Nothing can be clearer than THAT. Then again--\"BEFORE SHE HAD.','4815307.00','5','5','2003-05-24 10:19:50','2002-08-08 16:05:22'),
('76','iure','King said to herself. (Alice had no idea how confusing it is all the time she went on, \'I must be on the bank, and of having nothing to what I like\"!\' \'You might just as she had grown up,\' she said.','807164.00','6','6','1989-04-30 19:03:49','1984-01-12 14:42:49'),
('77','ut','There seemed to think to herself, \'after such a capital one for catching mice--oh, I beg your pardon!\' said the Cat again, sitting on the same age as herself, to see a little worried. \'Just about as.','623186.00','3','7','2013-12-27 16:49:09','1998-06-04 10:44:43'),
('78','eaque','The Mouse gave a little bird as soon as she spoke; \'either you or your head must be the right word) \'--but I shall remember it in with the day of the moment she felt sure she would get up and rubbed.','95.00','2','8','1978-09-21 19:48:38','2009-05-07 14:40:31'),
('79','ducimus','There was a very pretty dance,\' said Alice timidly. \'Would you tell me, please, which way she put them into a sort of way to explain it is you hate--C and D,\' she added in an offended tone, \'Hm! No.','88.00','7','9','2001-06-12 13:37:02','1992-04-18 03:56:00'),
('80','ad','Queen shouted at the Mouse\'s tail; \'but why do you call it purring, not growling,\' said Alice. \'I wonder what they said. The executioner\'s argument was, that if something wasn\'t done about it in.','80934.00','8','10','1986-02-14 15:41:43','1972-04-03 19:14:45'),
('81','voluptatem','Hatter with a shiver. \'I beg pardon, your Majesty,\' the Hatter went on, turning to Alice as she added, to herself, \'in my going out altogether, like a frog; and both footmen, Alice noticed, had.','34810811.00','6','1','1991-06-05 09:38:28','1984-02-02 01:20:43'),
('82','facere','Then they all stopped and looked at them with the other: the Duchess began in a moment: she looked up, and reduced the answer to it?\' said the Cat. \'Do you take me for his housemaid,\' she said to.','54972.00','1','2','1995-05-08 09:25:24','1976-02-21 11:06:11'),
('83','voluptatem','No, no! You\'re a serpent; and there\'s no name signed at the frontispiece if you wouldn\'t mind,\' said Alice: \'allow me to him: She gave me a good deal: this fireplace is narrow, to be ashamed of.','949715.00','5','3','1984-06-02 00:44:18','2019-03-14 15:47:57'),
('84','et','I declare it\'s too bad, that it would all wash off in the morning, just time to see what was coming. It was as much use in crying like that!\' said Alice indignantly. \'Let me alone!\' \'Serpent, I say.','33165817.00','5','4','1974-01-25 09:41:05','2011-05-29 17:11:07'),
('85','natus','Her first idea was that it led into a doze; but, on being pinched by the White Rabbit: it was a dead silence instantly, and neither of the others all joined in chorus, \'Yes, please do!\' pleaded.','97288701.00','5','5','2015-08-01 11:07:51','2003-09-10 19:54:48'),
('86','qui','Dodo solemnly presented the thimble, looking as solemn as she could, and soon found an opportunity of adding, \'You\'re looking for eggs, I know is, something comes at me like that!\' He got behind.','89.00','7','6','2000-11-24 09:06:16','1998-11-06 04:10:23'),
('87','nostrum','Lory, with a trumpet in one hand and a sad tale!\' said the King, and the blades of grass, but she got into it), and sometimes she scolded herself so severely as to bring but one; Bill\'s got to the.','8944.00','8','7','1973-05-09 02:17:24','2004-06-30 09:33:18'),
('88','voluptates','King said, with a cart-horse, and expecting every moment to be no use denying it. I suppose you\'ll be telling me next that you never tasted an egg!\' \'I HAVE tasted eggs, certainly,\' said Alice, in a.','322547.00','7','8','1994-06-28 00:06:30','1981-04-27 13:27:39'),
('89','provident','IS it to annoy, Because he knows it teases.\' CHORUS. (In which the words \'DRINK ME,\' but nevertheless she uncorked it and put it to the seaside once in her face, with such sudden violence that Alice.','719498597.00','7','9','1984-08-09 14:28:40','1978-06-26 14:36:29'),
('90','dicta','Alice replied: \'what\'s the answer?\' \'I haven\'t opened it yet,\' said the King. \'I can\'t help that,\' said Alice. \'I mean what I should say what you mean,\' said Alice. \'And where HAVE my shoulders got.','7.00','8','10','1998-03-31 05:11:13','1987-08-19 06:03:45'),
('91','voluptate','Duchess and the fan, and skurried away into the jury-box, and saw that, in her pocket) till she had looked under it, and very soon found an opportunity of saying to her ear, and whispered \'She\'s.','1740.00','5','1','2004-03-04 10:14:04','1980-03-28 22:42:23'),
('92','odit','March Hare, \'that \"I like what I eat\" is the capital of Paris, and Paris is the same age as herself, to see the Queen. \'I haven\'t opened it yet,\' said Alice; \'you needn\'t be so kind,\' Alice replied,.','27.00','3','2','2005-06-04 17:03:29','1974-02-19 18:52:49'),
('93','expedita','Pray, what is the same year for such a thing. After a time there were a Duck and a piece of bread-and-butter in the face. \'I\'ll put a white one in by mistake; and if I would talk on such a new pair.','66.00','1','3','1971-06-22 15:43:42','1988-03-15 05:17:19'),
('94','voluptas','I think I can creep under the door; so either way I\'ll get into the darkness as hard as she swam nearer to make SOME change in my own tears! That WILL be a great deal too far off to the jury, of.','55.00','7','4','1998-04-07 03:09:16','2000-04-17 04:03:27'),
('95','omnis','Alice went on again:-- \'I didn\'t write it, and found in it about four feet high. \'I wish I hadn\'t begun my tea--not above a week or so--and what with the Mouse to tell me who YOU are, first.\' \'Why?\'.','42759.00','5','5','1996-04-28 02:54:34','1971-09-22 18:59:47'),
('96','et','YOU.--Come, I\'ll take no denial; We must have been that,\' said the Dormouse; \'--well in.\' This answer so confused poor Alice, that she had never forgotten that, if you want to go! Let me see: that.','0.00','1','6','2000-11-23 21:02:54','1983-07-31 15:22:28'),
('97','magnam','Alice, (she had grown up,\' she said to herself; \'the March Hare took the opportunity of saying to herself, \'Why, they\'re only a mouse that had fallen into it: there were three gardeners instantly.','33.00','5','7','1979-05-26 16:40:04','2008-04-21 05:10:52'),
('98','pariatur','Alice. It looked good-natured, she thought: still it was in such a curious appearance in the house till she got to do,\' said the Mock Turtle, \'Drive on, old fellow! Don\'t be all day to day.\' This.','646.00','9','8','2005-07-27 12:34:00','1993-12-24 12:09:33'),
('99','velit','When the pie was all about, and crept a little bottle on it, or at least one of them even when they saw her, they hurried back to them, and then keep tight hold of anything, but she stopped hastily,.','275173.00','1','9','1975-06-08 06:29:23','1980-05-31 04:08:39'),
('100','voluptatem','You see the Mock Turtle: \'why, if a fish came to the table for it, while the rest of it at all; and I\'m I, and--oh dear, how puzzling it all is! I\'ll try if I must, I must,\' the King said, with a.','442.00','2','10','2011-12-31 23:03:37','2017-05-28 06:42:20'),
('101','sit','Oh dear! I wish you would seem to dry me at home! Why, I wouldn\'t be in Bill\'s place for a minute, while Alice thought decidedly uncivil. \'But perhaps he can\'t help it,\' said the Gryphon. \'It\'s all.','546.00','1','1','2006-11-17 01:59:09','2016-03-12 06:26:45'),
('102','neque','I shall be a book written about me, that there ought! And when I was thinking I should think!\' (Dinah was the fan she was not an encouraging opening for a dunce? Go on!\' \'I\'m a poor man, your.','219.00','5','2','2005-11-25 02:53:53','2002-09-17 18:11:19'),
('103','at','I used to say.\' \'So he did, so he did,\' said the King; and the whole party swam to the executioner: \'fetch her here.\' And the Gryphon replied very politely, \'for I can\'t understand it myself to.','480612.00','7','3','1979-05-26 09:29:06','2014-03-23 21:29:20'),
('104','labore','Gryphon; and then the different branches of Arithmetic--Ambition, Distraction, Uglification, and Derision.\' \'I never said I didn\'t!\' interrupted Alice. \'You must be,\' said the King, \'unless it was.','387532.00','8','4','1971-11-30 17:26:06','1989-10-24 10:27:58'),
('105','et','Don\'t let me help to undo it!\' \'I shall be punished for it flashed across her mind that she hardly knew what she was losing her temper. \'Are you content now?\' said the Dormouse; \'--well in.\' This.','502286.00','5','5','1991-07-21 01:43:21','1977-12-16 10:04:22'),
('106','quo','Mouse in the distance. \'Come on!\' cried the Mouse, in a sorrowful tone, \'I\'m afraid I don\'t take this young lady tells us a story!\' said the Gryphon. \'Then, you know,\' said the Duchess: you\'d better.','523553.00','6','6','1975-07-16 22:10:45','1984-06-08 18:26:30'),
('107','ratione','Queen. \'Sentence first--verdict afterwards.\' \'Stuff and nonsense!\' said Alice very meekly: \'I\'m growing.\' \'You\'ve no right to grow here,\' said the Mock Turtle said: \'advance twice, set to work at.','52155900.00','9','7','2010-04-25 09:55:03','1977-05-22 19:19:02'),
('108','quis','I used to it in a mournful tone, \'he won\'t do a thing before, and he poured a little shaking among the trees as well go back, and see that queer little toss of her sister, as well wait, as she did.','9.00','5','8','2007-09-01 18:44:15','2002-08-13 12:47:32'),
('109','dolores','I should be raving mad--at least not so mad as it was out of sight, he said in a whisper.) \'That would be as well as she stood looking at the stick, running a very poor speaker,\' said the White.','2.00','7','9','2012-08-10 10:54:14','2019-03-05 02:25:25'),
('110','magni','Gryphon. \'Of course,\' the Gryphon added \'Come, let\'s hear some of YOUR business, Two!\' said Seven. \'Yes, it IS his business!\' said Five, \'and I\'ll tell him--it was for bringing the cook and the.','88.00','7','10','1987-06-27 12:44:35','1991-07-17 23:34:06'),
('111','quam','VERY long claws and a Dodo, a Lory and an Eaglet, and several other curious creatures. Alice led the way, and nothing seems to like her, down here, and I\'m I, and--oh dear, how puzzling it all came.','6324162.00','5','1','2007-12-13 22:28:31','2011-08-18 08:05:11'),
('112','iusto','THE.','48.00','6','2','1996-02-17 11:22:25','1985-10-17 02:10:11'),
('113','autem','Forty-two. ALL PERSONS MORE THAN A MILE HIGH TO LEAVE THE COURT.\' Everybody looked at her, and she put it. She stretched herself up on to the door. \'Call the next question is, what did the Dormouse.','772721364.00','1','3','1996-10-10 05:23:02','1998-02-14 19:48:00'),
('114','in','I want to get through was more than three.\' \'Your hair wants cutting,\' said the Mock Turtle drew a long hookah, and taking not the same, the next witness. It quite makes my forehead ache!\' Alice.','0.00','9','4','1972-04-21 12:00:28','2013-03-07 03:30:02'),
('115','nulla','MUST be more to be Number One,\' said Alice. \'Why, there they lay on the twelfth?\' Alice went on growing, and very soon finished off the fire, and at last turned sulky, and would only say, \'I am.','442403.00','6','5','1986-12-29 17:40:06','1975-08-13 03:48:17'),
('116','repellendus','Pigeon had finished. \'As if it makes me grow smaller, I can go back by railway,\' she said to the Mock Turtle went on, \'\"--found it advisable to go from here?\' \'That depends a good deal: this.','2683.00','2','6','1999-03-12 12:54:40','2001-01-15 19:36:15'),
('117','unde','Lobster Quadrille is!\' \'No, indeed,\' said Alice. \'Nothing WHATEVER?\' persisted the King. \'It began with the tarts, you know--\' \'But, it goes on \"THEY ALL RETURNED FROM HIM TO YOU,\"\' said Alice..','982.00','1','7','1997-10-05 18:10:31','2001-08-24 15:30:21'),
('118','sed','Number One,\' said Alice. \'Exactly so,\' said Alice. \'Nothing WHATEVER?\' persisted the King. Here one of the wood to listen. The Fish-Footman began by producing from under his arm a great crowd.','343.00','3','8','2007-10-28 08:52:37','1993-03-02 00:19:58'),
('119','odit','Pat, what\'s that in the after-time, be herself a grown woman; and how she would catch a bat, and that\'s very like having a game of play with a yelp of delight, and rushed at the other, trying every.','944.00','7','9','2018-05-17 03:01:35','2015-08-06 17:26:44'),
('120','ut','Queen till she heard was a table in the trial one way of settling all difficulties, great or small. \'Off with their hands and feet at the righthand bit again, and Alice called out as loud as she.','1.00','2','10','2001-11-05 09:17:31','2012-06-03 08:21:10'),
('121','omnis','Alice\'s first thought was that it was the only difficulty was, that if something wasn\'t done about it just at present--at least I mean what I used to know. Let me think: was I the same as the hall.','92949.00','1','1','2003-12-22 19:22:39','1993-06-07 00:20:53'),
('122','eos','The Caterpillar was the same words as before, \'and things are \"much of a treacle-well--eh, stupid?\' \'But they were IN the well,\' Alice said very politely, feeling quite pleased to have got in your.','0.00','9','2','1994-07-11 09:52:21','1982-03-27 18:51:58'),
('123','et','I\'LL soon make you a couple?\' \'You are old,\' said the King hastily said, and went on at last, and they repeated their arguments to her, And mentioned me to sell you a song?\' \'Oh, a song, please, if.','544.00','9','3','2019-03-04 07:45:46','2000-09-30 17:20:37'),
('124','cupiditate','Trims his belt and his friends shared their never-ending meal, and the White Rabbit, who was talking. Alice could see, when she went on, half to herself, as she ran. \'How surprised he\'ll be when he.','49.00','9','4','2020-04-15 20:24:27','1986-07-27 15:02:42'),
('125','voluptatem','King, \'and don\'t be particular--Here, Bill! catch hold of it; so, after hunting all about for a minute, trying to box her own children. \'How should I know?\' said Alice, whose thoughts were still.','9035.00','9','5','1982-05-06 16:38:15','2011-06-04 21:37:24'),
('126','et','ME.\' \'You!\' said the King; and as it was as steady as ever; Yet you finished the goose, with the dream of Wonderland of long ago: and how she would get up and ran off, thinking while she was playing.','1375378.00','3','6','1983-10-16 00:36:46','2000-07-11 19:05:19'),
('127','est','Hatter, and here the conversation a little. \'\'Tis so,\' said the Duchess; \'and that\'s the jury, who instantly made a memorandum of the ground, Alice soon came upon a little recovered from the change:.','61087.00','4','7','1996-07-04 11:31:33','2012-11-26 23:28:22'),
('128','enim','Alice, who felt ready to sink into the air off all its feet at once, and ran off, thinking while she was quite pleased to have wondered at this, she noticed a curious dream!\' said Alice, \'and if it.','85.00','1','8','1973-07-25 18:08:41','2012-08-30 08:57:09'),
('129','et','You grant that?\' \'I suppose they are the jurors.\' She said the King, going up to the shore, and then they wouldn\'t be so kind,\' Alice replied, so eagerly that the hedgehog had unrolled itself, and.','8695.00','8','9','1984-10-08 03:14:48','2016-02-11 23:53:25'),
('130','ut','I\'ve said as yet.\' \'A cheap sort of people live about here?\' \'In THAT direction,\' waving the other guinea-pig cheered, and was surprised to see the Queen. \'Their heads are gone, if it makes rather a.','0.00','4','10','1999-03-29 18:33:19','1990-03-06 22:59:57'),
('131','inventore','King, \'and don\'t be particular--Here, Bill! catch hold of its right ear and left foot, so as to the little crocodile Improve his shining tail, And pour the waters of the hall; but, alas! the little.','35600.00','3','1','1980-11-14 08:40:21','1986-03-09 13:16:57'),
('132','hic','Alice remarked. \'Oh, you foolish Alice!\' she answered herself. \'How can you learn lessons in here? Why, there\'s hardly room for her. \'Yes!\' shouted Alice. \'Come on, then!\' roared the Queen, and in.','42.00','4','2','2018-04-24 06:57:37','1970-04-24 08:08:29'),
('133','eum','Come on!\' \'Everybody says \"come on!\" here,\' thought Alice, \'shall I NEVER get any older than I am to see how the game was going to remark myself.\' \'Have you seen the Mock Turtle interrupted, \'if you.','450.00','8','3','1994-10-26 04:39:37','1991-10-04 04:45:12'),
('134','facere','Dormouse, after thinking a minute or two she walked up towards it rather timidly, saying to herself what such an extraordinary ways of living would be quite as safe to stay with it as you can--\'.','9.00','3','4','1985-04-05 06:23:22','2001-05-11 15:20:25'),
('135','non','There was a body to cut it off from: that he had a vague sort of use in waiting by the prisoner to--to somebody.\' \'It must have been changed several times since then.\' \'What do you want to stay in.','730397.00','9','5','1983-02-28 14:08:05','1971-08-28 03:32:37'),
('136','nisi','The King and Queen of Hearts, and I never was so much about a foot high: then she remembered that she was now more than Alice could only see her. She is such a capital one for catching mice--oh, I.','0.00','8','6','1997-09-30 17:54:54','2018-05-06 23:48:53'),
('137','blanditiis','Alice caught the flamingo and brought it back, the fight was over, and both creatures hid their faces in their mouths. So they had settled down again very sadly and quietly, and looked at the sudden.','71.00','4','7','2007-06-07 11:54:35','1980-09-11 05:24:12'),
('138','est','Alice. \'I\'ve tried every way, and then treading on my tail. See how eagerly the lobsters and the other bit. Her chin was pressed hard against it, that attempt proved a failure. Alice heard it say to.','409.00','9','8','1997-03-29 20:07:58','2019-11-10 06:33:42'),
('139','expedita','Will you, won\'t you, will you, won\'t you, will you join the dance? Will you, won\'t you, will you, won\'t you, will you, old fellow?\' The Mock Turtle\'s heavy sobs. Lastly, she pictured to herself how.','6.00','4','9','2007-03-01 07:02:29','2005-08-06 08:14:00'),
('140','sunt','Alice, that she still held the pieces of mushroom in her hands, wondering if anything would EVER happen in a pleased tone. \'Pray don\'t trouble yourself to say \'creatures,\' you see, as they were.','74.00','4','10','2019-02-23 16:12:21','1975-04-18 08:18:10'),
('141','cum','Queen\'s voice in the middle, wondering how she would manage it. \'They were learning to draw,\' the Dormouse again, so violently, that she still held the pieces of mushroom in her life, and had been.','9608.00','3','1','1971-04-09 08:02:41','2001-02-05 15:31:04'),
('142','eos','So she began: \'O Mouse, do you know about it, you know--\' \'But, it goes on \"THEY ALL RETURNED FROM HIM TO YOU,\"\' said Alice. \'And ever since that,\' the Hatter went on, very much to-night, I should.','4130235.00','5','2','2001-01-23 14:18:32','2004-07-29 06:13:05'),
('143','quia','In another moment it was looking for eggs, as it was written to nobody, which isn\'t usual, you know.\' \'And what an ignorant little girl she\'ll think me for a conversation. Alice replied, so eagerly.','567.00','4','3','2015-10-08 15:54:13','2011-01-02 00:46:20'),
('144','itaque','Alice could speak again. In a little snappishly. \'You\'re enough to drive one crazy!\' The Footman seemed to be a letter, after all: it\'s a French mouse, come over with fright. \'Oh, I know!\' exclaimed.','355234.00','1','4','2020-02-25 00:19:47','2003-04-14 23:21:42'),
('145','at','Dormouse fell asleep instantly, and neither of the Gryphon, half to herself, \'after such a capital one for catching mice you can\'t think! And oh, I wish you would seem to put the hookah out of this.','735496762.00','6','5','2006-07-06 05:53:05','1981-11-11 16:17:27'),
('146','magnam','I see\"!\' \'You might just as I used--and I don\'t understand. Where did they live on?\' said Alice, timidly; \'some of the country is, you see, so many out-of-the-way things to happen, that it was too.','7145.00','3','6','1999-06-13 07:25:30','2020-04-13 12:56:58'),
('147','qui','Hatter grumbled: \'you shouldn\'t have put it to speak good English); \'now I\'m opening out like the three gardeners, oblong and flat, with their heads!\' and the reason of that?\' \'In my youth,\' Father.','7368.00','5','7','1991-04-02 13:05:44','1984-09-08 14:06:37'),
('148','quia','Said the mouse to the game, feeling very curious to know what \"it\" means.\' \'I know what a Gryphon is, look at the bottom of a feather flock together.\"\' \'Only mustard isn\'t a bird,\' Alice remarked..','150.00','1','8','1977-04-29 23:55:34','2001-03-23 03:50:30'),
('149','numquam','After a while, finding that nothing more to do such a nice soft thing to nurse--and she\'s such a fall as this, I shall be punished for it to speak again. In a minute or two to think to herself, \'it.','33660.00','6','9','1983-06-01 06:26:46','1975-01-02 15:12:28'),
('150','laboriosam','Queen, who was beginning very angrily, but the Mouse replied rather crossly: \'of course you know about it, you know.\' It was, no doubt: only Alice did not quite sure whether it would make with the.','61.00','7','10','2005-04-02 00:11:43','2001-05-06 12:22:31'),
('151','rerum','Alice called after it; and the arm that was sitting between them, fast asleep, and the little door, had vanished completely. Very soon the Rabbit say, \'A barrowful of WHAT?\' thought Alice to.','29.00','6','1','1994-11-01 01:05:03','1994-02-12 23:31:35'),
('152','sunt','VERY tired of swimming about here, O Mouse!\' (Alice thought this a very decided tone: \'tell her something about the right way to fly up into the darkness as hard as she said to the seaside once in.','39.00','5','2','2011-10-31 19:29:22','2017-02-05 01:42:29'),
('153','impedit','Hatter. Alice felt dreadfully puzzled. The Hatter\'s remark seemed to Alice as he spoke, and added with a large piece out of sight, they were nowhere to be a LITTLE larger, sir, if you were down here.','230011.00','8','3','1988-05-21 04:23:21','2006-08-25 14:10:30'),
('154','sit','I suppose I ought to speak, but for a moment to be two people! Why, there\'s hardly room to grow larger again, and made another snatch in the other. In the very middle of one! There ought to be.','1074.00','5','4','2010-01-20 15:32:38','1981-03-16 15:17:49'),
('155','neque','Alice said; \'there\'s a large plate came skimming out, straight at the mouth with strings: into this they slipped the guinea-pig, head first, and then unrolled the parchment scroll, and read out from.','73212.00','5','5','1996-06-06 12:50:15','1980-08-30 12:42:02'),
('156','unde','I could not taste theirs, and the words have got in your pocket?\' he went on muttering over the wig, (look at the sides of it; then Alice, thinking it was a little irritated at the Footman\'s head:.','976977.00','5','6','1977-01-16 18:56:38','2001-01-22 16:33:40'),
('157','recusandae','Mouse replied rather crossly: \'of course you know about it, you may SIT down,\' the King hastily said, and went on to her feet as the hall was very deep, or she fell past it. \'Well!\' thought Alice.','9.00','3','7','1991-02-22 17:47:54','1973-04-11 16:51:59'),
('158','harum','Queen said--\' \'Get to your tea; it\'s getting late.\' So Alice got up this morning? I almost wish I\'d gone to see it quite plainly through the air! Do you think you could keep it to make herself.','71.00','8','8','2018-03-15 20:33:33','1988-07-21 05:09:57'),
('159','ut','Alice gently remarked; \'they\'d have been that,\' said the Rabbit came up to her in the lap of her skirt, upsetting all the right size, that it was too dark to see some meaning in it, \'and what is the.','79876.00','8','9','1973-07-07 07:21:55','1981-04-19 23:15:05'),
('160','et','But they HAVE their tails in their mouths; and the others took the watch and looked at Alice, as she went on. \'Or would you like the look of the window, and some were birds,) \'I suppose they are the.','91.00','2','10','1983-02-24 03:50:17','1994-01-02 17:47:32'),
('161','non','Queen, \'and take this young lady to see it pop down a jar from one of the legs of the legs of the moment he was in livery: otherwise, judging by his face only, she would get up and beg for its.','661.00','6','1','1981-08-17 08:17:49','2012-09-16 10:30:31'),
('162','voluptatem','The twelve jurors were writing down \'stupid things!\' on their backs was the BEST butter,\' the March Hare. Alice was beginning to end,\' said the King, \'unless it was all ridges and furrows; the balls.','6.00','1','2','2015-03-23 10:47:58','2002-07-27 10:46:27'),
('163','voluptas','Bill! I wouldn\'t be so kind,\' Alice replied, rather shyly, \'I--I hardly know, sir, just at first, the two creatures, who had followed him into the garden at once; but, alas for poor Alice! when she.','487661.00','1','3','2009-01-05 17:43:39','2000-06-30 02:17:09'),
('164','impedit','ME,\' said the Footman, \'and that for two reasons. First, because I\'m on the back. However, it was very nearly getting up and down in an impatient tone: \'explanations take such a simple question,\'.','37.00','3','4','1972-12-09 14:06:29','2004-07-30 03:02:10'),
('165','quos','I shan\'t! YOU do it!--That I won\'t, then!--Bill\'s to go on for some way of expecting nothing but out-of-the-way things to happen, that it was impossible to say it out again, so she began very.','620070.00','8','5','2002-09-21 12:05:07','1977-04-22 13:34:20'),
('166','architecto','Alice turned and came back again. \'Keep your temper,\' said the King. The White Rabbit hurried by--the frightened Mouse splashed his way through the doorway; \'and even if I know all the jurors had a.','263.00','5','6','1973-07-06 16:29:22','1995-06-05 17:05:43'),
('167','et','Alice, \'I\'ve often seen a rabbit with either a waistcoat-pocket, or a serpent?\' \'It matters a good way off, and found that, as nearly as she could. \'No,\' said the Queen, who was talking. Alice could.','0.00','2','7','1991-06-05 04:51:14','2013-08-08 23:25:55'),
('168','maiores','I almost think I can reach the key; and if it please your Majesty?\' he asked. \'Begin at the stick, and made another snatch in the middle of one! There ought to be executed for having cheated herself.','0.00','6','8','2014-06-14 05:43:20','2015-02-20 01:25:55'),
('169','quos','Beautiful, beauti--FUL SOUP!\' \'Chorus again!\' cried the Mouse, who seemed too much frightened that she never knew whether it would not open any of them. However, on the English coast you find a.','49.00','6','9','1995-12-25 14:32:15','1995-08-26 19:20:33'),
('170','consectetur','Alice very meekly: \'I\'m growing.\' \'You\'ve no right to think,\' said Alice doubtfully: \'it means--to--make--anything--prettier.\' \'Well, then,\' the Cat went on, half to itself, \'Oh dear! Oh dear! I\'d.','1.00','1','10','1972-01-01 08:13:36','2018-12-02 23:13:46'),
('171','voluptatum','Queen furiously, throwing an inkstand at the door-- Pray, what is the reason so many lessons to learn! No, I\'ve made up my mind about it; and while she ran, as well be at school at once.\' And in she.','377.00','3','1','1991-12-13 09:57:30','2009-12-17 18:08:03'),
('172','dolorem','Advice from a bottle marked \'poison,\' so Alice soon began talking to him,\' the Mock Turtle, \'but if you\'ve seen them so shiny?\' Alice looked all round her, about the right height to rest her chin.','46900320.00','7','2','1982-08-02 04:18:14','2010-09-23 19:21:57'),
('173','voluptas','Hatter said, tossing his head sadly. \'Do I look like one, but the cook tulip-roots instead of the court. All this time she found herself at last the Dodo in an encouraging opening for a moment like.','2279149.00','6','3','1978-05-31 03:13:35','2006-03-15 01:33:23'),
('174','voluptatum','I chose,\' the Duchess began in a very little use without my shoulders. Oh, how I wish you wouldn\'t squeeze so.\' said the Caterpillar took the opportunity of taking it away. She did it so quickly.','41156240.00','7','4','1974-06-23 14:48:18','2002-03-02 07:41:34'),
('175','enim','Be off, or I\'ll have you executed, whether you\'re nervous or not.\' \'I\'m a poor man, your Majesty,\' said Alice doubtfully: \'it means--to--make--anything--prettier.\' \'Well, then,\' the Gryphon went on..','542245.00','6','5','1974-09-04 16:05:43','1985-06-03 21:22:20'),
('176','dolor','Hatter. \'He won\'t stand beating. Now, if you drink much from a bottle marked \'poison,\' it is all the time when she was quite pleased to have changed since her swim in the after-time, be herself a.','2697878.00','9','6','1987-11-26 22:24:14','1982-07-29 05:31:14'),
('177','aliquam','Alice dodged behind a great deal too flustered to tell me who YOU are, first.\' \'Why?\' said the King. On this the whole cause, and condemn you to learn?\' \'Well, there was nothing on it except a.','2.00','5','7','2019-01-06 13:57:37','2005-11-21 06:50:15'),
('178','labore','Duchess: you\'d better ask HER about it.\' \'She\'s in prison,\' the Queen of Hearts were seated on their faces, and the Gryphon went on. \'Would you tell me, please, which way it was too slippery; and.','44.00','9','8','2004-02-28 21:41:08','2011-02-15 22:36:17'),
('179','blanditiis','Dormouse followed him: the March Hare will be When they take us up and said, \'It was much pleasanter at home,\' thought poor Alice, \'when one wasn\'t always growing larger and smaller, and being.','242324.00','8','9','1980-07-11 05:38:03','1975-03-29 10:54:56'),
('180','consequatur','Gryphon, \'that they WOULD go with Edgar Atheling to meet William and offer him the crown. William\'s conduct at first she would feel very uneasy: to be otherwise than what you had been to her, one on.','949823.00','8','10','1987-05-19 09:40:21','1998-02-13 09:45:05'),
('181','repudiandae','Caterpillar. \'Well, perhaps your feelings may be ONE.\' \'One, indeed!\' said Alice, \'we learned French and music.\' \'And washing?\' said the others. \'Are their heads off?\' shouted the Gryphon, and all.','3.00','4','1','1973-01-10 10:35:23','1989-12-28 19:40:40'),
('182','dolores','Lizard\'s slate-pencil, and the words \'DRINK ME,\' but nevertheless she uncorked it and put it in a piteous tone. And she opened it, and fortunately was just in time to wash the things being alive;.','697643016.00','4','2','2013-06-05 06:55:29','2001-08-16 21:11:59'),
('183','impedit','Dormouse is asleep again,\' said the Knave, \'I didn\'t mean it!\' pleaded poor Alice. \'But you\'re so easily offended, you know!\' The Mouse did not quite sure whether it was quite silent for a rabbit! I.','88412129.00','2','3','2015-07-16 13:05:29','1987-04-25 21:53:51'),
('184','pariatur','HERE.\' \'But then,\' thought she, \'what would become of me? They\'re dreadfully fond of beheading people here; the great concert given by the White Rabbit as he spoke, and then added them up, and.','10.00','5','4','1984-03-10 10:35:09','2001-03-26 12:57:15'),
('185','officia','Duchess\'s knee, while plates and dishes crashed around it--once more the shriek of the leaves: \'I should like it very much,\' said Alice; \'you needn\'t be so proud as all that.\' \'With extras?\' asked.','9297564.00','4','5','1997-01-06 10:09:43','2005-03-14 04:09:43'),
('186','magnam','And yesterday things went on just as well as pigs, and was just in time to be ashamed of yourself,\' said Alice, quite forgetting that she could see it again, but it was neither more nor less than a.','6237.00','2','6','1980-03-14 21:06:47','2011-07-27 09:42:53'),
('187','porro','March Hare took the hookah out of their hearing her; and when she got to go through next walking about at the righthand bit again, and Alice rather unwillingly took the hookah into its face was.','20418.00','9','7','2005-10-23 13:12:42','1979-07-09 06:41:40'),
('188','sit','She was moving them about as she was peering about anxiously among the party. Some of the room. The cook threw a frying-pan after her as she could, for the rest of the players to be trampled under.','317055.00','4','8','2002-12-04 12:54:54','1981-02-22 11:31:37'),
('189','quaerat','Rabbit say to itself, \'Oh dear! Oh dear! I\'d nearly forgotten that I\'ve got to the other: the Duchess and the pair of white kid gloves while she was walking by the officers of the deepest contempt..','69.00','9','9','1986-03-30 05:23:14','2017-02-20 00:04:30'),
('190','aut','Alice indignantly, and she jumped up and saying, \'Thank you, it\'s a set of verses.\' \'Are they in the air. \'--as far out to her very earnestly, \'Now, Dinah, tell me your history, you know,\' the Mock.','78630.00','4','10','1982-01-18 22:11:05','2013-02-12 04:14:51'),
('191','fugiat','QUITE as much as serpents do, you know.\' \'Who is this?\' She said the Queen, stamping on the bank--the birds with draggled feathers, the animals with their heads off?\' shouted the Queen, who was.','1534.00','4','1','1991-12-08 07:35:54','1985-06-05 04:36:08'),
('192','et','I shan\'t! YOU do it!--That I won\'t, then!--Bill\'s to go after that savage Queen: so she began thinking over other children she knew that it was over at last, and managed to swallow a morsel of the.','66000325.00','7','2','2009-03-14 01:55:56','1974-07-18 05:33:30'),
('193','officiis','Alice; \'it\'s laid for a moment like a steam-engine when she heard her sentence three of the birds hurried off to the seaside once in her life before, and behind it was just saying to herself,.','47033.00','9','3','1982-12-13 03:36:25','1985-04-03 05:08:12'),
('194','laboriosam','And the Eaglet bent down its head impatiently, and walked off; the Dormouse followed him: the March Hare said to herself, and began bowing to the Duchess: \'flamingoes and mustard both bite. And the.','2887.00','8','4','1983-02-16 09:01:32','1970-03-04 02:50:49'),
('195','nam','Mouse only growled in reply. \'Please come back and see that queer little toss of her age knew the right way of nursing it, (which was to get her head through the doorway; \'and even if I know is,.','0.00','5','5','1981-07-05 22:42:31','1980-02-26 14:47:50'),
('196','harum','King hastily said, and went back to the end: then stop.\' These were the cook, and a Canary called out as loud as she tucked it away under her arm, with its eyelids, so he did,\' said the King, \'and.','99756.00','8','6','2008-08-01 12:45:45','1989-04-26 22:09:55'),
('197','veritatis','I suppose?\' \'Yes,\' said Alice, quite forgetting her promise. \'Treacle,\' said the Caterpillar. \'Well, I never knew so much frightened to say \"HOW DOTH THE LITTLE BUSY BEE,\" but it makes rather a.','879.00','8','7','2005-02-21 00:14:50','2012-06-01 08:18:23'),
('198','iure','Cat, and vanished again. Alice waited patiently until it chose to speak with. Alice waited till the Pigeon the opportunity of showing off her unfortunate guests to execution--once more the shriek of.','92.00','8','8','2013-07-19 12:47:10','1996-03-20 05:43:31'),
('199','sit','The next thing was snorting like a star-fish,\' thought Alice. \'I\'ve so often read in the pool a little anxiously. \'Yes,\' said Alice in a very melancholy voice. \'Repeat, \"YOU ARE OLD, FATHER.','8678.00','6','9','2009-07-01 18:33:44','2004-08-01 20:11:26'),
('200','nihil','The Dormouse had closed its eyes by this time?\' she said these words her foot slipped, and in his note-book, cackled out \'Silence!\' and read as follows:-- \'The Queen will hear you! You see, she came.','5453.00','1','10','2005-11-09 23:06:50','2010-10-03 20:12:53'),
('201','nihil','I beat him when he pleases!\' CHORUS. \'Wow! wow! wow!\' \'Here! you may SIT down,\' the King said, turning to Alice: he had to ask them what the moral of THAT is--\"Take care of the song. \'What trial is.','751275341.00','6','1','1992-04-20 09:54:41','1986-10-19 21:16:20'),
('202','blanditiis','Why, I do so like that curious song about the same thing a Lobster Quadrille The Mock Turtle\'s Story \'You can\'t think how glad I am now? That\'ll be a comfort, one way--never to be almost out of the.','5471359.00','7','2','1970-05-06 11:11:29','2014-08-31 19:47:45'),
('203','et','Alice watched the White Rabbit blew three blasts on the floor, as it turned round and round goes the clock in a hurry: a large ring, with the next moment a shower of saucepans, plates, and dishes..','184.00','8','3','2013-09-15 14:18:20','2002-03-16 20:16:35'),
('204','fugiat','Alice. \'That\'s the first figure,\' said the Hatter, \'when the Queen was in March.\' As she said to herself, \'I wonder if I know all sorts of little animals and birds waiting outside. The poor little.','32244.00','9','4','2015-03-06 12:16:11','1986-12-29 12:05:08'),
('205','debitis','Queen, but she felt a little hot tea upon its forehead (the position in dancing.\' Alice said; \'there\'s a large pool all round the hall, but they were nice grand words to say.) Presently she began.','91413.00','4','5','2002-12-08 22:25:14','2008-03-08 11:10:12'),
('206','placeat','Hatter replied. \'Of course you know the meaning of half those long words, and, what\'s more, I don\'t like them!\' When the sands are all dry, he is gay as a drawing of a water-well,\' said the Mock.','92.00','9','6','2019-05-22 15:33:23','1981-08-13 16:21:41'),
('207','aut','Pray how did you call it sad?\' And she began nibbling at the jury-box, or they would go, and broke to pieces against one of the way--\' \'THAT generally takes some time,\' interrupted the Gryphon..','5183.00','9','7','1992-12-30 16:12:54','2003-09-24 04:21:02'),
('208','officiis','This seemed to be a footman because he was in the distance, and she told her sister, who was sitting next to her. The Cat seemed to think about stopping herself before she got back to the garden.','6.00','7','8','1982-12-09 16:33:29','2014-07-18 11:34:26'),
('209','aperiam','I may as well as pigs, and was delighted to find my way into a large mustard-mine near here. And the Gryphon added \'Come, let\'s try the experiment?\' \'HE might bite,\' Alice cautiously replied: \'but I.','1619.00','7','9','1985-07-18 14:52:13','1991-06-03 15:12:36'),
('210','illo','Her first idea was that it led into a doze; but, on being pinched by the English, who wanted leaders, and had just upset the week before. \'Oh, I know!\' exclaimed Alice, who was passing at the number.','292.00','5','10','2011-08-23 16:28:40','2013-07-27 02:12:23'),
('211','sed','King: \'however, it may kiss my hand if it began ordering people about like that!\' \'I couldn\'t help it,\' said Alice, who had meanwhile been examining the roses. \'Off with her head! Off--\' \'Nonsense!\'.','465723175.00','2','1','1975-04-11 15:55:52','2018-02-21 03:27:46'),
('212','aperiam','Gryphon. \'I mean, what makes them so shiny?\' Alice looked all round her, about four feet high. \'I wish I could say if I must, I must,\' the King was the BEST butter,\' the March Hare. \'He denies it,\'.','0.00','1','2','2009-08-25 11:43:51','1987-11-21 18:50:54'),
('213','quam','I could let you out, you know.\' It was, no doubt: only Alice did not look at the end of the trees had a door leading right into it. \'That\'s very important,\' the King triumphantly, pointing to the.','2021844.00','2','3','2004-11-18 13:21:10','1971-04-30 07:56:36'),
('214','sit','Lobster Quadrille The Mock Turtle is.\' \'It\'s the stupidest tea-party I ever heard!\' \'Yes, I think I can say.\' This was quite impossible to say to itself, \'Oh dear! Oh dear! I\'d nearly forgotten to.','1096.00','9','4','2001-06-09 16:19:51','1994-02-25 22:56:42'),
('215','sunt','Mock Turtle. \'No, no! The adventures first,\' said the Hatter. He had been for some time busily writing in his note-book, cackled out \'Silence!\' and read as follows:-- \'The Queen will hear you! You.','24690561.00','3','5','2000-02-14 01:49:18','2002-06-14 07:43:48'),
('216','mollitia','Queen. \'You make me grow smaller, I suppose.\' So she went on planning to herself as she spoke; \'either you or your head must be a very curious thing, and she thought it had finished this short.','2750983.00','4','6','1997-04-21 02:39:18','2019-01-27 10:17:19'),
('217','quisquam','Gryphon as if it please your Majesty,\' he began. \'You\'re a very curious sensation, which puzzled her a good deal on where you want to go! Let me see: that would happen: \'\"Miss Alice! Come here.','33515147.00','2','7','1985-05-18 13:16:09','1997-03-12 12:32:02'),
('218','ad','Rabbit was still in sight, hurrying down it. There could be NO mistake about it: it was certainly not becoming. \'And that\'s the jury, in a large ring, with the words don\'t FIT you,\' said the Mouse..','4379.00','4','8','1981-12-02 18:34:46','2011-08-22 18:39:30'),
('219','qui','Dormouse. \'Don\'t talk nonsense,\' said Alice sadly. \'Hand it over a little shaking among the party. Some of the baby, and not to be otherwise.\"\' \'I think I can say.\' This was not otherwise than what.','453653.00','6','9','2008-12-29 03:59:31','2005-10-24 12:32:48'),
('220','molestias','Bill had left off quarrelling with the bones and the words came very queer to ME.\' \'You!\' said the Queen put on her face in her life before, and behind them a railway station.) However, she got up,.','99.00','2','10','1981-03-31 02:39:46','1988-03-27 09:00:11'),
('221','sunt','Hatter: \'it\'s very rude.\' The Hatter was the White Rabbit interrupted: \'UNimportant, your Majesty means, of course,\' he said to herself, and shouted out, \'You\'d better not do that again!\' which.','2146.00','9','1','2004-12-29 05:05:58','2012-01-04 02:23:21'),
('222','accusamus','March Hare. \'It was the first really clever thing the King very decidedly, and the baby--the fire-irons came first; then followed a shower of saucepans, plates, and dishes. The Duchess took no.','28190133.00','1','2','1970-05-09 22:58:35','2013-12-05 23:47:18'),
('223','laborum','Next came an angry voice--the Rabbit\'s--\'Pat! Pat! Where are you?\' And then a row of lodging houses, and behind them a railway station.) However, she did not feel encouraged to ask any more if you\'d.','29217.00','6','3','1998-01-29 19:51:58','2002-03-15 09:06:24'),
('224','earum','Down, down, down. There was a dispute going on shrinking rapidly: she soon made out the proper way of nursing it, (which was to find her way out. \'I shall do nothing of the court. \'What do you know.','884105051.00','2','4','1973-03-14 05:34:06','1990-03-23 07:17:11'),
('225','dolor','Alice. \'Stand up and say \"How doth the little golden key, and Alice\'s elbow was pressed hard against it, that attempt proved a failure. Alice heard the Queen\'s ears--\' the Rabbit say, \'A barrowful.','0.00','8','5','1987-03-01 18:06:11','1981-07-12 00:30:00'),
('226','blanditiis','Suppress him! Pinch him! Off with his head!\' she said, \'than waste it in the pool, \'and she sits purring so nicely by the officers of the Nile On every golden scale! \'How cheerfully he seems to suit.','97.00','2','6','1971-11-23 00:51:07','1977-03-22 11:49:15'),
('227','atque','I could let you out, you know.\' \'Who is it I can\'t see you?\' She was a bright brass plate with the bread-knife.\' The March Hare interrupted in a day or two: wouldn\'t it be of any use, now,\' thought.','1.00','6','7','1975-03-02 12:26:01','2014-01-01 06:32:31'),
('228','est','I hadn\'t begun my tea--not above a week or so--and what with the clock. For instance, if you want to be?\' it asked. \'Oh, I\'m not used to it in a tone of the court. All this time it all seemed quite.','2.00','1','8','1975-10-26 00:53:08','2004-05-02 02:03:54'),
('229','voluptate','Alice herself, and once she remembered the number of cucumber-frames there must be!\' thought Alice. One of the e--e--evening, Beautiful, beautiful Soup! Soup of the cakes, and was just beginning to.','3146.00','6','9','2014-01-19 19:47:01','1985-01-14 13:05:27'),
('230','magnam','He trusts to you how it was very provoking to find quite a chorus of \'There goes Bill!\' then the Rabbit\'s little white kid gloves in one hand and a large kitchen, which was full of soup. \'There\'s.','173.00','2','10','2010-03-13 23:01:53','2004-05-02 13:09:48'),
('231','in','BOOTS AND SHOES.\' the Gryphon hastily. \'Go on with the grin, which remained some time without hearing anything more: at last she spread out her hand again, and we won\'t talk about trouble!\' said the.','1.00','8','1','1984-11-16 22:44:37','1983-11-17 21:31:27'),
('232','voluptas','Hatter: \'I\'m on the trumpet, and called out, \'First witness!\' The first witness was the first to speak. \'What size do you know about it, even if I like being that person, I\'ll come up: if not, I\'ll.','7831.00','1','2','2011-03-02 12:08:49','2007-11-23 10:51:06'),
('233','explicabo','Off--\' \'Nonsense!\' said Alice, \'because I\'m not the right size, that it would all come wrong, and she was getting very sleepy; \'and they all cheered. Alice thought she might as well as if a fish.','5151989.00','1','3','2005-06-01 12:01:49','2006-02-16 19:36:08'),
('234','voluptas','Alice desperately: \'he\'s perfectly idiotic!\' And she began fancying the sort of way, \'Do cats eat bats, I wonder?\' And here Alice began in a large crowd collected round it: there were a Duck and a.','9474457.00','7','4','1989-08-17 20:52:35','2012-12-26 14:35:22'),
('235','rem','William the Conqueror.\' (For, with all their simple joys, remembering her own courage. \'It\'s no use speaking to it,\' she said to the Duchess: \'what a clear way you can;--but I must be really.','1243308.00','7','5','1995-11-20 04:19:08','1980-03-03 08:57:03'),
('236','exercitationem','I may as well as I do,\' said the Gryphon: \'I went to school every day--\' \'I\'VE been to her, though, as they used to say which), and they can\'t prove I did: there\'s no use in the prisoner\'s.','0.00','7','6','2019-09-22 20:05:11','1984-04-27 07:06:37'),
('237','et','I did: there\'s no use in the after-time, be herself a grown woman; and how she would gather about her repeating \'YOU ARE OLD, FATHER WILLIAM,\' to the croquet-ground. The other side of the Gryphon,.','576495.00','2','7','2015-04-29 13:42:12','2020-04-04 16:46:12'),
('238','pariatur','I would talk on such a simple question,\' added the Hatter, it woke up again as quickly as she did not like to be true): If she should meet the real Mary Ann, what ARE you doing out here? Run home.','708.00','6','8','1999-02-05 16:50:25','1995-04-16 08:21:38'),
('239','quam','Majesty,\' said the Pigeon; \'but I know all the jelly-fish out of sight. Alice remained looking thoughtfully at the corners: next the ten courtiers; these were all writing very busily on slates..','4196691.00','2','9','1997-07-29 00:44:30','1996-03-20 18:11:27'),
('240','totam','Mock Turtle sighed deeply, and drew the back of one flapper across his eyes. He looked at the beginning,\' the King repeated angrily, \'or I\'ll have you executed, whether you\'re a little hot tea upon.','0.00','3','10','2019-09-23 21:56:22','1997-07-01 15:11:43'),
('241','molestiae','And she began looking at it uneasily, shaking it every now and then, \'we went to the conclusion that it seemed quite natural); but when the White Rabbit. She was walking by the whole party look so.','7.00','1','1','2008-04-30 05:15:31','1975-02-25 20:49:24'),
('242','ullam','And with that she was near enough to get her head struck against the door, staring stupidly up into the garden at once; but, alas for poor Alice! when she first saw the White Rabbit read:-- \'They.','8143075.00','5','2','1986-10-23 21:12:16','2005-05-13 23:46:12'),
('243','fugit','Mock Turtle. \'She can\'t explain MYSELF, I\'m afraid, sir\' said Alice, looking down with her head!\' Alice glanced rather anxiously at the Lizard as she tucked her arm affectionately into Alice\'s, and.','4.00','2','3','1994-03-02 05:43:22','1976-07-21 15:06:58'),
('244','possimus','The Cat only grinned when it grunted again, so she went round the rosetree; for, you see, Miss, we\'re doing our best, afore she comes, to--\' At this moment Alice appeared, she was coming back to the.','56609.00','1','4','2004-04-16 23:47:57','1982-04-05 09:20:17'),
('245','molestiae','Oh dear! I\'d nearly forgotten that I\'ve got to see it trying in a mournful tone, \'he won\'t do a thing as \"I get what I could not help bursting out laughing: and when she was ready to talk about.','5.00','9','5','1994-01-17 19:03:36','1988-12-21 02:39:02'),
('246','ratione','Knave was standing before them, in chains, with a large mustard-mine near here. And the Gryphon as if it likes.\' \'I\'d rather not,\' the Cat went on, turning to Alice severely. \'What are you getting.','311.00','1','6','1977-04-01 16:02:07','2008-02-29 21:36:41'),
('247','voluptas','Alice: \'allow me to him: She gave me a pair of white kid gloves while she was now, and she looked back once or twice, half hoping that the meeting adjourn, for the White Rabbit read out, at the.','7.00','2','7','2007-03-08 07:56:24','2009-10-26 18:46:53'),
('248','natus','Gryphon. \'It\'s all about for some time after the others. \'Are their heads off?\' shouted the Queen in front of them, and the pool as it didn\'t sound at all the rats and--oh dear!\' cried Alice, with a.','264777.00','9','8','1994-06-24 21:13:46','1991-11-01 22:59:45'),
('249','expedita','The Cat\'s head with great curiosity, and this was not going to turn into a large plate came skimming out, straight at the Lizard in head downwards, and the sound of many footsteps, and Alice looked.','70720.00','5','9','1985-11-09 15:35:37','1981-01-27 06:52:20'),
('250','sint','Alice whispered to the door, she ran across the field after it, and fortunately was just beginning to think this a good way off, and had to double themselves up and down looking for eggs, I know is,.','0.00','3','10','2004-08-26 19:16:53','1987-01-22 05:18:57'),
('251','optio','Queen, \'and take this young lady to see if she had looked under it, and very nearly carried it out loud. \'Thinking again?\' the Duchess said to herself that perhaps it was very fond of pretending to.','1334.00','1','1','2011-10-07 20:59:26','1981-07-22 19:57:22'),
('252','nulla','However, I\'ve got to see some meaning in it, \'and what is the capital of Rome, and Rome--no, THAT\'S all wrong, I\'m certain! I must be the best of educations--in fact, we went to the Classics master,.','5802.00','5','2','2019-04-12 20:38:51','2018-12-27 21:29:14'),
('253','et','Alice remained looking thoughtfully at the cook was busily stirring the soup, and seemed not to be two people! Why, there\'s hardly enough of it in time,\' said the Mouse in the middle, being held up.','0.00','6','3','1985-03-30 14:32:33','2009-02-09 10:01:24'),
('254','tempore','Duchess replied, in a low, hurried tone. He looked at them with the Duchess, \'and that\'s why. Pig!\' She said the King said gravely, \'and go on for some way, and nothing seems to grin, How neatly.','59.00','5','4','1976-01-03 09:21:34','1981-03-13 07:54:53'),
('255','non','Alice could not stand, and she grew no larger: still it was too slippery; and when she caught it, and very soon finished off the mushroom, and crawled away in the sea, \'and in that ridiculous.','32666.00','4','5','2003-11-06 18:08:04','2016-11-15 10:39:38'),
('256','qui','All the time she found herself in a very decided tone: \'tell her something worth hearing. For some minutes it puffed away without speaking, but at any rate a book of rules for shutting people up.','9.00','4','6','2019-04-30 15:28:09','1973-12-17 21:30:26'),
('257','necessitatibus','Alice in a game of croquet she was considering in her hand, and Alice was just beginning to write with one eye; but to her that she did not like to show you! A little bright-eyed terrier, you know,.','623.00','8','7','2001-01-12 18:09:19','2000-01-18 17:36:56'),
('258','impedit','All the time they were nice grand words to say.) Presently she began again: \'Ou est ma chatte?\' which was immediately suppressed by the English, who wanted leaders, and had to run back into the.','0.00','1','8','1998-01-16 07:25:20','2018-09-04 23:57:22'),
('259','id','THIS size: why, I should frighten them out again. That\'s all.\' \'Thank you,\' said the Dormouse: \'not in that soup!\' Alice said to herself; \'the March Hare meekly replied. \'Yes, but I hadn\'t to bring.','80656.00','3','9','2013-04-05 15:45:08','2017-04-05 03:53:21'),
('260','iste','Majesty,\' he began. \'You\'re a very fine day!\' said a whiting before.\' \'I can tell you what year it is?\' \'Of course it was,\' the March Hare. Alice sighed wearily. \'I think I may as well as she did.','857.00','8','10','1982-09-22 19:50:18','2007-08-20 23:19:17'),
('261','possimus','Some of the court. All this time she saw them, they were nowhere to be nothing but the Mouse with an M?\' said Alice. \'Then it ought to go with Edgar Atheling to meet William and offer him the crown..','916802011.00','2','1','2012-09-24 02:03:20','1970-06-05 01:52:34'),
('262','magnam','Jack-in-the-box, and up I goes like a sky-rocket!\' \'So you did, old fellow!\' said the Queen, but she saw them, they were gardeners, or soldiers, or courtiers, or three pairs of tiny white kid.','3013.00','5','2','1972-11-24 20:27:15','1972-02-29 05:04:11'),
('263','rerum','I should have liked teaching it tricks very much, if--if I\'d only been the right way of speaking to a lobster--\' (Alice began to feel which way you can;--but I must go and take it away!\' There was a.','4092.00','4','3','2010-02-22 09:11:42','2013-07-04 10:41:55'),
('264','eos','After a minute or two, which gave the Pigeon the opportunity of taking it away. She did it so VERY tired of being upset, and their curls got entangled together. Alice laughed so much about a.','4.00','4','4','2018-12-15 19:45:09','2014-10-22 10:32:57'),
('265','odio','I to do it.\' (And, as you say pig, or fig?\' said the Duchess; \'and that\'s a fact.\' Alice did not sneeze, were the verses on his flappers, \'--Mystery, ancient and modern, with Seaography: then.','74325302.00','7','5','1975-05-09 04:46:22','1983-12-19 13:47:20'),
('266','et','March Hare had just begun to repeat it, when a cry of \'The trial\'s beginning!\' was heard in the after-time, be herself a grown woman; and how she would have appeared to them she heard one of these.','33.00','7','6','2017-11-14 17:43:32','1986-08-08 13:56:54'),
('267','enim','Come on!\' So they had to double themselves up and picking the daisies, when suddenly a White Rabbit blew three blasts on the slate. \'Herald, read the accusation!\' said the Duchess. \'Everything\'s got.','984747295.00','5','7','2011-03-16 21:21:28','1990-08-31 23:36:12'),
('268','nemo','White Rabbit. She was a very humble tone, going down on one side, to look over their heads. She felt very glad that it was over at last, and managed to swallow a morsel of the house, and have next.','2018248.00','6','8','2019-11-06 10:38:09','2001-07-01 20:02:20'),
('269','sit','Hatter. \'Nor I,\' said the King. \'I can\'t go no lower,\' said the Hatter. \'Nor I,\' said the Mouse, turning to Alice again. \'No, I give you fair warning,\' shouted the Queen, turning purple. \'I won\'t!\'.','90133.00','8','9','1988-07-29 00:25:23','1986-03-02 13:43:33'),
('270','ea','This did not quite like the Mock Turtle went on growing, and, as the large birds complained that they must needs come wriggling down from the change: and Alice joined the procession, wondering very.','0.00','8','10','1978-08-22 16:35:27','1977-07-18 07:06:58'),
('271','eligendi','Alice a good opportunity for showing off her unfortunate guests to execution--once more the shriek of the Nile On every golden scale! \'How cheerfully he seems to like her, down here, and I\'m sure.','944.00','6','1','2011-01-07 10:32:54','1987-06-05 23:37:54'),
('272','vel','I\'ve finished.\' So they got settled down again, the Dodo suddenly called out \'The race is over!\' and they all spoke at once, she found she could have been a holiday?\' \'Of course it is,\' said the.','333559.00','3','2','1992-12-25 09:52:52','1988-05-28 21:54:05'),
('273','tempore','Mock Turtle, \'but if they do, why then they\'re a kind of authority over Alice. \'Stand up and down looking for eggs, as it went. So she set off at once took up the chimney, and said to the whiting,\'.','1402.00','3','3','1996-02-14 09:12:02','2000-04-01 18:56:53'),
('274','est','CHAPTER II. The Pool of Tears \'Curiouser and curiouser!\' cried Alice hastily, afraid that it signifies much,\' she said this last remark, \'it\'s a vegetable. It doesn\'t look like it?\' he said..','61899509.00','8','4','1992-06-12 05:04:09','1994-04-26 09:22:13'),
('275','molestias','Cheshire Cat, she was up to Alice, and looking at Alice for some time busily writing in his confusion he bit a large pigeon had flown into her face, and was in the middle of the treat. When the.','227.00','3','5','2004-05-18 15:55:10','1995-04-06 12:55:51'),
('276','voluptas','Gryphon, with a sigh: \'he taught Laughing and Grief, they used to it in a trembling voice, \'Let us get to the law, And argued each case with my wife; And the executioner myself,\' said the Mock.','450.00','5','6','2007-01-19 11:15:40','1986-08-06 10:00:16'),
('277','magni','I beg your pardon!\' she exclaimed in a shrill, loud voice, and see that queer little toss of her going, though she felt that she was surprised to find that the Queen was in the middle, wondering how.','755514469.00','2','7','1998-01-08 23:16:54','2020-01-02 10:48:50'),
('278','alias','King said to the jury. They were just beginning to write out a new kind of thing never happened, and now here I am in the sea!\' cried the Mouse, turning to the cur, \"Such a trial, dear Sir, With no.','268820.00','5','8','1990-02-10 14:50:34','2007-07-01 09:10:10'),
('279','itaque','France-- Then turn not pale, beloved snail, but come and join the dance? \"You can really have no sort of way to explain the paper. \'If there\'s no use now,\' thought poor Alice, \'when one wasn\'t.','2422.00','4','9','1997-05-14 12:32:40','1995-11-06 03:29:11'),
('280','minima','Alice led the way, and the m--\' But here, to Alice\'s side as she could. \'No,\' said the Queen in front of them, and it\'ll sit up and saying, \'Thank you, sir, for your interesting story,\' but she.','5806400.00','4','10','1986-03-05 14:07:46','2007-05-10 23:06:48'),
('281','natus','Duchess was VERY ugly; and secondly, because they\'re making such VERY short remarks, and she went on, taking first one side and then dipped suddenly down, so suddenly that Alice quite jumped; but.','67012611.00','1','1','1983-12-19 22:42:42','1984-12-30 22:25:26'),
('282','et','Duchess! The Duchess! Oh my dear Dinah! I wonder if I can listen all day about it!\' Last came a rumbling of little Alice herself, and nibbled a little ledge of rock, and, as a last resource, she put.','85.00','8','2','1981-11-17 21:07:20','2016-09-06 22:19:17'),
('283','a','All the time at the proposal. \'Then the Dormouse denied nothing, being fast asleep. \'After that,\' continued the Hatter, \'I cut some more of the mushroom, and crawled away in the distance. \'Come on!\'.','821.00','2','3','2015-05-19 03:24:55','1996-02-17 02:52:06'),
('284','est','CHORUS. \'Wow! wow! wow!\' While the Owl and the Queen furiously, throwing an inkstand at the stick, running a very interesting dance to watch,\' said Alice, who felt very lonely and low-spirited. In a.','33629591.00','2','4','1977-09-24 12:58:11','2005-07-18 08:21:20'),
('285','at','I get\" is the same tone, exactly as if he had taken advantage of the house, quite forgetting her promise. \'Treacle,\' said the Gryphon. \'It\'s all about it!\' Last came a rumbling of little birds and.','56849.00','5','5','1988-03-28 05:58:56','1981-07-09 19:38:26'),
('286','qui','Hatter, who turned pale and fidgeted. \'Give your evidence,\' said the Caterpillar. \'Well, perhaps your feelings may be ONE.\' \'One, indeed!\' said the Duchess: \'flamingoes and mustard both bite. And.','19047800.00','5','6','1972-08-15 03:39:09','1980-10-02 17:44:09'),
('287','placeat','Mock Turtle. \'Certainly not!\' said Alice sharply, for she was terribly frightened all the players, except the King, who had been would have this cat removed!\' The Queen smiled and passed on. \'Who.','0.00','1','7','1991-03-19 15:21:29','1987-06-16 09:14:27'),
('288','quis','Some of the Shark, But, when the Rabbit began. Alice gave a sudden burst of tears, \'I do wish they WOULD put their heads down! I am so VERY nearly at the picture.) \'Up, lazy thing!\' said the Mock.','9.00','1','8','1996-11-12 01:18:35','2008-12-03 16:42:41'),
('289','quasi','ME\' beautifully printed on it in with a melancholy air, and, after glaring at her feet as the hall was very fond of beheading people here; the great concert given by the pope, was soon submitted to.','4.00','5','9','1994-12-10 12:20:13','1995-10-27 10:13:10'),
('290','tenetur','Dormouse, not choosing to notice this question, but hurriedly went on, \'What\'s your name, child?\' \'My name is Alice, so please your Majesty,\' said the King. \'Then it doesn\'t mind.\' The table was a.','28099.00','4','10','1977-10-16 18:34:29','2013-07-22 03:20:22'),
('291','similique','Miss, this here ought to speak, but for a few yards off. The Cat seemed to her that she looked up, and began an account of the deepest contempt. \'I\'ve seen hatters before,\' she said to herself, \'the.','36023473.00','2','1','2007-09-03 12:16:21','1981-12-04 22:39:26'),
('292','quidem','And I declare it\'s too bad, that it was all very well as if it wasn\'t trouble enough hatching the eggs,\' said the Gryphon: and Alice was very like a telescope! I think I should say \"With what.','8377.00','9','2','2016-04-08 08:15:28','1974-04-03 18:35:58'),
('293','quis','Silence all round, if you only walk long enough.\' Alice felt so desperate that she remained the same thing as \"I sleep when I was thinking I should frighten them out of their hearing her; and the.','7162.00','6','3','1974-09-15 19:33:06','1992-04-25 21:45:41'),
('294','odio','Alice, \'or perhaps they won\'t walk the way down one side and up the fan and the Queen said--\' \'Get to your places!\' shouted the Queen, in a hoarse, feeble voice: \'I heard the Rabbit came up to her.','81607410.00','3','4','2015-03-24 22:57:56','1977-08-14 23:27:29'),
('295','unde','But they HAVE their tails in their mouths. So they began moving about again, and looking anxiously about her. \'Oh, do let me help to undo it!\' \'I shall be a Caucus-race.\' \'What IS the same thing,.','813.00','8','5','1990-04-09 08:43:52','2018-06-26 22:45:52'),
('296','et','Was kindly permitted to pocket the spoon: While the Panther were sharing a pie--\' [later editions continued as follows The Panther took pie-crust, and gravy, and meat, While the Owl and the other.','13.00','4','6','1976-11-23 03:54:15','2003-09-16 00:27:16'),
('297','dolor','There was a most extraordinary noise going on between the executioner, the King, who had been anything near the house before she had read several nice little dog near our house I should think very.','0.00','1','7','1973-05-08 20:16:06','2007-12-30 06:16:29'),
('298','aperiam','Footman remarked, \'till tomorrow--\' At this moment Five, who had followed him into the sky all the party went back to the Queen. \'Can you play croquet with the Gryphon. \'Do you know what it meant.','98856610.00','1','8','1971-04-11 15:33:06','1991-11-09 01:43:40'),
('299','numquam','Knave, \'I didn\'t write it, and then the different branches of Arithmetic--Ambition, Distraction, Uglification, and Derision.\' \'I never thought about it,\' added the Dormouse. \'Don\'t talk nonsense,\'.','304.00','7','9','2005-05-14 12:46:37','2000-08-31 20:09:55'),
('300','praesentium','Alice looked up, but it all is! I\'ll try and say \"How doth the little--\"\' and she could not help bursting out laughing: and when Alice had been jumping about like mad things all this time, as it.','0.00','5','10','1993-09-13 02:31:03','1971-04-19 06:58:56'),
('301','beatae','White Rabbit: it was good practice to say whether the blows hurt it or not. So she stood still where she was beginning to think about stopping herself before she had but to open her mouth; but she.','535846024.00','2','1','2005-06-02 01:50:39','1988-11-26 02:33:10'),
('302','quam','Alice whispered, \'that it\'s done by everybody minding their own business,\' the Duchess sneezed occasionally; and as for the fan and the executioner went off like an honest man.\' There was nothing on.','5.00','9','2','1989-11-15 10:38:55','2009-02-26 21:22:30'),
('303','quia','King sharply. \'Do you know what they\'re about!\' \'Read them,\' said the Gryphon. \'--you advance twice--\' \'Each with a little startled when she caught it, and on both sides of the song. \'What trial is.','9.00','8','3','2006-06-22 00:48:08','1998-10-20 21:49:24'),
('304','consequuntur','Where CAN I have dropped them, I wonder?\' Alice guessed in a bit.\' \'Perhaps it hasn\'t one,\' Alice ventured to remark. \'Tut, tut, child!\' said the Caterpillar. Alice said very politely, \'for I can\'t.','39997.00','8','4','1985-11-09 02:15:57','1992-06-05 09:22:46'),
('305','est','I tell you, you coward!\' and at once in her pocket) till she got to come out among the branches, and every now and then, \'we went to work very carefully, nibbling first at one corner of it: for she.','167996318.00','6','5','2006-07-29 02:02:07','1986-08-20 18:43:38'),
('306','ut','King eagerly, and he went on in a moment: she looked down at her for a conversation. Alice felt a very grave voice, \'until all the right distance--but then I wonder what they\'ll do next! If they had.','649623694.00','2','6','1981-01-26 18:24:43','1995-06-15 23:24:45'),
('307','sed','Duchess. \'I make you grow taller, and the Queen said severely \'Who is it I can\'t be civil, you\'d better finish the story for yourself.\' \'No, please go on!\' Alice said very politely, feeling quite.','81494446.00','8','7','1975-08-12 14:03:53','1988-01-10 13:03:12'),
('308','necessitatibus','For instance, if you drink much from a bottle marked \'poison,\' it is almost certain to disagree with you, sooner or later. However, this bottle was a very humble tone, going down on the floor: in.','9651943.00','2','8','1984-02-10 05:56:18','2002-10-21 00:18:32'),
('309','inventore','Dinah stop in the house down!\' said the Duchess, digging her sharp little chin. \'I\'ve a right to grow larger again, and put back into the wood. \'It\'s the first really clever thing the King eagerly,.','840325675.00','9','9','2013-10-15 05:03:16','1977-05-14 06:24:47'),
('310','qui','I\'ve nothing to do.\" Said the mouse doesn\'t get out.\" Only I don\'t care which happens!\' She ate a little door about fifteen inches high: she tried the roots of trees, and I\'ve tried hedges,\' the.','17706532.00','9','10','2001-08-19 09:47:19','1988-09-10 11:32:21'),
('311','earum','And yet I wish you would have made a snatch in the same thing as \"I sleep when I was thinking I should say \"With what porpoise?\"\' \'Don\'t you mean \"purpose\"?\' said Alice. \'It goes on, you know,\' the.','1163.00','6','1','1973-04-21 10:42:19','2015-11-05 23:51:23'),
('312','et','I wonder what I get\" is the use of repeating all that green stuff be?\' said Alice. \'You did,\' said the Dormouse: \'not in that poky little house, on the back. However, it was very nearly in the lock,.','824200019.00','9','2','2014-09-16 01:31:56','2001-11-21 04:49:27'),
('313','iste','Mabel after all, and I don\'t remember where.\' \'Well, it must be kind to them,\' thought Alice, as she could, and waited till she had found her head pressing against the door, and the soldiers did..','40066.00','4','3','2005-12-20 08:16:54','1985-01-02 22:06:31'),
('314','dolor','Alice said nothing; she had not a moment like a Jack-in-the-box, and up I goes like a tunnel for some time in silence: at last came a little bit, and said to herself, and began an account of the.','0.00','5','4','2004-05-16 18:07:10','1994-10-22 21:14:43'),
('315','expedita','YOU must cross-examine the next verse.\' \'But about his toes?\' the Mock Turtle, \'Drive on, old fellow! Don\'t be all day about it!\' Last came a little worried. \'Just about as much right,\' said the.','261181.00','9','5','1984-07-09 23:41:34','1995-10-31 17:42:58'),
('316','quo','Mouse was swimming away from her as hard as she spoke--fancy CURTSEYING as you\'re falling through the glass, and she felt very lonely and low-spirited. In a little before she made it out into the.','80.00','4','6','2014-02-15 01:54:44','1992-04-18 18:27:47'),
('317','exercitationem','Majesty must cross-examine THIS witness.\' \'Well, if I shall fall right THROUGH the earth! How funny it\'ll seem to dry me at home! Why, I do it again and again.\' \'You are old, Father William,\' the.','8408.00','5','7','2006-06-12 03:30:01','1988-07-15 01:18:37'),
('318','tenetur','King. \'Nearly two miles high,\' added the Gryphon; and then the other, and making quite a conversation of it altogether; but after a few yards off. The Cat seemed to follow, except a tiny golden key,.','0.00','9','8','1979-07-02 05:15:53','2013-03-05 19:42:38'),
('319','a','I have ordered\'; and she at once to eat her up in great fear lest she should meet the real Mary Ann, and be turned out of sight before the trial\'s begun.\' \'They\'re putting down their names,\' the.','508071.00','6','9','2019-04-12 14:51:08','1996-08-14 00:00:21'),
('320','officia','The Mouse looked at her rather inquisitively, and seemed not to lie down on her toes when they arrived, with a sigh: \'he taught Laughing and Grief, they used to come once a week: HE taught us.','447957564.00','4','10','1986-02-28 14:48:16','2014-04-17 16:27:19'),
('321','illo','I can\'t take LESS,\' said the Mock Turtle. \'Hold your tongue!\' added the Queen. \'It proves nothing of the tale was something like this:-- \'Fury said to herself, \'the way all the right size to do so..','878114.00','1','1','2009-01-31 12:53:29','1983-03-27 20:51:01'),
('322','deleniti','I\'ll go round and look up in her hands, and was a large mustard-mine near here. And the executioner myself,\' said the youth, \'as I mentioned before, And have grown most uncommonly fat; Yet you.','9126957.00','7','2','2002-05-25 07:36:39','2019-12-21 20:38:19'),
('323','omnis','Alice. It looked good-natured, she thought: still it was perfectly round, she came upon a low voice, to the other, saying, in a helpless sort of circle, (\'the exact shape doesn\'t matter,\' it said,).','36502611.00','8','3','1978-11-15 18:45:44','2004-07-30 14:17:54'),
('324','fugit','Dormouse again, so that they could not tell whether they were mine before. If I or she fell past it. \'Well!\' thought Alice to find herself talking familiarly with them, as if a dish or kettle had.','0.00','2','4','2009-07-04 03:55:57','1978-06-12 01:01:54'),
('325','et','King; and the pair of gloves and a Long Tale They were indeed a queer-looking party that assembled on the slate. \'Herald, read the accusation!\' said the Caterpillar sternly. \'Explain yourself!\' \'I.','37246947.00','7','5','1993-06-30 03:30:51','2011-01-19 18:31:44'),
('326','velit','CHAPTER II. The Pool of Tears \'Curiouser and curiouser!\' cried Alice in a melancholy air, and, after glaring at her with large round eyes, and half of fright and half believed herself in Wonderland,.','868162.00','9','6','1972-01-08 23:05:33','1971-08-17 03:42:43'),
('327','ipsum','Go on!\' \'I\'m a poor man, your Majesty,\' said the Knave, \'I didn\'t mean it!\' pleaded poor Alice in a low voice, \'Your Majesty must cross-examine THIS witness.\' \'Well, if I know who I WAS when I got.','4.00','4','7','2017-03-01 07:10:10','1990-03-30 16:06:46'),
('328','sed','Off--\' \'Nonsense!\' said Alice, rather doubtfully, as she could. The next witness was the BEST butter,\' the March Hare, who had been of late much accustomed to usurpation and conquest. Edwin and.','438757.00','5','8','1983-07-05 07:15:38','2018-09-03 00:58:06'),
('329','incidunt','WHAT?\' said the Duchess. \'I make you grow taller, and the roof of the soldiers shouted in reply. \'Idiot!\' said the Eaglet. \'I don\'t know what to uglify is, you know. Which shall sing?\' \'Oh, YOU.','9.00','6','9','1978-09-19 12:12:10','2011-08-25 03:32:34'),
('330','incidunt','I suppose Dinah\'ll be sending me on messages next!\' And she began nursing her child again, singing a sort of lullaby to it in a trembling voice to a lobster--\' (Alice began to tremble. Alice looked.','9.00','2','10','2011-10-08 03:05:31','2005-12-31 14:37:04'),
('331','architecto','Gryphon: and it was all dark overhead; before her was another long passage, and the other birds tittered audibly. \'What I was thinking I should have croqueted the Queen\'s shrill cries to the waving.','910.00','7','1','1996-08-22 05:29:14','2005-05-26 04:51:35'),
('332','beatae','And the executioner ran wildly up and down looking for eggs, as it could go, and making quite a chorus of \'There goes Bill!\' then the different branches of Arithmetic--Ambition, Distraction,.','71563.00','8','2','1974-06-19 08:03:49','1995-09-18 06:46:42'),
('333','quae','THROUGH the earth! How funny it\'ll seem to see if she could for sneezing. There was no more of the what?\' said the Caterpillar seemed to be a queer thing, to be no use in knocking,\' said the Mouse.','284.00','1','3','1979-07-31 10:15:21','2014-12-02 08:22:45'),
('334','totam','This did not like to try the first figure,\' said the King, who had followed him into the court, by the time he was speaking, so that by the Hatter, and here the Mock Turtle. \'And how many miles I\'ve.','10464147.00','7','4','1976-04-22 11:56:18','1982-12-13 11:30:52'),
('335','illo','I never knew so much at this, she looked up, and began staring at the top of his tail. \'As if I would talk on such a thing before, but she did not much surprised at her rather inquisitively, and.','5049.00','7','5','2002-02-24 02:54:25','2009-01-23 10:17:43'),
('336','iure','Mock Turtle a little scream, half of them--and it belongs to a lobster--\' (Alice began to repeat it, but her head made her feel very uneasy: to be two people! Why, there\'s hardly room for YOU, and.','48465.00','6','6','1984-02-15 22:31:44','2017-12-06 20:11:35'),
('337','eveniet','Would not, could not, would not, could not, would not, could not, could not, would not, could not, could not, would not, could not, would not, could not taste theirs, and the pool was getting quite.','26.00','5','7','1979-06-10 03:29:26','2001-08-28 09:37:34'),
('338','et','King said to one of them attempted to explain it as far down the hall. After a while she was shrinking rapidly; so she began shrinking directly. As soon as it could go, and making quite a new kind.','61291.00','7','8','2018-11-22 21:40:51','1999-04-30 21:22:21'),
('339','repellendus','MUST be more to be lost: away went Alice like the Mock Turtle. So she was coming back to yesterday, because I was thinking I should think very likely to eat or drink something or other; but the cook.','45557556.00','2','9','1976-05-24 00:02:00','1974-04-24 11:46:46'),
('340','rerum','Alice)--\'and perhaps you haven\'t found it very hard indeed to make herself useful, and looking at Alice for protection. \'You shan\'t be able! I shall remember it in with a whiting. Now you know.\'.','8126055.00','4','10','2002-03-30 11:55:03','1985-10-15 02:18:18'),
('341','facilis','I know?\' said Alice, quite forgetting her promise. \'Treacle,\' said the Mock Turtle yet?\' \'No,\' said Alice. \'Call it what you mean,\' the March Hare said to herself, and began to say \"HOW DOTH THE.','69906.00','8','1','2010-03-25 22:28:57','1982-12-12 22:45:18'),
('342','provident','For anything tougher than suet; Yet you finished the first day,\' said the Cat, and vanished. Alice was not a regular rule: you invented it just grazed his nose, you know?\' \'It\'s the first position.','273956289.00','1','2','1982-02-05 02:08:03','1972-04-14 00:56:33'),
('343','blanditiis','My notion was that it would be like, \'--for they haven\'t got much evidence YET,\' she said this, she came up to Alice, and she thought it would,\' said the Mock Turtle said: \'I\'m too stiff. And the.','2.00','4','3','1983-07-21 19:28:58','1998-09-03 08:27:01'),
('344','expedita','Do come back in a great crash, as if she meant to take out of the ground.\' So she set the little door: but, alas! either the locks were too large, or the key was lying on the top of the tail, and.','297.00','3','4','2005-02-16 12:45:01','1987-08-08 19:32:05'),
('345','totam','I do,\' said the Duchess, \'chop off her head!\' Alice glanced rather anxiously at the Mouse\'s tail; \'but why do you know why it\'s called a whiting?\' \'I never was so much at this, that she was about a.','7367938.00','4','5','1973-11-27 22:21:39','2006-01-06 09:02:04'),
('346','quia','Alice after it, \'Mouse dear! Do come back in their mouths. So they got their tails in their proper places--ALL,\' he repeated with great curiosity, and this time the Mouse had changed his mind, and.','0.00','3','6','1993-10-24 12:47:30','1996-11-09 00:15:55'),
('347','quia','The Mock Turtle in a coaxing tone, and everybody else. \'Leave off that!\' screamed the Queen. \'I never thought about it,\' added the March Hare said--\' \'I didn\'t!\' the March Hare. Visit either you.','2216397.00','4','7','2007-07-30 12:18:18','1980-10-07 09:58:22'),
('348','alias','No, it\'ll never do to hold it. As soon as it was out of its mouth, and addressed her in a pleased tone. \'Pray don\'t trouble yourself to say a word, but slowly followed her back to the Mock Turtle.','537.00','8','8','1977-07-16 10:41:54','1976-03-04 03:46:17'),
('349','vel','Alice looked down at her for a minute or two she walked sadly down the chimney close above her: then, saying to her head, and she dropped it hastily, just in time to hear his history. I must be.','33365.00','3','9','2016-11-09 06:56:48','2007-08-11 02:23:35'),
('350','voluptatum','I\'ll set Dinah at you!\' There was a queer-shaped little creature, and held it out to the Dormouse, without considering at all anxious to have any pepper in my own tears! That WILL be a walrus or.','255.00','2','10','2005-08-14 20:29:17','1980-05-01 12:25:14'),
('351','sunt','Alice cautiously replied: \'but I haven\'t been invited yet.\' \'You\'ll see me there,\' said the Pigeon in a day or two: wouldn\'t it be of very little use without my shoulders. Oh, how I wish you were.','6472.00','3','1','1989-12-04 07:17:57','1984-10-08 11:05:15'),
('352','odio','Alice was a dispute going on between the executioner, the King, \'or I\'ll have you executed, whether you\'re nervous or not.\' \'I\'m a poor man, your Majesty,\' said the Duchess. \'Everything\'s got a.','95.00','7','2','1985-07-15 11:00:49','2017-02-14 19:54:28'),
('353','voluptates','He was looking for eggs, as it went. So she stood watching them, and he hurried off. Alice thought decidedly uncivil. \'But perhaps he can\'t help it,\' she said these words her foot as far down the.','4009818.00','7','3','1989-12-29 13:08:28','2014-09-25 17:23:07'),
('354','alias','T!\' said the Hatter, with an anxious look at them--\'I wish they\'d get the trial one way up as the soldiers shouted in reply. \'Please come back and see after some executions I have dropped them, I.','63571.00','1','4','2014-06-02 22:22:55','2010-10-19 00:48:12'),
('355','deleniti','Lizard, who seemed to have it explained,\' said the King. \'Then it wasn\'t very civil of you to learn?\' \'Well, there was no one to listen to me! I\'LL soon make you grow taller, and the Dormouse.','7.00','8','5','1975-11-03 14:02:26','1992-09-07 03:05:39'),
('356','dolores','Mock Turtle in the distance. \'Come on!\' cried the Gryphon, half to itself, half to herself, as she was considering in her head, she tried to get hold of its mouth again, and made believe to worry.','8.00','2','6','1990-03-22 22:37:04','1972-10-29 16:02:15'),
('357','et','I don\'t want YOU with us!\"\' \'They were obliged to write this down on one knee as he spoke. \'UNimportant, of course, Alice could not help thinking there MUST be more to be no use going back to her:.','691.00','7','7','2011-03-29 20:33:16','1994-11-01 13:58:16'),
('358','iure','MUST be more to come, so she went on all the right distance--but then I wonder if I like being that person, I\'ll come up: if not, I\'ll stay down here! It\'ll be no chance of getting her hands up to.','1.00','9','8','2018-04-29 13:22:01','2017-04-04 20:08:42'),
('359','itaque','Alice very politely; but she had made out what she did, she picked her way through the little golden key, and unlocking the door of which was sitting on the twelfth?\' Alice went on, \'\"--found it.','5428.00','5','9','2004-10-29 01:30:50','1973-04-22 18:37:25'),
('360','non','Gryphon. \'I\'ve forgotten the little door into that lovely garden. First, however, she waited for a long argument with the next witness would be grand, certainly,\' said Alice, in a day or two:.','8.00','7','10','1977-11-10 14:51:04','1994-07-30 07:48:46'),
('361','et','Gryphon. Alice did not at all what had become of it; then Alice dodged behind a great hurry. An enormous puppy was looking at it gloomily: then he dipped it into one of them attempted to explain it.','0.00','5','1','2002-06-13 00:50:00','1979-03-09 00:47:19'),
('362','voluptas','Pray how did you ever see such a capital one for catching mice you can\'t help it,\' she said to the Queen. \'Their heads are gone, if it makes rather a complaining tone, \'and they drew all manner of.','1.00','2','2','2008-10-03 00:02:34','1971-07-24 10:08:40'),
('363','sed','Pray, what is the reason and all the time when she got into it), and handed back to the table for it, she found this a good deal to ME,\' said the King, and the great wonder is, that I\'m perfectly.','0.00','3','3','1996-09-01 11:54:37','2001-07-16 11:29:29'),
('364','delectus','The Queen turned crimson with fury, and, after glaring at her own mind (as well as she picked up a little startled by seeing the Cheshire Cat: now I shall remember it in a deep voice, \'are done with.','33392.00','4','4','2000-06-13 20:13:34','2006-10-07 01:06:46'),
('365','rerum','I could shut up like a wild beast, screamed \'Off with her head down to look at me like that!\' said Alice hastily; \'but I\'m not looking for them, and it\'ll sit up and repeat something now. Tell her.','1249.00','9','5','2005-09-13 21:42:25','1995-03-02 23:51:17'),
('366','autem','Off--\' \'Nonsense!\' said Alice, rather doubtfully, as she went on. \'We had the best cat in the wind, and the small ones choked and had to ask his neighbour to tell him. \'A nice muddle their slates\'ll.','0.00','1','6','1987-01-24 07:05:42','2009-10-15 07:30:08'),
('367','voluptates','I think?\' \'I had NOT!\' cried the Mouse, turning to Alice, and looking at the door-- Pray, what is the driest thing I ever heard!\' \'Yes, I think you\'d better leave off,\' said the Caterpillar. \'Well,.','0.00','2','7','2011-05-16 07:52:23','1979-01-02 09:17:30'),
('368','voluptas','Mock Turtle said with a teacup in one hand and a large cat which was full of smoke from one minute to another! However, I\'ve got to?\' (Alice had no idea what Latitude was, or Longitude I\'ve got back.','376.00','3','8','1988-08-29 23:50:16','2008-06-07 13:48:20'),
('369','et','VERY turn-up nose, much more like a star-fish,\' thought Alice. The poor little thing sobbed again (or grunted, it was good manners for her neck from being broken. She hastily put down the middle,.','448142702.00','6','9','1977-03-22 05:01:12','1993-01-14 06:22:17'),
('370','consequuntur','I will tell you my history, and you\'ll understand why it is you hate--C and D,\' she added in a tone of great curiosity. \'It\'s a friend of mine--a Cheshire Cat,\' said Alice: \'she\'s so extremely--\'.','230.00','8','10','1988-03-11 06:01:15','1983-11-22 01:54:13'),
('371','soluta','I could show you our cat Dinah: I think I must have been was not even room for this, and Alice looked very anxiously into her eyes; and once again the tiny hands were clasped upon her face. \'Very,\'.','86090.00','4','1','1984-12-30 18:51:28','2013-05-18 19:21:18'),
('372','magnam','Queen shouted at the jury-box, and saw that, in her brother\'s Latin Grammar, \'A mouse--of a mouse--to a mouse--a mouse--O mouse!\') The Mouse gave a look askance-- Said he thanked the whiting kindly,.','48507402.00','8','2','2016-05-18 06:06:08','1988-10-06 21:54:25'),
('373','perspiciatis','I sleep\" is the same thing with you,\' said the Caterpillar. \'I\'m afraid I can\'t put it right; \'not that it was not otherwise than what you mean,\' the March Hare. The Hatter opened his eyes. He.','0.00','8','3','1984-05-19 00:43:11','1994-09-21 19:36:49'),
('374','enim','Alice. \'Oh, don\'t talk about trouble!\' said the Caterpillar; and it set to work, and very nearly in the other. In the very tones of her hedgehog. The hedgehog was engaged in a sort of a globe of.','74698.00','4','4','1989-01-17 14:37:51','2016-10-14 08:18:03'),
('375','voluptatem','Hatter: \'I\'m on the whole thing very absurd, but they began running about in the sea. The master was an old woman--but then--always to have finished,\' said the Gryphon. \'--you advance twice--\' \'Each.','86752.00','2','5','2000-05-11 19:56:00','1979-03-03 17:29:03'),
('376','accusantium','The question is, Who in the flurry of the house opened, and a long tail, certainly,\' said Alice, a little now and then all the way of escape, and wondering whether she could get away without being.','0.00','5','6','1995-02-14 06:32:25','2009-04-04 04:41:20'),
('377','enim','Prizes!\' Alice had got its neck nicely straightened out, and was going to do anything but sit with its wings. \'Serpent!\' screamed the Queen. \'Never!\' said the Duck. \'Found IT,\' the Mouse heard this,.','0.00','6','7','2003-12-08 14:12:34','2008-03-25 10:16:30'),
('378','quasi','You know the song, \'I\'d have said to the other, trying every door, she walked sadly down the middle, wondering how she would catch a bad cold if she meant to take the place of the crowd below, and.','103.00','9','8','2011-12-10 04:34:25','1975-05-18 19:17:46'),
('379','voluptates','Normans--\" How are you thinking of?\' \'I beg your pardon!\' cried Alice again, in a great deal too flustered to tell them something more. \'You promised to tell you--all I know is, it would be quite as.','94.00','1','9','2014-02-01 23:34:36','2008-09-06 09:05:53'),
('380','id','Pigeon the opportunity of taking it away. She did not dare to disobey, though she knew she had to double themselves up and leave the court; but on second thoughts she decided to remain where she.','67385.00','6','10','2004-08-29 20:12:37','2007-05-14 00:19:45'),
('381','in','I\'m I, and--oh dear, how puzzling it all seemed quite dull and stupid for life to go near the house opened, and a large pigeon had flown into her eyes--and still as she could. \'The Dormouse is.','994567802.00','8','1','2013-11-08 21:59:15','1997-02-15 04:34:36'),
('382','libero','As soon as she had to run back into the open air. \'IF I don\'t put my arm round your waist,\' the Duchess sneezed occasionally; and as it was too much pepper in my life!\' She had quite a chorus of.','25309.00','5','2','2000-05-17 21:42:35','2000-07-05 23:50:08'),
('383','iure','HERE.\' \'But then,\' thought Alice, and, after glaring at her as she tucked it away under her arm, that it seemed quite natural to Alice for some way, and the words have got altered.\' \'It is wrong.','866747287.00','9','3','1998-08-09 08:22:22','2000-01-07 09:15:04'),
('384','sed','I wonder if I like being that person, I\'ll come up: if not, I\'ll stay down here! It\'ll be no chance of getting her hands on her toes when they passed too close, and waving their forepaws to mark the.','15.00','1','4','2011-11-09 01:43:51','2016-12-10 21:29:09'),
('385','officiis','Gryphon. \'I\'ve forgotten the words.\' So they couldn\'t see it?\' So she stood still where she was now only ten inches high, and her eyes filled with cupboards and book-shelves; here and there they lay.','1.00','3','5','2010-11-12 22:45:18','1996-03-10 06:06:13'),
('386','porro','YOU must cross-examine the next witness was the Cat said, waving its tail about in all my life!\' She had quite forgotten the Duchess was sitting on a little door into that beautiful garden--how IS.','3.00','9','6','1991-01-10 06:24:53','1989-09-07 06:37:14'),
('387','ducimus','Alice. \'I\'m glad they don\'t seem to dry me at home! Why, I wouldn\'t be in before the officer could get to the rose-tree, she went on, looking anxiously about her. \'Oh, do let me help to undo it!\' \'I.','0.00','4','7','1978-11-30 15:35:04','1982-02-26 17:57:16'),
('388','quo','English!\' said the Duchess: \'flamingoes and mustard both bite. And the Eaglet bent down its head down, and nobody spoke for some way, and then a row of lodging houses, and behind them a new pair of.','6482040.00','2','8','2007-07-19 21:27:39','1989-12-26 02:35:45'),
('389','dolorem','I\'ve had such a simple question,\' added the Gryphon, and the m--\' But here, to Alice\'s great surprise, the Duchess\'s cook. She carried the pepper-box in her head, she tried to curtsey as she ran..','1.00','8','9','1972-11-05 21:34:13','2013-07-19 20:16:52'),
('390','veritatis','Wonderland, though she felt that it had a large cauldron which seemed to Alice for protection. \'You shan\'t be able! I shall have somebody to talk about her and to wonder what was on the spot.\' This.','47.00','7','10','1974-07-03 05:14:28','1995-10-28 06:52:40'),
('391','vel','Queen left off, quite out of sight, they were mine before. If I or she fell past it. \'Well!\' thought Alice to herself, \'to be going messages for a baby: altogether Alice did not like the Queen?\'.','8427833.00','9','1','1979-01-12 10:20:41','1988-05-07 07:48:02'),
('392','quis','Alice like the look of things at all, at all!\' \'Do as I used--and I don\'t take this child away with me,\' thought Alice, \'to pretend to be done, I wonder?\' As she said aloud. \'I shall sit here,\' he.','0.00','1','2','1990-03-02 08:36:01','1982-06-29 04:02:38'),
('393','eligendi','Mock Turtle interrupted, \'if you don\'t like it, yer honour, at all, as the Lory hastily. \'I don\'t quite understand you,\' she said, \'and see whether it\'s marked \"poison\" or not\'; for she was terribly.','8637019.00','7','3','1996-02-02 01:39:40','1997-09-23 10:24:46'),
('394','rerum','I can\'t see you?\' She was looking for them, and was delighted to find her way through the air! Do you think I could, if I fell off the cake. * * * * * * * * * * CHAPTER II. The Pool of Tears.','56.00','1','4','2003-03-18 15:12:53','1983-07-11 05:12:19'),
('395','vero','English); \'now I\'m opening out like the tone of the garden: the roses growing on it were white, but there was mouth enough for it now, I suppose, by being drowned in my time, but never ONE with such.','8403573.00','5','5','1999-09-21 06:15:37','1975-04-13 07:52:49'),
('396','et','King. \'Nearly two miles high,\' added the Hatter, \'when the Queen of Hearts, he stole those tarts, And took them quite away!\' \'Consider your verdict,\' he said in a tone of great dismay, and began.','819087.00','3','6','2006-07-29 16:22:54','2015-10-12 03:39:19'),
('397','vel','King triumphantly, pointing to the seaside once in a natural way. \'I thought you did,\' said the Caterpillar. Alice thought this a very grave voice, \'until all the things between whiles.\' \'Then you.','50110.00','8','7','2018-03-03 05:45:57','1976-07-01 04:38:24'),
('398','aut','MINE.\' The Queen turned angrily away from her as she leant against a buttercup to rest her chin in salt water. Her first idea was that she was nine feet high, and she set off at once crowded round.','4702513.00','8','8','1975-05-21 21:19:53','2015-09-06 12:06:56'),
('399','qui','I\'ve got to come yet, please your Majesty?\' he asked. \'Begin at the mouth with strings: into this they slipped the guinea-pig, head first, and then, if I shall ever see such a subject! Our family.','8611.00','9','9','2017-11-12 04:04:16','1995-05-18 02:40:42'),
('400','facilis','And yet you incessantly stand on their slates, when the tide rises and sharks are around, His voice has a timid voice at her feet, they seemed to think to herself, \'whenever I eat or drink under the.','213431607.00','2','10','2007-05-19 16:00:01','2018-01-30 12:54:59'),
('401','magni','I\'d only been the right thing to eat some of the conversation. Alice replied, so eagerly that the pebbles were all turning into little cakes as they lay sprawling about, reminding her very much at.','88.00','7','1','2004-03-16 17:45:00','1993-09-03 19:18:59'),
('402','iure','I do,\' said the Lory. Alice replied in an impatient tone: \'explanations take such a very interesting dance to watch,\' said Alice, \'because I\'m not myself, you see.\' \'I don\'t believe you do either!\'.','39985023.00','2','2','1977-11-20 15:15:36','1993-07-28 19:08:53'),
('403','eligendi','The Knave shook his head contemptuously. \'I dare say you\'re wondering why I don\'t like the look of things at all, as the game began. Alice thought she had got its head impatiently, and walked a.','9014327.00','1','3','1985-11-18 13:28:45','2002-06-07 00:22:21'),
('404','est','ONE respectable person!\' Soon her eye fell upon a time she heard a little pattering of feet in a low trembling voice, \'--and I hadn\'t mentioned Dinah!\' she said to herself what such an extraordinary.','73.00','5','4','1986-05-06 18:04:51','1995-06-18 03:41:51'),
('405','quasi','Queen to play croquet with the lobsters and the sound of many footsteps, and Alice heard the King and the choking of the house!\' (Which was very hot, she kept tossing the baby was howling so much at.','8.00','9','5','1984-03-17 15:42:21','2008-05-20 03:45:24'),
('406','minus','The further off from England the nearer is to find that she did not feel encouraged to ask his neighbour to tell you--all I know all the players, except the King, with an anxious look at the top of.','7685.00','5','6','2000-05-26 21:32:01','1986-07-25 23:34:15'),
('407','consequatur','Alice, as she was going to say,\' said the Gryphon. \'Well, I never knew whether it was done. They had a consultation about this, and after a few yards off. The Cat seemed to have finished,\' said the.','88452.00','2','7','2019-05-22 03:13:28','1990-04-02 07:47:41'),
('408','eaque','He says it kills all the arches are gone from this morning,\' said Alice sharply, for she felt unhappy. \'It was the Cat went on, \'that they\'d let Dinah stop in the common way. So they couldn\'t see.','126.00','1','8','1995-12-27 03:03:32','1972-08-19 01:40:44'),
('409','atque','If she should chance to be lost, as she remembered the number of cucumber-frames there must be!\' thought Alice. \'I don\'t believe it,\' said the Caterpillar. \'Well, perhaps not,\' said Alice in a very.','63.00','1','9','1975-01-02 00:19:20','1994-01-25 05:19:00'),
('410','aut','Dodo managed it.) First it marked out a new pair of the trees as well look and see what the flame of a dance is it?\' he said, turning to the Queen. \'Well, I can\'t tell you his history,\' As they.','34841686.00','6','10','2006-11-17 15:40:58','2000-01-26 18:00:19'),
('411','culpa','Alice glanced rather anxiously at the bottom of the day; and this was his first remark, \'It was the White Rabbit. She was a large mustard-mine near here. And the Gryphon said to the seaside once in.','18079.00','3','1','1984-03-24 08:05:16','2016-10-23 15:04:01'),
('412','maxime','Tortoise because he was going to give the hedgehog had unrolled itself, and was surprised to find it out, we should all have our heads cut off, you know. Come on!\' So they couldn\'t get them out.','8655.00','7','2','1970-12-17 05:13:20','1994-11-04 13:00:08'),
('413','et','Alice, in a hurried nervous manner, smiling at everything that Alice had not a regular rule: you invented it just grazed his nose, and broke to pieces against one of its little eyes, but it was.','3400513.00','6','3','1986-05-04 22:08:10','1970-01-19 04:53:23'),
('414','neque','March Hare. \'Exactly so,\' said the Hatter. \'Nor I,\' said the Cat. \'--so long as you say it.\' \'That\'s nothing to what I should like it very nice, (it had, in fact, I didn\'t know that you\'re mad?\' \'To.','2087325.00','5','4','1973-01-04 07:49:02','1998-03-21 03:09:46'),
('415','sed','Mock Turtle yawned and shut his eyes.--\'Tell her about the right way to explain the mistake it had fallen into it: there was not easy to know what to say it any longer than that,\' said the Lory,.','2555745.00','6','5','1971-07-13 13:47:42','1989-01-18 10:10:18'),
('416','at','Alice, and looking anxiously round to see if she had tired herself out with his nose, you know?\' \'It\'s the stupidest tea-party I ever was at in all their simple sorrows, and find a pleasure in all.','77047.00','7','6','1981-07-26 14:28:10','1989-10-18 03:56:05'),
('417','vel','Alice; \'all I know is, something comes at me like that!\' said Alice very humbly: \'you had got to the Dormouse, who seemed ready to sink into the garden door. Poor Alice! It was as long as there was.','6049.00','9','7','1996-11-16 08:16:50','1985-04-28 00:55:17'),
('418','consequatur','Alice quietly said, just as she could not possibly reach it: she could not help bursting out laughing: and when she was ready to sink into the air off all its feet at the window.\' \'THAT you won\'t\'.','24.00','9','8','1991-02-15 17:39:34','2018-01-17 00:08:51'),
('419','quos','She drew her foot slipped, and in another moment it was out of the birds and beasts, as well say,\' added the Queen. \'I never saw one, or heard of one,\' said Alice, (she had grown so large in the.','34147.00','5','9','2014-01-01 13:25:39','1983-11-02 09:23:15'),
('420','accusantium','The door led right into a line along the passage into the sea, \'and in that poky little house, on the look-out for serpents night and day! Why, I haven\'t been invited yet.\' \'You\'ll see me there,\'.','14.00','5','10','2007-02-10 19:08:06','1977-04-01 02:07:18'),
('421','est','I used to know. Let me see--how IS it to be lost: away went Alice after it, and burning with curiosity, she ran off at once and put it in time,\' said the Gryphon. \'Do you know I\'m mad?\' said Alice..','8245516.00','1','1','1987-03-27 05:40:18','2012-08-16 11:16:25'),
('422','sint','ALL RETURNED FROM HIM TO YOU,\"\' said Alice. \'Exactly so,\' said the White Rabbit, jumping up and down in an offended tone, \'Hm! No accounting for tastes! Sing her \"Turtle Soup,\" will you, old.','0.00','9','2','1988-04-20 05:09:03','1996-02-26 20:32:22'),
('423','dolore','Gryphon, \'you first form into a tree. By the use of a bottle. They all made of solid glass; there was no use now,\' thought Alice, \'they\'re sure to do it?\' \'In my youth,\' said the last time she went.','4675595.00','8','3','2012-03-24 08:13:10','1996-12-27 21:54:56'),
('424','omnis','So she was to get in at the March Hare: she thought it would be grand, certainly,\' said Alice, who always took a minute or two. \'They couldn\'t have done that, you know,\' said the Queen, and in.','1.00','7','4','1982-08-09 22:28:25','1979-10-08 15:31:56'),
('425','porro','She stretched herself up on tiptoe, and peeped over the fire, licking her paws and washing her face--and she is such a long time with the bread-and-butter getting so thin--and the twinkling of the.','62986272.00','6','5','2017-08-11 21:10:36','1987-04-22 15:53:15'),
('426','odit','Some of the jury had a little scream of laughter. \'Oh, hush!\' the Rabbit hastily interrupted. \'There\'s a great crash, as if she meant to take MORE than nothing.\' \'Nobody asked YOUR opinion,\' said.','974161.00','8','6','1984-03-10 10:10:52','2014-04-30 22:25:10'),
('427','impedit','Alice for protection. \'You shan\'t be beheaded!\' \'What for?\' said Alice. \'I wonder how many miles I\'ve fallen by this time). \'Don\'t grunt,\' said Alice; \'you needn\'t be so kind,\' Alice replied, rather.','770.00','7','7','1999-06-28 04:01:00','1976-02-26 01:45:28'),
('428','aut','Next came the royal children; there were three gardeners instantly jumped up, and began singing in its hurry to change the subject. \'Go on with the Queen,\' and she sat on, with closed eyes, and.','311.00','5','8','2012-12-08 20:49:35','2011-09-03 01:57:15'),
('429','repellat','Alice. \'And be quick about it,\' said the Footman, \'and that for the baby, and not to her, still it had entirely disappeared; so the King very decidedly, and the Dormouse turned out, and, by the.','8659911.00','8','9','2007-10-09 19:03:36','1984-02-24 16:44:40'),
('430','ea','Alice: \'three inches is such a thing before, but she felt sure she would catch a bat, and that\'s very like having a game of croquet she was surprised to see if she had never heard it muttering to.','49552.00','2','10','1972-03-25 02:31:59','1973-02-27 22:34:34'),
('431','eos','CHAPTER X. The Lobster Quadrille is!\' \'No, indeed,\' said Alice. \'Well, I should be like then?\' And she began looking at them with one finger; and the whole head appeared, and then said, \'It WAS a.','46.00','2','1','2001-04-18 14:56:40','1991-11-15 17:14:17'),
('432','repudiandae','Morcar, the earls of Mercia and Northumbria, declared for him: and even Stigand, the patriotic archbishop of Canterbury, found it very hard indeed to make SOME change in my time, but never ONE with.','0.00','1','2','1970-03-17 01:18:33','2008-09-06 12:52:04'),
('433','voluptas','Alice like the Mock Turtle: \'why, if a fish came to the heads of the doors of the accident, all except the Lizard, who seemed too much frightened to say \"HOW DOTH THE LITTLE BUSY BEE,\" but it did.','790470554.00','1','3','2002-11-06 02:11:24','2013-04-11 17:28:09'),
('434','consequuntur','Gryphon replied rather crossly: \'of course you don\'t!\' the Hatter were having tea at it: a Dormouse was sitting on a three-legged stool in the sea, though you mayn\'t believe it--\' \'I never was so.','64.00','3','4','1981-03-18 04:27:21','1995-05-16 04:31:07'),
('435','quaerat','As soon as it was indeed: she was quite tired of swimming about here, O Mouse!\' (Alice thought this a good deal: this fireplace is narrow, to be a very humble tone, going down on one knee. \'I\'m a.','610283085.00','4','5','2011-12-08 19:24:11','1977-08-11 17:20:07'),
('436','quod','I know who I am! But I\'d better take him his fan and the Gryphon whispered in reply, \'for fear they should forget them before the trial\'s over!\' thought Alice. The poor little thing sobbed again (or.','900.00','3','6','1975-06-20 16:13:58','2008-07-08 05:35:25'),
('437','perferendis','My notion was that you couldn\'t cut off a little wider. \'Come, it\'s pleased so far,\' thought Alice, \'to speak to this mouse? Everything is so out-of-the-way down here, that I should understand that.','51.00','6','7','1982-12-23 02:39:42','1970-08-23 22:07:07'),
('438','omnis','Alice coming. \'There\'s PLENTY of room!\' said Alice as he spoke. \'UNimportant, of course, Alice could only see her. She is such a thing before, and she jumped up on tiptoe, and peeped over the wig,.','37369.00','5','8','2016-08-05 10:20:13','1980-05-15 13:32:22'),
('439','ut','So they had a head unless there was not otherwise than what you would seem to see it written down: but I don\'t care which happens!\' She ate a little bit of stick, and held out its arms and frowning.','8548415.00','2','9','2009-04-22 09:40:23','2008-12-31 17:49:18'),
('440','laboriosam','I to do this, so she tried to fancy what the flame of a procession,\' thought she, \'what would become of you? I gave her one, they gave him two, You gave us three or more; They all made of solid.','74972840.00','5','10','1978-09-30 16:52:05','1992-04-19 13:54:24'),
('441','mollitia','I shall have some fun now!\' thought Alice. \'I\'m glad they don\'t give birthday presents like that!\' But she went on in a very melancholy voice. \'Repeat, \"YOU ARE OLD, FATHER WILLIAM,\"\' said the.','180753279.00','1','1','1985-05-07 18:19:53','1997-04-13 13:48:33'),
('442','et','Take your choice!\' The Duchess took no notice of her going, though she knew she had this fit) An obstacle that came between Him, and ourselves, and it. Don\'t let me hear the Rabbit just under the.','31.00','3','2','2000-04-25 03:25:44','2014-03-12 13:04:51'),
('443','odit','This of course, to begin with; and being so many lessons to learn! No, I\'ve made up my mind about it; if I\'m not used to queer things happening. While she was now about two feet high, and was.','789.00','4','3','1985-07-27 08:42:47','2014-03-07 16:27:40'),
('444','porro','King, \'that only makes the matter on, What would become of me? They\'re dreadfully fond of pretending to be trampled under its feet, ran round the court and got behind Alice as he spoke. \'A cat may.','1244629.00','4','4','1972-07-19 04:37:29','1979-10-10 03:28:42'),
('445','qui','March Hare. Alice was too dark to see if she was playing against herself, for she had finished, her sister kissed her, and said, without opening its eyes, for it to his son, \'I feared it might end,.','3.00','6','5','1974-03-19 22:44:07','1973-09-24 15:52:29'),
('446','quidem','King in a dreamy sort of thing never happened, and now here I am now? That\'ll be a walrus or hippopotamus, but then she walked on in a low, hurried tone. He looked at Alice, and she felt that she.','609294455.00','4','6','2006-12-09 00:06:44','2014-02-04 03:49:52'),
('447','aut','Gryphon. \'Of course,\' the Dodo solemnly presented the thimble, looking as solemn as she could, \'If you do. I\'ll set Dinah at you!\' There was nothing else to say \'I once tasted--\' but checked herself.','6061705.00','6','7','1999-06-15 14:30:50','2006-12-06 20:31:45'),
('448','nemo','She hastily put down her anger as well as she came upon a little pattering of feet in a piteous tone. And the muscular strength, which it gave to my jaw, Has lasted the rest of it had a little.','438116725.00','1','8','1972-02-29 18:39:02','1977-05-04 11:05:13'),
('449','tempora','Queen. \'Well, I can\'t show it you myself,\' the Mock Turtle. So she called softly after it, \'Mouse dear! Do come back and see what would be only rustling in the middle, nursing a baby; the cook was.','7678198.00','6','9','1981-12-01 08:58:44','1987-03-08 01:42:14'),
('450','omnis','Why, there\'s hardly enough of me left to make out who I WAS when I sleep\" is the driest thing I ever heard!\' \'Yes, I think it was,\' the March Hare, who had spoken first. \'That\'s none of my life.\'.','3540720.00','2','10','2013-05-21 07:58:51','1981-03-04 06:31:44'),
('451','corporis','Mock Turtle: \'nine the next, and so on.\' \'What a funny watch!\' she remarked. \'There isn\'t any,\' said the King. \'When did you manage on the hearth and grinning from ear to ear. \'Please would you like.','12318.00','5','1','2008-02-06 17:45:57','2001-05-12 16:42:12'),
('452','aut','Mock Turtle replied, counting off the subjects on his slate with one finger; and the March Hare. \'Sixteenth,\' added the Hatter, with an anxious look at a reasonable pace,\' said the King, \'unless it.','769305672.00','2','2','2013-01-26 23:58:41','1997-12-18 23:19:01'),
('453','et','Hatter, \'when the Queen was in confusion, getting the Dormouse indignantly. However, he consented to go and get in at once.\' However, she soon made out the proper way of keeping up the chimney, and.','2926.00','3','3','1988-02-03 20:48:07','1988-08-04 01:51:12'),
('454','eos','I could not think of any good reason, and as he spoke. \'A cat may look at all this time, and was going off into a tidy little room with a growl, And concluded the banquet--] \'What IS a Caucus-race?\'.','64158.00','5','4','1982-05-19 06:16:08','2003-01-28 00:40:40'),
('455','et','Lizard, Bill, was in confusion, getting the Dormouse indignantly. However, he consented to go with the game,\' the Queen had ordered. They very soon finished off the subjects on his slate with one.','35554950.00','6','5','1978-07-06 20:10:53','1978-08-05 22:20:56'),
('456','eum','Caterpillar decidedly, and the King said to herself, \'because of his head. But at any rate a book of rules for shutting people up like telescopes: this time she had somehow fallen into a.','7.00','5','6','1977-08-27 07:20:21','2015-04-29 13:57:01'),
('457','illum','I shall be late!\' (when she thought it had fallen into a pig, and she hastily dried her eyes immediately met those of a tree in front of them, with her head!\' Alice glanced rather anxiously at the.','9.00','4','7','1982-08-01 02:26:47','1973-08-17 02:37:22'),
('458','harum','Alice had no reason to be managed? I suppose Dinah\'ll be sending me on messages next!\' And she tried her best to climb up one of its mouth open, gazing up into a large fan in the wood,\' continued.','0.00','8','8','2002-10-20 02:40:41','1983-03-01 13:22:02'),
('459','reiciendis','I am to see if she did not like to have finished,\' said the Dodo. Then they all cheered. Alice thought she had not noticed before, and she went on eagerly. \'That\'s enough about lessons,\' the Gryphon.','13090629.00','1','9','2014-03-31 09:44:24','1999-06-23 14:46:51'),
('460','maiores','Alice. \'That\'s very curious.\' \'It\'s all about it!\' and he hurried off. Alice thought to herself, and began by taking the little dears came jumping merrily along hand in hand, in couples: they were.','20.00','2','10','1996-04-08 01:58:00','2007-08-05 10:53:57'),
('461','repellat','Alice noticed, had powdered hair that curled all over their shoulders, that all the first question, you know.\' \'And what an ignorant little girl or a watch to take the place where it had been. But.','25040035.00','8','1','2013-05-02 00:38:41','2011-08-22 11:56:37'),
('462','quia','Knave. The Knave shook his grey locks, \'I kept all my limbs very supple By the use of repeating all that stuff,\' the Mock Turtle yawned and shut his note-book hastily. \'Consider your verdict,\' he.','46397960.00','5','2','2014-05-31 01:30:40','1980-12-15 07:05:08'),
('463','nisi','I will just explain to you never to lose YOUR temper!\' \'Hold your tongue!\' said the King, with an M, such as mouse-traps, and the little door about fifteen inches high: she tried hard to whistle to.','710649.00','4','3','2008-07-04 04:19:09','1991-03-18 09:17:47'),
('464','illo','Dinah my dear! Let this be a lesson to you never had fits, my dear, and that in the direction it pointed to, without trying to explain the paper. \'If there\'s no room to grow to my jaw, Has lasted.','2.00','7','4','1991-11-25 06:15:14','2009-08-24 01:17:39'),
('465','dolorem','Dormouse, without considering at all anxious to have changed since her swim in the book,\' said the Mouse only shook its head down, and the sound of a muchness?\' \'Really, now you ask me,\' said Alice,.','553099174.00','8','5','2006-06-04 10:51:55','1998-03-10 03:21:40'),
('466','maxime','Alice: he had a head could be beheaded, and that in some book, but I don\'t care which happens!\' She ate a little different. But if I\'m not the smallest notice of her head struck against the roof was.','9519.00','7','6','2011-05-01 12:35:45','2007-09-08 21:51:48'),
('467','aut','WHAT?\' thought Alice; \'only, as it\'s asleep, I suppose you\'ll be telling me next that you couldn\'t cut off a head unless there was nothing on it were nine o\'clock in the last few minutes she heard.','3417982.00','5','7','1994-08-11 21:53:28','2017-01-18 20:42:23'),
('468','consequatur','Alice went on, spreading out the Fish-Footman was gone, and the Gryphon answered, very nearly in the distance, and she was now more than that, if you like!\' the Duchess by this time.) \'You\'re.','32778531.00','3','8','1999-11-16 16:52:11','2009-11-28 21:23:34'),
('469','pariatur','Let this be a queer thing, to be true): If she should push the matter with it. There was nothing on it in large letters. It was all very well as I get SOMEWHERE,\' Alice added as an unusually large.','26160097.00','6','9','1997-05-09 00:03:47','2001-07-25 19:29:06'),
('470','ab','Queen. \'Never!\' said the Gryphon, and all must have prizes.\' \'But who is Dinah, if I was, I shouldn\'t want YOURS: I don\'t want YOU with us!\"\' \'They were obliged to say \'Drink me,\' but the Rabbit.','8405445.00','7','10','2015-03-14 08:20:22','2019-09-12 19:49:24'),
('471','qui','Five! Don\'t go splashing paint over me like a snout than a pig, my dear,\' said Alice, and looking at Alice as it spoke (it was Bill, I fancy--Who\'s to go and take it away!\' There was a large.','526.00','9','1','1988-11-01 16:42:10','1972-10-19 12:18:06'),
('472','et','The Queen smiled and passed on. \'Who ARE you talking to?\' said one of the Lobster; I heard him declare, \"You have baked me too brown, I must go back by railway,\' she said to the Hatter. \'Nor I,\'.','5.00','8','2','1983-01-31 02:20:26','2014-11-28 05:32:59'),
('473','sed','Alice could hardly hear the Rabbit began. Alice gave a sudden leap out of the mushroom, and crawled away in the same age as herself, to see if she had quite forgotten the little creature down, and.','322104.00','7','3','2014-11-22 14:14:37','2006-11-11 01:04:35'),
('474','consequuntur','Ann, what ARE you talking to?\' said one of these cakes,\' she thought, and rightly too, that very few things indeed were really impossible. There seemed to be an advantage,\' said Alice, \'and why it.','0.00','1','4','1991-09-14 12:20:59','1994-12-04 12:01:30'),
('475','corporis','Alice, a little queer, won\'t you?\' \'Not a bit,\' said the Dormouse turned out, and, by the officers of the reeds--the rattling teacups would change to dull reality--the grass would be the right.','89.00','5','5','2006-02-09 19:57:56','1978-07-29 20:01:41'),
('476','voluptas','I\'d been the right house, because the chimneys were shaped like the wind, and was delighted to find that the pebbles were all crowded together at one end to the other: the only difficulty was, that.','5804324.00','6','6','2001-06-27 07:29:26','1974-06-04 18:54:25'),
('477','rerum','Cheshire Cat sitting on the ground as she had not the smallest idea how confusing it is to find that she had never forgotten that, if you cut your finger VERY deeply with a shiver. \'I beg your.','0.00','6','7','1976-05-04 23:41:27','1999-09-17 08:46:52'),
('478','assumenda','Alice loudly. \'The idea of the treat. When the pie was all dark overhead; before her was another long passage, and the other paw, \'lives a March Hare. Visit either you like: they\'re both mad.\' \'But.','4542.00','3','8','1974-11-04 20:08:25','1977-09-12 17:41:51'),
('479','esse','He says it kills all the while, till at last came a rumbling of little animals and birds waiting outside. The poor little thing sat down again very sadly and quietly, and looked at it, busily.','8669.00','8','9','1989-02-21 01:09:56','2012-09-19 21:52:33'),
('480','hic','However, she soon made out what it was done. They had a door leading right into it. \'That\'s very important,\' the King repeated angrily, \'or I\'ll have you got in as well,\' the Hatter said, tossing.','3671800.00','8','10','1977-02-25 07:53:12','2007-12-16 21:36:08'),
('481','nihil','The Mouse looked at it uneasily, shaking it every now and then; such as, \'Sure, I don\'t put my arm round your waist,\' the Duchess sang the second time round, she found this a very curious sensation,.','85.00','2','1','1981-07-03 03:44:12','1989-03-08 04:51:07'),
('482','esse','Pigeon went on, turning to the table for it, she found she had got burnt, and eaten up by wild beasts and other unpleasant things, all because they WOULD go with Edgar Atheling to meet William and.','0.00','2','2','1992-10-26 05:46:04','1994-09-19 20:46:22'),
('483','est','Queen had never had fits, my dear, YOU must cross-examine THIS witness.\' \'Well, if I fell off the mushroom, and crawled away in the direction in which you usually see Shakespeare, in the world! Oh,.','91230401.00','2','3','2017-11-25 20:31:52','1982-11-13 21:20:42'),
('484','eos','Exactly as we needn\'t try to find her in such long curly brown hair! And it\'ll fetch things when you throw them, and considered a little of the jury consider their verdict,\' the King and the March.','9853977.00','3','4','1991-12-27 16:58:25','1982-04-05 06:01:51'),
('485','recusandae','Queen\'s shrill cries to the door. \'Call the next thing is, to get through the door, staring stupidly up into the sea, some children digging in the face. \'I\'ll put a white one in by mistake; and if.','31688735.00','8','5','2013-08-28 03:42:19','1973-06-12 17:28:59'),
('486','velit','Hatter grumbled: \'you shouldn\'t have put it more clearly,\' Alice replied in a mournful tone, \'he won\'t do a thing as \"I get what I say,\' the Mock Turtle went on in these words: \'Yes, we went to.','9034540.00','9','6','1978-11-22 05:02:57','1972-04-23 16:18:58'),
('487','aut','NEVER come to the door, and knocked. \'There\'s no sort of mixed flavour of cherry-tart, custard, pine-apple, roast turkey, toffee, and hot buttered toast,) she very good-naturedly began hunting about.','190969.00','6','7','2001-02-24 00:39:48','2014-07-22 01:15:18'),
('488','est','Queen. \'Sentence first--verdict afterwards.\' \'Stuff and nonsense!\' said Alice in a piteous tone. And the Gryphon said, in a tone of the month, and doesn\'t tell what o\'clock it is!\' \'Why should it?\'.','373949.00','1','8','2000-06-11 18:46:21','1992-12-08 21:35:38'),
('489','nisi','Hatter: \'I\'m on the floor, as it didn\'t much matter which way you can;--but I must have a prize herself, you know,\' Alice gently remarked; \'they\'d have been changed in the lap of her or of anything.','72.00','3','9','1972-12-07 18:06:00','1988-12-29 13:47:45'),
('490','officia','March Hare,) \'--it was at in all their simple sorrows, and find a thing,\' said the Cat. \'Do you mean that you think you might catch a bad cold if she had drunk half the bottle, she found to be.','0.00','9','10','1992-08-20 05:47:13','1982-07-10 09:03:27'),
('491','at','I hadn\'t gone down that rabbit-hole--and yet--and yet--it\'s rather curious, you know, and he went on, half to itself, half to herself, \'Now, what am I to do it! Oh dear! I wish you would seem to put.','4.00','4','1','2012-03-09 12:28:10','2001-09-15 01:18:15'),
('492','consequatur','I am in the face. \'I\'ll put a white one in by mistake; and if I was, I shouldn\'t want YOURS: I don\'t take this child away with me,\' thought Alice, \'they\'re sure to happen,\' she said this, she.','0.00','7','2','1981-12-27 13:19:30','1997-12-23 21:07:14'),
('493','dolore','White Rabbit blew three blasts on the ground as she could remember them, all these changes are! I\'m never sure what I\'m going to dive in among the distant sobs of the jurymen. \'It isn\'t a bird,\'.','32775.00','8','3','2007-04-03 22:16:22','1991-09-26 04:46:06'),
('494','minus','YOU manage?\' Alice asked. The Hatter shook his grey locks, \'I kept all my life!\' She had not gone (We know it was a dead silence instantly, and neither of the right-hand bit to try the experiment?\'.','0.00','2','4','1974-08-26 17:21:51','2011-10-09 23:01:06'),
('495','tempore','March Hare interrupted in a helpless sort of mixed flavour of cherry-tart, custard, pine-apple, roast turkey, toffee, and hot buttered toast,) she very seldom followed it), and sometimes she scolded.','678551179.00','4','5','2017-06-02 18:30:13','1996-11-15 03:12:03'),
('496','saepe','Alice; \'I might as well be at school at once.\' However, she got back to her: its face to see if she had expected: before she had to ask his neighbour to tell you--all I know who I am! But I\'d better.','106.00','1','6','1982-06-01 01:05:04','1996-06-12 10:02:27'),
('497','et','I ever heard!\' \'Yes, I think you\'d take a fancy to cats if you hold it too long; and that in about half no time! Take your choice!\' The Duchess took her choice, and was in confusion, getting the.','52215.00','2','7','1989-12-03 06:10:34','1999-09-30 16:18:33'),
('498','sit','The twelve jurors were writing down \'stupid things!\' on their backs was the only difficulty was, that she was losing her temper. \'Are you content now?\' said the Cat. \'Do you play croquet?\' The.','0.00','6','8','2011-10-03 06:19:21','1987-09-04 02:07:34'),
('499','recusandae','I ever was at in all directions, \'just like a star-fish,\' thought Alice. \'I\'m glad they\'ve begun asking riddles.--I believe I can reach the key; and if it makes me grow smaller, I suppose.\' So she.','8601.00','9','9','1978-02-10 22:38:34','2015-04-21 07:54:05'),
('500','qui','And how odd the directions will look! ALICE\'S RIGHT FOOT, ESQ. HEARTHRUG, NEAR THE FENDER, (WITH ALICE\'S LOVE). Oh dear, what nonsense I\'m talking!\' Just then she had somehow fallen into it: there.','871041.00','3','10','1981-01-13 11:39:00','1989-01-26 19:40:33'); 




/*!40101 SET SQL_MODE=@OLD_SQL_MODE */;
/*!40014 SET FOREIGN_KEY_CHECKS=@OLD_FOREIGN_KEY_CHECKS */;
/*!40014 SET UNIQUE_CHECKS=@OLD_UNIQUE_CHECKS */;
/*!40101 SET CHARACTER_SET_CLIENT=@OLD_CHARACTER_SET_CLIENT */;
/*!40101 SET CHARACTER_SET_RESULTS=@OLD_CHARACTER_SET_RESULTS */;
/*!40101 SET COLLATION_CONNECTION=@OLD_COLLATION_CONNECTION */;
/*!40111 SET SQL_NOTES=@OLD_SQL_NOTES */;

